card_id,note_id,deck_id,deck_name,front,back,tags,acronym,examples,port,protocol,type,queue,due,interval,factor,reps,lapses,created_at
"1728575607281","ij?RAkuDIs_1","sy0-701-objective-1-1","1.1 Security Controls","M1-001: Which security control category does anti-virus software belong to?
A: Managerial
B: Operational
C: Technical
D: Physical",">> CORRECT: C | Technical

Technische Controls sind softwarebasierte oder hardwarebasierte Maßnahmen — AV-Software ist ein klassisches Beispiel.

 

 Merkhilfe: Technical = Technologie.","Security Controls Malicious Activity Indicators","","","","","2","2","20645","37","533","2","0","1777740526670"
"1728575671733","sm+ih%TAB9_1","sy0-701-objective-1-1","1.1 Security Controls","M1-002: OS policies that allow or disallow specific user permissions are an example of which control category?
A: Physical
B: Managerial
C: Operational
D: Technical",">> CORRECT: D | Technical

OS-Richtlinien (z.B. GPO, SELinux) sind technische Kontrollmechanismen. Technical Controls wirken direkt auf Systeme und Software.

 

 Merkhilfe: OS-Policies = Software → Technical. Was auf IT-Systemen läuft oder konfiguriert wird = Technical Control.","Security Controls","","","","","2","2","20608","2","3466","2","0","1777740526670"
"1728575802996","z%44>3&Bg&_1","sy0-701-objective-1-1","1.1 Security Controls","M1-003: Official written security policy documentation is an example of which control category?
A: Technical
B: Physical
C: Operational
D: Managerial",">> CORRECT: D | Managerial

Managerial Controls umfassen administrative Maßnahmen wie Richtlinien, Prozesse und Dokumentation.

 

 Merkhilfe: Management = Papierwelt.","Security Controls","","","","","2","2","20603","3","2895","3","1","1777740526670"
"1728575898815","wlN)Xy)aO|_1","sy0-701-objective-1-1","1.1 Security Controls","M1-004: Security awareness programs such as 'lunch and learns' are an example of which control category?
A: Technical
B: Managerial
C: Physical
D: Operational",">> CORRECT: D | Operational

Operational Controls sind personenbezogen und prozessorientiert — Schulungen, Awareness-Programme und tägliche Sicherheitspraktiken gehören dazu.

 

 Merkhilfe: Schulung = Menschen = Operational. Wo Menschen lernen oder handeln, ist es Operational.","Security Controls","","","","","2","2","20609","1","1857","2","1","1777740526670"
"1728575980498","yUQ/PCxXGY_1","sy0-701-objective-1-1","1.1 Security Controls","M1-005: A guard shack limiting physical access to a facility is an example of a Preventive control in which category?
A: Technical
B: Managerial
C: Operational
D: Physical",">> CORRECT: D | Physical

Physical Controls betreffen die physische Welt — Wachposten, Schlösser und Barrieren. Preventiv = blockiert den Zugang proaktiv.

 

 Merkhilfe: Wachposten = Mensch im physischen Raum → Physical. Kein Computer, keine Policy — ein Mensch an einem physischen Ort.","Security Controls","","","","","2","2","20608","1","2895","3","1","1777740526670"
"1728576003078","jx5Gs)Fure_1","sy0-701-objective-1-1","1.1 Security Controls","M1-006: Fences and locked doors preventing unauthorized entry are Preventive controls in which category?
A: Managerial
B: Operational
C: Technical
D: Physical",">> CORRECT: D | Physical

Physische Barrieren wie Zäune und Schlösser sind Physical Controls. Sie verhindern physischen Zugang — daher Preventive Control Type.

 

 Merkhilfe: Zaun & Schloss = anfassbar → Physical. Alles was man physisch berühren kann (und nicht digital ist) = Physical Control.","Security Controls","","","","","2","2","20609","1","1857","2","1","1777740526670"
"1728576047633","GyD<R4g76k_1","sy0-701-objective-1-1","1.1 Security Controls","M1-007: Limiting room access with a badge reader is an example of which control category?
A: Operational
B: Technical
C: Managerial
D: Physical",">> CORRECT: D | Physical

Badge-Reader kontrollieren physischen Zutritt — Physical Control. Da sie Zugang aktiv einschränken: Preventive Control Type.

 

 Merkhilfe: Badge-Reader = Gerät an der Tür = Physical. Das Gerät selbst ist physisch und sperrt einen physischen Eingang.","Security Controls","","","","","2","2","20602","3","1657","1","0","1777740526670"
"1728576145577","N~c}:fsUZ%_3","sy0-701-objective-1-1","1.1 Security Controls","M1-008: Which of the following is NOT one of the six security control types defined in CompTIA Security+ SY0-701?
A: Preventive
B: Compensating
C: Authoritative
D: Directive",">> CORRECT: C | Authoritative

Die sechs Control Types sind: Preventive, Deterrent, Detective, Corrective, Compensating, Directive. 'Authoritative' ist kein definierter Control Type.

 

 Merkhilfe: Die 6 Types: Preventive, Deterrent, Detective, Corrective, Compensating, Directive. 'Authoritative' kommt in CompTIA SY0-701 nicht vor.","Security Controls","","","","","2","2","20602","3","1657","1","0","1777740526670"
"1728576486606","s}cC6U{=#^_1","sy0-701-objective-1-1","1.1 Security Controls","M1-009: A firewall rule blocking unauthorized traffic is an example of which control type?
A: Detective
B: Corrective
C: Deterrent
D: Preventive",">> CORRECT: D | Preventive

Preventive Controls blockieren Ereignisse, bevor sie eintreten. Eine Firewall-Regel verhindert unerlaubten Zugriff aktiv — klassisches Preventive-Beispiel.

 

 Merkhilfe: Firewall BLOCK = verhindert vorher = Preventive. Wenn es aktiv stoppt/blockiert bevor etwas passiert → Preventive.","Security Controls","","","","","2","2","20602","3","1657","1","0","1777740526670"
"1728576531749","^~72=Ni*^_1","sy0-701-objective-1-1","1.1 Security Controls","M1-010: Checking identification before allowing people through an entry point is an Operational Preventive control. Which control type best describes this?
A: Compensating
B: Detective
C: Preventive
D: Corrective",">> CORRECT: C | Preventive

Die Identitätsprüfung verhindert unbefugten Zugang — Preventive. Der Kontext ist Operational, da Menschen (kein technisches System) die Kontrolle ausüben.

 

 Merkhilfe: ID-Prüfung verhindert unbefugten Einlass → Preventive. Erst checken, dann einlassen = Prävention vor dem Vorfall.","Security Controls","","","","","2","2","20602","3","1657","1","0","1777740526670"
"1728576557566","r8MCvD6mbP_1","sy0-701-objective-1-1","1.1 Security Controls","M1-011: A login screen warning banner stating 'Unauthorized access is prohibited' is a Technical control of which type?
A: Preventive
B: Directive
C: Corrective
D: Deterrent",">> CORRECT: D | Deterrent

Deterrent Controls schrecken durch Warnung ab, ohne direkt zu blockieren. Ein Splash-Screen-Warning ist Technical und Deterrent — er warnt, sperrt aber nicht.

 

 Merkhilfe: Warnung schreckt ab, sperrt aber nicht → Deterrent. Ein Banner ist eine Drohung, kein Schloss.","Security Controls","","","","","2","2","20605","5","1657","1","0","1777740526670"
"1728576798858","t%U.d{T8Xc_2","sy0-701-objective-1-1","1.1 Security Controls","M1-012: An onboarding policy that defines user security access levels is an example of a Preventive control in which category?
A: Technical
B: Physical
C: Managerial
D: Operational",">> CORRECT: C | Managerial

Onboarding-Policies sind administrative (Managerial) Maßnahmen. Sie definieren Zugriffsrechte schriftlich — Preventive, weil sie vorab Schaden verhindern.

 

 Merkhilfe: Policy = Papier = Managerial. Richtlinien werden von Management geschrieben und verwaltet, nicht von Technikern.","Security Controls","","","","","2","2","20620","14","1924","2","0","1777740526670"
"1728577258425","t}F1d4;hAG_1","sy0-701-objective-1-1","1.1 Security Controls","M1-013: HR policies that list demotion or termination as consequences for security violations are which type of Managerial control?
A: Corrective
B: Compensating
C: Deterrent
D: Detective",">> CORRECT: C | Deterrent

Deterrent Controls schrecken durch potenzielle Konsequenzen ab. Kündigungsandrohung ist ein klassisches Deterrent im Managerial-Bereich.

 

 Merkhilfe: Kündigung als Drohung schreckt ab → Deterrent. Konsequenzen ankündigen = abschrecken ohne aktiv zu sperren.","Security Controls","","","","","2","2","20605","5","1657","1","0","1777740526670"
"1728577295128","D8^p2{&;Ex_1","sy0-701-objective-1-1","1.1 Security Controls","M1-014: Using a reception desk to check in and direct visitors is an Operational control of which type?
A: Directive
B: Detective
C: Preventive
D: Deterrent",">> CORRECT: D | Deterrent

Ein Empfangsschalter schreckt unbefugte Besucher ab (Deterrent) ohne sie physisch aufzuhalten — Operational, da Menschen involviert sind.

 

 Merkhilfe: Empfang schreckt Unbekannte ab ohne sie zu sperren → Deterrent. Kein Zaun, nur eine soziale Barriere.","Security Controls","","","","","2","2","20608","2","3466","2","0","1777740526670"
"1728577400034","vQp~kA=Ln;_2","sy0-701-objective-1-1","1.1 Security Controls","M1-015: Warning signs threatening prosecution for trespassing are a Deterrent control in which category?
A: Operational
B: Technical
C: Managerial
D: Physical",">> CORRECT: D | Physical

Warnschilder auf dem Gelände sind Physical Controls — sie befinden sich in der physischen Welt und schrecken potenzielle Eindringlinge ab.

 

 Merkhilfe: Schild auf dem Grundstück = Physical. Zeichen und Schilder in der physischen Welt = Physical Control.","Security Controls","","","","","2","2","20605","5","1657","1","0","1777740526670"
"1728577609188","jWHz^phD=[_1","sy0-701-objective-1-1","1.1 Security Controls","M1-016: A system that automatically collects and reviews system logs to identify breaches is a Technical control of which type?
A: Preventive
B: Directive
C: Compensating
D: Detective",">> CORRECT: D | Detective

Detective Controls identifizieren Sicherheitsereignisse, nachdem sie eingetreten sind. Log-Sammlung ist ein klassisches Technical Detective Control.

 

 Merkhilfe: Logs sammeln = erkennen was passiert ist → Detective. Logfile = Detektiv-Notizbuch des Systems.","Security Controls","","","","","2","2","20605","5","1657","1","0","1777740526670"
"1728577652641","Elz[_db:gn_1","sy0-701-objective-1-1","1.1 Security Controls","M1-017: Scheduling regular reviews of login reports is a Managerial control of which type?
A: Corrective
B: Detective
C: Preventive
D: Compensating",">> CORRECT: B | Detective

Regelmäßige Login-Berichte analysieren, was passiert ist — Detective. Managerial, weil es ein administrativer Prozess ist.

 

 Merkhilfe: Berichte analysieren = nachträglich erkennen → Detective. Review = Rückblick auf das Vergangene.","Security Controls","","","","","2","2","20607","1","2900","2","1","1777740526670"
"1728577684600","b((@DyTj.L_1","sy0-701-objective-1-1","1.1 Security Controls","M1-018: Scheduling regular physical property patrols is an Operational control of which type?
A: Deterrent
B: Preventive
C: Detective
D: Corrective",">> CORRECT: C | Detective

Patrouillen erkennen Sicherheitsvorfälle durch Beobachtung — Detective. Operational, da Menschen die Maßnahme durchführen.

 

 Merkhilfe: Patrouille entdeckt Vorfälle → Detective. Herumgehen und schauen = erkennen, nicht verhindern.","Security Controls","","","","","0","0","37","1","2500","0","0","1777740526670"
"1728577715502","AgE~+Q{VE%_2","sy0-701-objective-1-1","1.1 Security Controls","M1-019: Motion detectors installed in secure areas are a Detective control in which category?
A: Technical
B: Operational
C: Managerial
D: Physical",">> CORRECT: D | Physical

Bewegungsmelder sind physische Geräte in der realen Welt — Physical Control. Sie erkennen Eindringlinge (Detective), verhindern sie aber nicht aktiv.

 

 Merkhilfe: Bewegungsmelder = Gerät in der physischen Welt → Physical. Elektronisch aber fest in der Realität angebracht.","Security Controls","","","","","0","0","38","1","2500","0","0","1777740526670"
"1728577866477","iNT[`Su028_2","sy0-701-objective-1-1","1.1 Security Controls","M1-020: Restoring encrypted backups to recover from a ransomware attack is a Corrective control in which category?
A: Physical
B: Operational
C: Managerial
D: Technical",">> CORRECT: D | Technical

Backup-Wiederherstellung ist ein technischer Vorgang — Technical. Corrective, weil es den Schaden eines aufgetretenen Vorfalls behebt.

 

 Merkhilfe: Backup-Wiederherstellung = IT-Vorgang = Technical. Daten wiederherstellen ist ein technischer Prozess.","Security Controls","","","","","0","0","41","1","2500","0","0","1777740526670"
"1728577900189","BzH4W06knd_1","sy0-701-objective-1-1","1.1 Security Controls","M1-021: Creating policies for reporting security incidents is a Managerial control of which type?
A: Directive
B: Detective
C: Corrective
D: Preventive",">> CORRECT: C | Corrective

Meldeprozesse korrigieren die Reaktion auf Vorfälle — Corrective. Managerial, da es sich um administrative Richtlinien handelt.

 

 Merkhilfe: Meldeprozess korrigiert die Reaktion auf Vorfälle → Corrective. Handeln nach dem Incident = Corrective.","Security Controls","","","","","0","0","42","1","2500","0","0","1777740526670"
"1728577946940","u)6#!Z^#hR_1","sy0-701-objective-1-1","1.1 Security Controls","M1-022: Contacting law enforcement after a security incident is an Operational control of which type?
A: Preventive
B: Deterrent
C: Detective
D: Corrective",">> CORRECT: D | Corrective

Strafverfolgungsbehörden einzuschalten reagiert auf einen eingetretenen Vorfall — Corrective. Operational, da Menschen die Handlung ausführen.

 

 Merkhilfe: Polizei rufen = nach dem Vorfall reagieren → Corrective. Reaktion auf eingetretenen Incident = Corrective.","Security Controls","","","","","0","0","43","1","2500","0","0","1777740526670"
"1728577973552","fVTsP[7`2s_2","sy0-701-objective-1-1","1.1 Security Controls","M1-023: Using a fire extinguisher to extinguish a fire is a Corrective control in which category?
A: Technical
B: Managerial
C: Operational
D: Physical",">> CORRECT: D | Physical

Ein Feuerlöscher ist ein physisches Gerät — Physical Control. Er korrigiert (Corrective) einen aktiven Schadensfall.

 

 Merkhilfe: Feuerlöscher = Gerät in der physischen Welt → Physical. Feuer löschen = Corrective, aber das Gerät selbst = Physical.","Security Controls","","","","","0","0","44","1","2500","0","0","1777740526670"
"1728578225454","KGrgjD)}l5_2","sy0-701-objective-1-1","1.1 Security Controls","M1-024: Blocking all traffic from a vulnerable application via a firewall rule until a patch is available is a Compensating control in which category?
A: Physical
B: Managerial
C: Operational
D: Technical",">> CORRECT: D | Technical

Die Firewall-Regel ist eine technische Maßnahme — Technical. Compensating, weil sie eine fehlende Kontrolle (noch nicht gepatchtes System) vorübergehend ersetzt.

 

 Merkhilfe: Firewall-Regel = technische Maßnahme = Technical. Firewall = IT-System → immer Technical Control.","Security Controls","","","","","0","0","48","1","2500","0","0","1777740526670"
"1728578357454","k,{86(}l~._2","sy0-701-objective-1-1","1.1 Security Controls","M1-025: Separating duties between individuals to prevent excessive access is a Compensating control in which category?
A: Technical
B: Operational
C: Physical
D: Managerial",">> CORRECT: D | Managerial

Aufgabentrennung (Separation of Duties) ist eine administrative Maßnahme — Managerial. Compensating, weil sie das Risiko durch alternative Kontrolle reduziert.

 

 Merkhilfe: Aufgabentrennung = organisatorische Policy = Managerial. Eine Management-Entscheidung, kein technisches System.","Security Controls","","","","","0","0","49","1","2500","0","0","1777740526670"
"1728578398808","eP1oAdxXcC_2","sy0-701-objective-1-1","1.1 Security Controls","M1-026: Requiring multiple security staff members so no single person handles all duties is a Compensating control in which category?
A: Managerial
B: Physical
C: Operational
D: Technical",">> CORRECT: C | Operational

Mehrere Sicherheitsmitarbeiter einzusetzen ist ein menschlicher Prozess — Operational. Compensating, weil fehlende Einzelkontrolle durch Team-Überwachung ausgeglichen wird.

 

 Merkhilfe: Mehrere Wachleute = Menschen = Operational. Wenn Menschen eine Aufgabe teilen, ist es Operational.","Security Controls","","","","","0","0","50","1","2500","0","0","1777740526670"
"1728578427113","h<dKx,gSSA_2","sy0-701-objective-1-1","1.1 Security Controls","M1-027: Installing a backup power generator is a Compensating control in which category?
A: Managerial
B: Operational
C: Technical
D: Physical",">> CORRECT: D | Physical

Ein Generator ist ein physisches Gerät — Physical Control. Er kompensiert (Compensating) den Ausfall der primären Stromversorgung.

 

 Merkhilfe: Generator = großes Gerät in der Realität = Physical. Physische Maschinen in der echten Welt = Physical Controls.","Security Controls Resilience and Recovery","","","","","0","0","51","1","2500","0","0","1777740526670"
"1728578626914","G{8<^O|_%<_1","sy0-701-objective-1-1","1.1 Security Controls","M1-028: Instructing staff to save sensitive files in password-protected folders is a Technical control of which type?
A: Compensating
B: Corrective
C: Preventive
D: Directive",">> CORRECT: D | Directive

Directive Controls lenken Benutzer zu sichererem Verhalten. Die Anweisung ist Technical (Passwortschutz), Directive (es gibt eine Verhaltensrichtlinie).

 

 Merkhilfe: Anweisung lenkt Verhalten → Directive. 'Speichere Dateien so...' = Directive (Anleitung, kein Verbot).","Security Controls","","","","","0","0","54","1","2500","0","0","1777740526670"
"1728578658721","Kp;#)gyNtG_1","sy0-701-objective-1-1","1.1 Security Controls","M1-029: Creating compliance policies and procedures is a Managerial control of which type?
A: Detective
B: Corrective
C: Compensating
D: Directive",">> CORRECT: D | Directive

Compliance-Richtlinien weisen Mitarbeiter auf gewünschtes Verhalten hin — Directive. Managerial, da sie administrative Dokumente sind.

 

 Merkhilfe: Compliance-Richtlinien leiten Personal an → Directive. Policy = Directive wenn sie Verhalten anleitet statt blockiert.","Security Controls","","","","","0","0","55","1","2500","0","0","1777740526670"
"1728578702367","jVcX>PcW/s_1","sy0-701-objective-1-1","1.1 Security Controls","M1-030: Training employees to follow security policies is an Operational control of which type?
A: Preventive
B: Detective
C: Directive
D: Corrective",">> CORRECT: C | Directive

Schulungen leiten Mitarbeiter zu sicherem Verhalten an — Directive. Operational, da es sich um eine menschliche, prozessorientierte Maßnahme handelt.

 

 Merkhilfe: Training zeigt wie man es richtig macht → Directive. Schulung = Anleitung = Directive, nicht Preventive.","Security Controls","","","","","0","0","56","1","2500","0","0","1777740526670"
"1728578743324","d1NFu2C+^(_2","sy0-701-objective-1-1","1.1 Security Controls","M1-031: Posting a sign on a restricted area door is a Directive control in which category?
A: Managerial
B: Technical
C: Operational
D: Physical",">> CORRECT: D | Physical

Ein physisches Schild in der realen Umgebung ist Physical Control. Es weist an (Directive), ohne aktiv zu sperren.

 

 Merkhilfe: Schild an Tür = physisch = Physical. Papier oder Schild an einer physischen Tür = Physical Control.","Security Controls","","","","","0","0","57","1","2500","0","0","1777740526670"
"1728580188327","Eo=6``?.2Z_2","sy0-701-objective-1-2","1.2 Security Concepts","M1-032: Which technique primarily ensures Confidentiality by making data unreadable to unauthorized parties?
A: Hashing
B: Redundancy
C: Encryption
D: Tokenization",">> CORRECT: C | Encryption

Verschlüsselung macht Daten für Unbefugte unlesbar — primäre Methode für Confidentiality. Hashing dient der Integrität, nicht der Vertraulichkeit.

 

 Merkhilfe: Verschlüsselung macht Daten unlesbar → Confidentiality. En-crypt = ver-schlüsseln = Geheimhaltung.","Security Concepts Cryptographic Solutions","","","","","0","0","64","1","2500","0","0","1777740526670"
"1728580341002","xn2Jd|^>bM_2","sy0-701-objective-1-2","1.2 Security Concepts","M1-033: Implementing Access Controls to allow only authorized users to view a resource primarily supports which element of the CIA Triad?
A: Integrity
B: Availability
C: Confidentiality
D: Non-repudiation",">> CORRECT: C | Confidentiality

Access Controls schränken ein, wer Daten sehen darf — das ist Confidentiality. Integrität betrifft Unverändertheit, Availability betrifft Erreichbarkeit.

 

 Merkhilfe: Nur Berechtigte sehen Daten → Confidentiality. Access Control = wer darf sehen = Vertraulichkeit.","Security Concepts","","","","","0","0","67","1","2500","0","0","1777740526670"
"1728580721902","p!_t)a].wa_3","sy0-701-objective-1-2","1.2 Security Concepts","M1-034: Which technology combines with a Digital Signature to verify the identity of a device or individual?
A: Firewall rules
B: Rainbow Tables
C: Certificates
D: Salting",">> CORRECT: C | Certificates

Zertifikate binden eine Public Key an eine Identität und ergänzen die digitale Signatur zur Identitätsverifikation. Ausgestellt von einer Certificate Authority.

 

 Merkhilfe: Zertifikat = Ausweis für den Public Key. Digital Signature + Zertifikat = Identität nachweisen.","Security Concepts","","","","","0","0","72","1","2500","0","0","1777740526670"
"1728580833593","Qc&#exfji&_2","sy0-701-objective-1-2","1.2 Security Concepts","M1-035: Which concept involves building systems with duplicate components to ensure they remain operational at all times?
A: Patching
B: Redundancy
C: Encryption
D: Tokenization",">> CORRECT: B | Redundancy

Redundanz = Doppelauslegung kritischer Komponenten, um Ausfälle zu verhindern. Unterstützt Availability im CIA-Triad.

 

 Merkhilfe: Redundanz = immer ein Backup.","Security Concepts Resilience and Recovery","","","","","0","0","74","1","2500","0","0","1777740526670"
"1728580937868","L*Wd6zR<0}_4","sy0-701-objective-1-2","1.2 Security Concepts","M1-036: Which ongoing process maintains system Availability by closing security vulnerabilities and fixing bugs?
A: Hashing
B: Key Rotation
C: Patching
D: Tokenization",">> CORRECT: C | Patching

Patching hält Systeme stabil und sicher, indem bekannte Schwachstellen geschlossen werden — direkte Unterstützung von Availability und Integrity.

 

 Merkhilfe: Kein Patch → Lücke → Ausfall. Patching hält Systeme stabil und verfügbar → Availability.","Security Concepts","","","","","0","0","76","1","2500","0","0","1777740526670"
"1728581032043","[uN+rhB.T_2","sy0-701-objective-1-2","1.2 Security Concepts","M1-037: Which security property ensures that a sender cannot later deny having sent a message?
A: Availability
B: Confidentiality
C: Integrity
D: Non-repudiation",">> CORRECT: D | Non-repudiation

Non-repudiation = Unleugbarkeit. Der Sender kann nicht abstreiten, eine Nachricht gesendet zu haben, da seine digitale Signatur beweisbar ist.

 

 Merkhilfe: Non = Nicht, Repudiation = Ablehnen. Nicht-Ablehnen = du kannst nicht sagen 'ich war's nicht'.","Security Concepts","","","","","0","0","77","1","2500","0","0","1777740526670"
"1728581130351","Q8YZ!$R/0U_2","sy0-701-objective-1-2","1.2 Security Concepts","M1-038: Which concept is analogous to a handwritten signature on a legal contract, providing proof that a specific party agreed to something?
A: Encryption
B: Hashing
C: Non-repudiation
D: Access Control",">> CORRECT: C | Non-repudiation

Non-repudiation entspricht einer Unterschrift: beweisbar, nicht abstreitbar. Digitale Signaturen sind die technische Umsetzung in der IT.

 

 Merkhilfe: Digitale Unterschrift wie echte Unterschrift: bindend und beweisbar. Non-repudiation = Unleugbarkeit.","Security Concepts Cryptographic Solutions","","","","","0","0","78","1","2500","0","0","1777740526670"
"1728581175475","g8[|G%+dMM_1","sy0-701-objective-1-2","1.2 Security Concepts","M1-039: In cryptography, Non-repudiation provides Proof of Integrity and Proof of Origin with high assurance of which property?
A: Availability
B: Confidentiality
C: Redundancy
D: Authenticity",">> CORRECT: D | Authenticity

Authentizität stellt sicher, dass Daten wirklich vom angegebenen Sender stammen. Non-repudiation kombiniert Integrität + Herkunftsbeweis + Authentizität.

 

 Merkhilfe: Authentizität = 'ist es echt?'. Integrität (unverändert) + Herkunft (vom richtigen Absender) → authentisch.","Security Concepts Cryptographic Solutions","","","","","0","0","79","1","2500","0","0","1777740526670"
"1728581211819","htwoql5(S[_2","sy0-701-objective-1-2","1.2 Security Concepts","M1-040: Which Non-repudiation component confirms that data has not been altered since it was created?
A: Proof of Availability
B: Proof of Origin
C: Proof of Integrity
D: Proof of Access",">> CORRECT: C | Proof of Integrity

Proof of Integrity = Nachweis, dass Daten unverändert sind. Realisiert durch Hashing. Proof of Origin = wer es gesendet hat (anderer Aspekt).

 

 Merkhilfe: Proof of Integrity = Beweis dass nichts geändert wurde → Hash-Vergleich. Unverändert = integer.","Security Concepts Cryptographic Solutions","","","","","0","0","80","1","2500","0","0","1777740526670"
"1728581264271","q|n$=Z;g.!_2","sy0-701-objective-1-2","1.2 Security Concepts","M1-041: Which Non-repudiation component allows a receiver to verify where data originated from?
A: Proof of Integrity
B: Proof of Availability
C: Proof of Encryption
D: Proof of Origin",">> CORRECT: D | Proof of Origin

Proof of Origin = Herkunftsnachweis. Digitale Signaturen mit asymmetrischer Kryptografie ermöglichen den Nachweis, wer Daten gesendet hat.

 

 Merkhilfe: Origin = Herkunft. Proof of Origin = woher kommt es? → Digitale Signatur mit Private Key.","Security Concepts Cryptographic Solutions","","","","","0","0","81","1","2500","0","0","1777740526670"
"1728581355781","i{t5@^ivsc_1","sy0-701-objective-1-2","1.2 Security Concepts","M1-042: Which cryptographic mechanism is primarily used to verify data integrity?
A: Symmetric encryption
B: Key escrow
C: Digital certificate
D: Hash",">> CORRECT: D | Hash

Hashes erzeugen einen Fingerabdruck der Daten. Jede Änderung führt zu einem anderen Hash — damit wird Integrität nachgewiesen.

 

 Merkhilfe: Hash = Fingerabdruck. Ändert sich ein Bit, ändert sich der ganze Hash → Integritätsprüfung.","Security Concepts","","","","","0","0","82","1","2500","0","0","1777740526670"
"1728581458148","sP*!$mPy`6_4","sy0-701-objective-1-2","1.2 Security Concepts","M1-043: What is a short fixed-length value derived from arbitrary-length input data, sometimes called a 'message digest' or 'fingerprint'?
A: Salt
B: Session key
C: Digital signature
D: Hash",">> CORRECT: D | Hash

Ein Hash ist eine kryptografische Prüfsumme fester Länge. Unabhängig von der Eingabegröße ist die Ausgabe immer gleich lang (z.B. SHA-256 = 256 Bit).

 

 Merkhilfe: Egal wie groß die Datei: SHA-256 → immer 256 Bit. Hash = feste Ausgabelänge, variable Eingabe.","Security Concepts","","","","","0","0","83","1","2500","0","0","1777740526670"
"1728581782664","hl9R.c:&Rc_1","sy0-701-objective-1-2","1.2 Security Concepts","M1-044: Proof of Origin in the context of Non-repudiation is sometimes also referred to as what?
A: Authorization
B: Accounting
C: Authentication
D: Availability",">> CORRECT: C | Authentication

Authentication = Nachweis der Identität des Senders. Im Non-repudiation-Kontext ist Proof of Origin gleichbedeutend mit Authentication — wer hat es wirklich gesendet?

 

 Merkhilfe: Origin = wer hat es geschickt? = Authentication. Herkunftsnachweis = Identitätsnachweis des Senders.","Security Concepts Cryptographic Solutions","","","","","0","0","88","1","2500","0","0","1777740526670"
"1728582010811","gxC@v^:|q:_2","sy0-701-objective-1-2","1.2 Security Concepts","M1-045: To verify a digital signature, the recipient uses which key to decrypt the message hash?
A: Recipient's private key
B: Shared symmetric key
C: Session key
D: Sender's public key",">> CORRECT: D | Sender's public key

Der Sender signiert mit seinem Private Key. Der Empfänger verifiziert mit dem Public Key des Senders. Public Key kann von jedem genutzt werden — daher öffentlich.

 

 Merkhilfe: Signiert mit Private Key → verifiziert mit Public Key. Sender's Public Key = Schlüssel zum Prüfen.","Security Concepts","","","","","0","0","90","1","2500","0","0","1777740526670"
"1728582261940","m`pp,C<k0m_3","sy0-701-objective-1-2","1.2 Security Concepts","M1-046: In security, the acronym AAA stands for Authentication, Authorization, and what?
A: Assessment
B: Availability
C: Accounting
D: Assurance",">> CORRECT: C | Accounting

AAA = Authentication (Wer bist du?), Authorization (Was darfst du?), Accounting (Was hast du getan?). Accounting = Protokollierung aller Aktivitäten.

 

 Merkhilfe: AAA = Wer bist du? / Was darfst du? / Was hast du getan? Die dritte A = Accounting = Protokollierung.","Security Concepts Identity and Access Management","","","","","0","0","92","1","2500","0","0","1777740526670"
"1728582344236","qL9jDlCS68_1","sy0-701-objective-1-2","1.2 Security Concepts","M1-047: In the AAA framework, which component determines what resources an already-authenticated user is permitted to access?
A: Accounting
B: Authentication
C: Auditing
D: Authorization",">> CORRECT: D | Authorization

Authorization = Berechtigungsprüfung nach der Identifikation. Erst Authentication (Wer bist du?), dann Authorization (Was darfst du?). Accounting protokolliert das Ergebnis.

 

 Merkhilfe: Auth-n = Wer? Auth-z = Was darf? Authorization = nach dem Login bestimmen was erlaubt ist.","Security Concepts Identity and Access Management","","","","","0","0","94","1","2500","0","0","1777740526670"
"1728582379407","yS};DQJMW-_2","sy0-701-objective-1-2","1.2 Security Concepts","M1-048: In the AAA framework, which component records the activities performed by an authenticated and authorized user?
A: Authorization
B: Authentication
C: Accounting
D: Access Control",">> CORRECT: C | Accounting

Accounting (auch Auditing) protokolliert, was ein Benutzer getan hat. Dient der Nachvollziehbarkeit und Forensik.

 

 Merkhilfe: Accounting = Protokollbuch.","Security Concepts","","","","","0","0","95","1","2500","0","0","1777740526670"
"1728582662217","A~P_014{Dn_1","sy0-701-objective-1-2","1.2 Security Concepts","M1-049: To authenticate a device (rather than a user) to a network resource, which mechanism is commonly used?
A: Username and password
B: PIN
C: Biometric scan
D: Digitally signed certificate",">> CORRECT: D | Digitally signed certificate

Geräte-Authentifizierung erfolgt über digitale Zertifikate, die von einer CA ausgestellt werden. Username/Passwort und Biometrie sind Methoden für Benutzer.

 

 Merkhilfe: Geräte haben kein Passwort-Gehirn → Zertifikat als Ausweis. Certificate = Geräte-Identitätsnachweis.","Security Concepts","","","","","0","0","96","1","2500","0","0","1777740526670"
"1728582727897","IVa-YaG&RG_1","sy0-701-objective-1-2","1.2 Security Concepts","M1-050: Which trusted third-party entity must be present to enable the use of digitally signed certificates for authentication?
A: RADIUS server
B: Certificate Authority
C: LDAP directory
D: Key escrow service",">> CORRECT: B | Certificate Authority

Eine Certificate Authority (CA) signiert und verwaltet Zertifikate. Ohne vertrauenswürdige CA keine vertrauenswürdigen Zertifikate.

 

 Merkhilfe: CA = Notar der digitalen Welt. Zertifikate ohne CA-Signatur = nicht vertrauenswürdig.","Security Concepts","","","","","0","0","97","1","2500","0","0","1777740526670"
"1728594503878","iK>xX:0Fui_1","sy0-701-objective-1-2","1.2 Security Concepts","M1-051: A Gap Analysis should evaluate which two primary areas of an organization?
A: Hardware and Software
B: People and Processes
C: Policies and Procedures
D: Networks and Applications",">> CORRECT: B | People and Processes

Gap Analysis betrachtet sowohl People (Qualifikationen, Training) als auch Processes (bestehende IT-Systeme, Sicherheitsrichtlinien) um den aktuellen Stand zu ermitteln.

 

 Merkhilfe: Gap Analysis sucht Lücken in Menschen & Prozessen (nicht nur Technik). People + Process = die zwei Hauptbereiche.","Security Concepts","","","","","0","0","108","1","2500","0","0","1777740526670"
"1728595373661","z.uZM!|p:E_3","sy0-701-objective-1-2","1.2 Security Concepts","M1-052: Which security model requires every user, device, and process to authenticate each time they request access to a resource, regardless of network location?
A: Defense in Depth
B: Zero Trust
C: Need to Know
D: Least Privilege",">> CORRECT: B | Zero Trust

Zero Trust = 'Vertraue niemandem, verifiziere alles'. Kein implizites Vertrauen aufgrund von Netzwerkzugehörigkeit. Jeder Zugriff wird neu geprüft.

 

 Merkhilfe: Zero Trust = niemandem vertrauen, alles verifizieren. 'Never trust, always verify' ist das Motto.","Security Concepts Identity and Access Management","","","","","0","0","113","1","2500","0","0","1777740526670"
"1728595471351","BzK5$#U9XE_1","sy0-701-objective-1-2","1.2 Security Concepts","M1-053: Im Zero Trust werden Sicherheitsfunktionen laut SY0-701 Obj 1.2 in welche zwei ""Planes"" aufgeteilt?
A: Security zones
B: Trust segments
C: Control Plane und Data Plane
D: Functional planes",">> CORRECT: C | Control Plane und Data Plane

SY0-701 Obj 1.2 listet explizit nur zwei Planes (PDF S. 4): Control Plane (Adaptive identity, Policy Administrator, Policy Engine) und Data Plane (Implicit trust zones, Subject/System, Policy Enforcement Point). Es gibt KEINEN Umbrella-Begriff ""Functional planes"" im PDF.

Merkhilfe: Zwei Planes, nicht ""functional planes"". Control = entscheidet, Data = setzt durch.","Security Concepts","","","","","0","0","114","1","2500","0","0","1777740526670"
"1728595624204","vg-^Hauo;O_1","sy0-701-objective-1-2","1.2 Security Concepts","M1-054: In Zero Trust architecture, which plane handles the actual processing and forwarding of data across the network (e.g., routers, switches)?
A: Management Plane
B: Control Plane
C: Policy Plane
D: Data Plane",">> CORRECT: D | Data Plane

Data Plane = Geräte, die Daten tatsächlich verarbeiten und weiterleiten (Switches, Router). Control Plane = Verwaltung der Weiterleitungsregeln.

 

 Merkhilfe: Data Plane = wo Daten wirklich fließen und verarbeitet werden. Control Plane steuert, Data Plane arbeitet.","Security Concepts","","","","","0","0","116","1","2500","0","0","1777740526670"
"1728596210594","y,6%8%>1;+_2","sy0-701-objective-1-2","1.2 Security Concepts","M1-055: In Zero Trust, which concept refers to minimizing the number of potential entry points an attacker could exploit?
A: Adaptive Identity
B: Microsegmentation
C: Threat Scope Reduction
D: Policy-Driven Access Control",">> CORRECT: C | Threat Scope Reduction

Threat Scope Reduction = Angriffsfläche verkleinern. Weniger Einstiegspunkte = weniger Angriffsmöglichkeiten. Direkt verknüpft mit dem Zero Trust Prinzip.

 

 Merkhilfe: Weniger Angriffsfläche = kleinerer Scope. Attack Surface reduzieren = Threat Scope Reduction.","Security Concepts Architecture Models","","","","","0","0","119","1","2500","0","0","1777740526670"
"1728596360560","P*u42tb}5F_1","sy0-701-objective-1-2","1.2 Security Concepts","M1-056: In Zero Trust, which mechanism evaluates multiple context factors (location, device type, relationship to org) when deciding whether to grant access?
A: Policy Enforcement Point
B: Policy-Driven Access Control
C: Threat Scope Reduction
D: Adaptive Identity",">> CORRECT: D | Adaptive Identity

Adaptive Identity berücksichtigt viele Kontextfaktoren bei der Identitätsprüfung — IP-Adresse, Standort, Verbindungstyp, Beziehung zur Ressource etc.

 

 Merkhilfe: Adaptiv = passt sich an. Identity + Kontext (Ort, Zeit, Gerät) = Adaptive Identity.","Security Concepts","","","","","0","0","120","1","2500","0","0","1777740526670"
"1728596420109","CZYjE4ATCx_1","sy0-701-objective-1-2","1.2 Security Concepts","M1-057: Which Zero Trust component combines Adaptive Identity with predefined rules to determine the required authentication method?
A: Policy Engine
B: Policy-Driven Access Control
C: Policy Administrator
D: Policy Enforcement Point",">> CORRECT: B | Policy-Driven Access Control

Policy-Driven Access Control kombiniert Adaptive Identity mit Regelwerk — es entscheidet, welche Authentifizierungsmethode für einen bestimmten Kontext notwendig ist.

 

 Merkhilfe: Policy = Regeln. Adaptive Identity + Regeln = Policy-Driven Access Control.","Security Concepts","","","","","0","0","121","1","2500","0","0","1777740526670"
"1728596991068","iJ__2A*95?_2","sy0-701-objective-1-2","1.2 Security Concepts","M1-058: In Zero Trust, the Policy Enforcement Point (PEP) evaluates traffic and forwards the decision request to which Control Plane component?
A: Policy Administrator
B: Policy Engine
C: Policy Decision Point (PDP)
D: Authentication Server",">> CORRECT: B | Policy Engine

Im SY0-701-Vokabular (Obj 1.2) besteht der Control Plane aus Adaptive identity, Threat scope reduction, Policy-driven access control, Policy Administrator und Policy Engine. Die Policy Engine ist die Entscheidungs-Komponente (NIST SP 800-207 §2.2: ""This component is responsible for the ultimate decision to grant access to a resource""); der Policy Administrator setzt die Entscheidung um. Der PEP (Data Plane) leitet die Anfrage an diese Control-Plane-Komponenten weiter.

Merkhilfe: PE entscheidet, PA setzt um, PEP setzt durch. ""PDP"" ist NIST-SP-800-207-Sprache nicht enthalten und steht NICHT im SY0-701-Objective - typischer Distraktor.","Security Concepts","","","","","0","0","123","1","2500","0","0","1777740526670"
"1728597125561","J.T5rc{N{/_1","sy0-701-objective-1-2","1.2 Security Concepts","M1-059: In Zero Trust architecture, which component holds the rules and policies that determine whether traffic should be allowed?
A: Policy Administrator
B: Policy Enforcement Point
C: Policy Engine
D: Authentication Proxy",">> CORRECT: C | Policy Engine

Policy Engine = Regelbasis des Zero Trust Systems. Enthält alle Richtlinien. Sendet Entscheidungen an den Policy Administrator weiter.

 

 Merkhilfe: Engine = Motor der Regeln. Policy Engine enthält die Entscheidungslogik des Zero Trust Systems.","Security Concepts Identity and Access Management","","","","","0","0","126","1","2500","0","0","1777740526670"
"1728597165153","e&i$H>]e[*_1","sy0-701-objective-1-2","1.2 Security Concepts","M1-060: In Zero Trust, which component manages authentication/authorization information and communicates decisions to the Policy Enforcement Point?
A: Policy Engine
B: Policy Administrator
C: Policy Decision Point
D: Trust Broker",">> CORRECT: B | Policy Administrator

Policy Administrator kommuniziert die Entscheidungen des Policy Engine an den PEP. Er ist die 'Ausführungsinstanz' zwischen Regelwerk und Durchsetzungspunkt.

 

 Merkhilfe: Policy Administrator verwaltet Policies und Authentication-Infos. Bindeglied zwischen Engine und Enforcement.","Security Concepts","","","","","0","0","127","1","2500","0","0","1777740526670"
"1728597672323","vzlmlqa09(_1","sy0-701-objective-1-2","1.2 Security Concepts","M1-061: Which physical security control uses an enclosed entry area with interlocking doors to manage and control access to a facility?
A: Bollard
B: Mantrap
C: Access Control Vestibule
D: Faraday cage",">> CORRECT: C | Access Control Vestibule

Access Control Vestibule (auch Mantrap) = Schleuse mit zwei Türen. Nur wenn die erste Tür geschlossen ist, öffnet die zweite. Verhindert Tailgating.

 

 Merkhilfe: Vestibül = Schleuse. Zwei Türen die nicht gleichzeitig offen sein können = Mantrap / Access Control Vestibule.","Security Concepts","","","","","0","0","132","1","2500","0","0","1777740526670"
"1728598075567","EAyb-ETh)=_1","sy0-701-objective-1-2","1.2 Security Concepts","M1-062: Which capability do some video surveillance systems provide to detect intruders automatically?
A: Facial synthesis
B: Thermal mapping
C: Motion detection
D: RF triangulation",">> CORRECT: C | Motion detection

Bewegungserkennung (Motion Detection) ist eine verbreitete CCTV-Funktion. Löst Alarme aus, wenn Bewegung im gesicherten Bereich erkannt wird.

 

 Merkhilfe: Motion Detection = Bewegungserkennung. Moderne Kameras erkennen Bewegung automatisch und schlagen Alarm.","Security Concepts","","","","","0","0","139","1","2500","0","0","1777740526670"
"1728598202804","MrGm@(Qst{_3","sy0-701-objective-1-2","1.2 Security Concepts","M1-063: Welche physische Sicherheits-Massnahme aus SY0-701 Obj 1.2 verhindert, dass eine einzelne Person unbemerkt einen gesicherten Bereich betritt (Mantrap-Prinzip)?
A: Bollards
B: Access control vestibule
C: Fencing
D: Security guard",">> CORRECT: B | Access control vestibule

Ein Access control vestibule (klassisch ""Mantrap"") ist eine kleine Schleuse mit zwei Tueren, die sequenziell entriegeln - verhindert Tailgating und Einzeldurchgaenge ohne Authentifizierung. Steht explizit im SY0-701 Obj 1.2 Physical security.

Merkhilfe: Vestibule = Vorraum/Schleuse. Bollards = Poller gegen Fahrzeuge. Fencing = Aussen-Perimeter. Security guard = menschliche Kontrolle.
Hinweis: ""Two-person Integrity"" / ""Dual Control"" sind Industrie-Begriffe (z.B. NSA-Kryptoschluessel-Procedures), aber NICHT im SY0-701-Objective.","Security Concepts","","","","","0","0","142","1","2500","0","0","1777740526670"
"1728598803945","Ab|3ldH3YQ_3","sy0-701-objective-1-2","1.2 Security Concepts","M1-064: Which deception technology consists of files that appear to contain sensitive data but actually contain fake or trap information to detect unauthorized access?
A: Honeynets
B: Honeypots
C: Honeyfiles
D: Honeytokens",">> CORRECT: C | Honeyfiles

Honeyfiles = Lockdateien mit gefälschtem Inhalt. Werden sie geöffnet oder kopiert, lösen sie Alarm aus. Honeypots = gefälschte Systeme, Honeynets = gefälschte Netzwerke.

 

 Merkhilfe: Honey = Honig = Köder. Honeyfiles sind Köder-Dateien die Angreifer anlocken und verraten.","Security Concepts","","","","","0","0","153","1","2500","0","0","1777740526670"
"1728664841112","F^jIpy9kuP_1","sy0-701-objective-1-3","1.3 Change Management","M1-065: In Change Management, which group consists of individuals or departments directly affected by a proposed change?
A: Change Advisory Board
B: Change Owners
C: Stakeholders
D: Risk Committee",">> CORRECT: C | Stakeholders

Stakeholders = betroffene Parteien, die Einfluss auf oder Interesse an der Änderung haben. Change Owner = verwaltet den Prozess. CAB = genehmigt Änderungen.

 

 Merkhilfe: Stakeholder = Interessengruppe. Bei Änderungen müssen alle Betroffenen einbezogen werden.","Change Management Risk Management","","","","","0","0","157","1","2500","0","0","1777740526670"
"1728665267982","ch1vINu0lv_2","sy0-701-objective-1-3","1.3 Change Management","M1-066: What Change Management document enables a team to revert a system to its prior state if a change causes unexpected problems?
A: Impact Analysis
B: Change Request
C: Rollback Procedure
D: Backout Plan",">> CORRECT: D | Backout Plan

Backout Plan = Rücknahmeplan für Änderungen, die schiefgehen. Vor jeder Änderung erstellt, um schnelles Rollback zu ermöglichen. Auch 'Rollback Plan' genannt.

 

 Merkhilfe: Backout = zurück raus. Plan B für wenn das Update schiefgeht → vorherigen Zustand wiederherstellen.","Change Management","","","","","0","0","158","1","2500","0","0","1777740526670"
"1728665620599","g*wrw,_.WD_2","sy0-701-objective-1-3","1.3 Change Management","M1-067: Which application control approach permits only pre-approved applications to execute, blocking everything else by default?
A: Deny List
B: Blacklist
C: Allowlist
D: Greylist",">> CORRECT: C | Allowlist

Allowlist (früher Whitelist) = ausschließlich genehmigte Programme dürfen ausgeführt werden. Blockiert standardmäßig alles Unbekannte — sicherster Ansatz.

 

 Merkhilfe: Allow List = Whitelist. Nur genehmigte Apps = sicherer aber aufwändiger. Standardmäßig alles gesperrt.","Change Management","","","","","0","0","161","1","2500","0","0","1777740526670"
"1728665665642","iV5E^|+Aet_2","sy0-701-objective-1-3","1.3 Change Management","M1-068: Which application control approach allows all applications to run except those explicitly blocked?
A: Allowlist
B: Zero Trust List
C: Greylist
D: Deny List",">> CORRECT: D | Deny List

Deny List (früher Blacklist) = alles erlaubt, außer explizit blockierten Elementen. Weniger sicher als Allowlist, da unbekannte Bedrohungen durchgelassen werden.

 

 Merkhilfe: Deny List = Blacklist. Nur bekannte Böse sperren. Standardmäßig alles erlaubt → weniger sicher.","Change Management","","","","","0","0","162","1","2500","0","0","1777740526670"
"1728666406964","y0K<m#mT!v_2","sy0-701-objective-1-4","1.4 Cryptographic Solutions","M1-069: What does the acronym PKI stand for?
A: Private Key Integration
B: Public Key Infrastructure
C: Protected Key Interface
D: Privileged Key Inventory",">> CORRECT: B | Public Key Infrastructure

PKI = Public Key Infrastructure. Ein System zur Verwaltung digitaler Zertifikate und öffentlicher Schlüssel. Grundlage für SSL/TLS, digitale Signaturen usw.

 

 Merkhilfe: PKI = Public Key Infrastructure. Die 'Infrastruktur' für Public Keys: CAs, Zertifikate, Revocation.","Cryptographic Solutions","","","","","0","0","168","1","2500","0","0","1777740526670"
"1728666452657","on@5(8GpVs_1","sy0-701-objective-1-4","1.4 Cryptographic Solutions","M1-070: What does a Public Key Infrastructure (PKI) primarily manage?
A: Firewall rules
B: User passwords
C: Digital Certificates
D: VPN tunnels",">> CORRECT: C | Digital Certificates

PKI = System zur Erstellung, Verteilung, Speicherung und Widerrufung digitaler Zertifikate. Zertifikate binden Public Keys an Identitäten.

 

 Merkhilfe: PKI verwaltet digitale Zertifikate. Zertifikate = digitale Ausweise. PKI = das System dahinter.","Cryptographic Solutions","","","","","0","0","169","1","2500","0","0","1777740526670"
"1728666527085","M3:q)3)L;y_2","sy0-701-objective-1-4","1.4 Cryptographic Solutions","M1-071: For a Certificate Authority to issue trusted digital certificates, what must it first establish?
A: An LDAP directory
B: A RADIUS server
C: A trusted status within the PKI
D: A dedicated HSM",">> CORRECT: C | A trusted status within the PKI

Eine CA muss als vertrauenswürdig eingestuft sein, bevor ihre Zertifikate anerkannt werden. Vertrauen wird in Browsern und Betriebssystemen vorinstalliert.

 

 Merkhilfe: CA muss selbst vertrauenswürdig sein um Vertrauen zu vergeben. Vertrauen muss irgendwo anfangen.","Cryptographic Solutions Identity and Access Management","","","","","0","0","170","1","2500","0","0","1777740526670"
"1728666620096","o_yaC?U=.z_2","sy0-701-objective-1-4","1.4 Cryptographic Solutions","M1-072: Symmetric encryption is also known by which alternative name?
A: Public Key Algorithm
B: Asymmetric Algorithm
C: Hash Algorithm
D: Secret Key Algorithm",">> CORRECT: D | Secret Key Algorithm

Symmetrische Verschlüsselung = Secret Key Algorithm oder Shared Secret Algorithm, weil beide Seiten denselben geheimen Schlüssel verwenden.

 

 Merkhilfe: Symmetrisch = ein geheimer Schlüssel = Secret Key. Beide Seiten nutzen denselben Schlüssel.","Cryptographic Solutions","","","","","0","0","173","1","2500","0","0","1777740526670"
"1728666652923","b[w^1:vuFp","sy0-701-objective-1-4","1.4 Cryptographic Solutions","M1-073: Which statement correctly compares the speed of symmetric vs. asymmetric encryption?
A: Asymmetric encryption is faster than symmetric
B: Both are equally fast
C: Symmetric encryption is faster than asymmetric
D: Speed depends only on key length",">> CORRECT: C | Symmetric encryption is faster than asymmetric

Symmetrische Verschlüsselung ist deutlich schneller als asymmetrische. Deshalb wird in der Praxis oft asymmetrisch der Session-Key ausgetauscht, dann symmetrisch verschlüsselt.

 

 Merkhilfe: Symmetrisch = schneller (einfachere Mathematik). Asymmetrisch = sichere Schlüsselverteilung aber langsamer.","Cryptographic Solutions","","","","","0","0","174","1","2500","0","0","1777740526670"
"1728668006980","sXB`s{Z[Jj","sy0-701-objective-1-4","1.4 Cryptographic Solutions","M1-074: Which statement about combining symmetric and asymmetric encryption is correct?
A: Only one type can be active at any given time
B: They use incompatible key formats
C: Both can be used together for security and speed
D: Asymmetric encryption makes symmetric redundant",">> CORRECT: C | Both can be used together for security and speed

Hybrid-Verschlüsselung = asymmetrisch für Schlüsselaustausch, dann symmetrisch für die eigentlichen Daten. TLS verwendet genau dieses Prinzip.

 

 Merkhilfe: Best of both: Asymmetrisch zum Schlüsselaustausch, Symmetrisch für Daten. TLS macht genau das.","Cryptographic Solutions","","","","","0","0","176","1","2500","0","0","1777740526670"
"1728668074719","I/h[fL*QPo_2","sy0-701-objective-1-4","1.4 Cryptographic Solutions","M1-075: In asymmetric cryptography, which key is mathematically paired with the private key and can be freely distributed?
A: Session key
B: Symmetric key
C: Master key
D: Public key",">> CORRECT: D | Public key

Public Key und Private Key sind mathematisch verknüpft. Der Public Key kann frei verteilt werden; nur der Private Key muss geheim bleiben.

 

 Merkhilfe: Public Key ist das 'andere Ende' des Private Key. Mathematisch verknüpft, aber nicht voneinander ableitbar.","Cryptographic Solutions","","","","","0","0","177","1","2500","0","0","1777740526670"
"1728668229954","sK@4E7{s1j_2","sy0-701-objective-1-4","1.4 Cryptographic Solutions","M1-076: In asymmetric cryptography, which key is used to create a digital signature, thereby providing identity verification?
A: Recipient's public key
B: Shared symmetric key
C: Certificate Authority key
D: Sender's private key",">> CORRECT: D | Sender's private key

Digitale Signaturen werden mit dem Private Key des Senders erstellt. Nur der Sender kennt seinen Private Key — daher beweist die Signatur seine Identität.

 

 Merkhilfe: Signieren mit Private Key (geheim). Nur ich kann mit meinem Private Key signieren.","Cryptographic Solutions","","","","","0","0","179","1","2500","0","0","1777740526670"
"1728668742654","vU*o-eG$Ue_1","sy0-701-objective-1-4","1.4 Cryptographic Solutions","M1-077: Which system involves a trusted third party storing and managing private keys on behalf of an organization or user?
A: Certificate Revocation
B: Key Escrow
C: Key Rotation
D: OCSP Stapling",">> CORRECT: B | Key Escrow

Key Escrow = Drittpartei verwahrt Private Keys (z.B. für behördliche Zugriffe oder Recovery). Ermöglicht Zugriff auf verschlüsselte Daten bei Schlüsselverlust.

 

 Merkhilfe: Escrow = Treuhänder. Key Escrow = vertrauenswürdige dritte Partei verwahrt den privaten Schlüssel.","Cryptographic Solutions","","","","","0","0","182","1","2500","0","0","1777740526670"
"1728669078281","dR,=,TpaP<_1","sy0-701-objective-1-4","1.4 Cryptographic Solutions","M1-078: Welche Datenbank-Verschluesselungs-Granularitaet aus SY0-701 Obj 1.4 verschluesselt einzelne Datensaetze mit eigenem symmetrischem Schluessel und erlaubt selektive Verschluesselung sensibler Daten?
A: Full-disk encryption
B: Partition encryption
C: Volume encryption
D: Record-level encryption",">> CORRECT: D | Record-level encryption

SY0-701 Obj 1.4 listet sechs Encryption Levels (zunehmende Granularitaet): Full-disk, Partition, File, Volume, Database, Record. Record-level ist die feinste Granularitaet - jeder Datensatz (Row) kann eigenen Key haben, ideal fuer selective encryption von z.B. PII-Feldern.

Merkhilfe: Granularitaet von grob nach fein: Disk -> Partition -> File -> Volume -> Database -> Record. ""Column-level"" / ""Field-level"" sind verbreitete Industrie-Begriffe, aber im SY0-701-Objective steht ""Record"".","Cryptographic Solutions","","","","","0","0","187","1","2500","0","0","1777740526670"
"1728669233798","twXgB6#_oV_2","sy0-701-objective-1-4","1.4 Cryptographic Solutions","M1-079: Which type of encryption protects data as it moves across a network between two endpoints?
A: Database encryption
B: Full-disk encryption
C: Transport encryption
D: File-level encryption",">> CORRECT: C | Transport encryption

Transport Encryption (z.B. TLS/SSL, IPsec) schützt Daten während der Übertragung (Data in Transit). Full-disk und File-level schützen Data at Rest.

 

 Merkhilfe: Transport = unterwegs. Transport Encryption schützt Daten auf dem Weg (Data in Motion).","Cryptographic Solutions","","","","","0","0","189","1","2500","0","0","1777740526670"
"1728669281455","E9-v!c]Yr7","sy0-701-objective-1-4","1.4 Cryptographic Solutions","M1-080: When a VPN (Virtual Private Network) is used, what happens to the transmitted data?
A: Only authentication data is encrypted
B: Data is compressed but not encrypted
C: All traffic is encrypted end-to-end
D: Encryption is optional per session",">> CORRECT: C | All traffic is encrypted end-to-end

VPNs verschlüsseln den gesamten Datenverkehr in einem sicheren Tunnel. Alle Pakete zwischen Client und VPN-Gateway sind verschlüsselt.

 

 Merkhilfe: VPN = Tunnel. Alles im Tunnel ist verschlüsselt. VPN = end-to-end Verschlüsselung für Transit-Daten.","Cryptographic Solutions Architecture Models","","","","","0","0","190","1","2500","0","0","1777740526670"
"1728669344784","I<eA^;4f-)_1","sy0-701-objective-1-4","1.4 Cryptographic Solutions","M1-081: Which protocol, now considered deprecated and replaced by TLS, was originally used alongside TLS and IPsec for encrypting network traffic?
A: PPTP
B: SSH
C: SSL
D: DTLS",">> CORRECT: C | SSL

SSL (Secure Sockets Layer) ist der Vorläufer von TLS. SSL ist veraltet und unsicher — TLS 1.2/1.3 hat es ersetzt. SSH ist für Remote-Zugriff, nicht primär für Web.

 

 Merkhilfe: SSL = alt, TLS = neu. SSL ist veraltet und unsicher → durch TLS ersetzt. Nie mehr SSL verwenden.","Cryptographic Solutions","","","","","0","0","191","1","2500","0","0","1777740526670"
"1728669781020","gy|XmWSQmS","sy0-701-objective-1-4","1.4 Cryptographic Solutions","M1-082: Which key length provides greater resistance to brute-force attacks?
A: Shorter keys are more secure
B: Key length has no effect on security
C: Longer keys are more secure
D: Security depends on algorithm only",">> CORRECT: C | Longer keys are more secure

Längere Schlüssel erhöhen den Aufwand für Brute-Force-Angriffe exponentiell. AES-256 ist sicherer als AES-128, weil 2^256 mögliche Schlüssel existieren.

 

 Merkhilfe: Mehr Bits = mehr Möglichkeiten = härter zu knacken. 256-bit >> 128-bit gegen Brute Force.","Cryptographic Solutions","","","","","0","0","195","1","2500","0","0","1777740526670"
"1728669901392","tDL6AhL#6g_2","sy0-701-objective-1-4","1.4 Cryptographic Solutions","M1-083: Which process involves repeatedly re-hashing or re-encrypting data with additional keys to make brute-force attacks more computationally expensive?
A: Key rotation
B: Key escrow
C: Salting
D: Key stretching",">> CORRECT: D | Key stretching

Key Stretching (z.B. PBKDF2, bcrypt) erhöht den Aufwand pro Angriff durch viele Iterationen. Auch als Key Strengthening bekannt.

 

 Merkhilfe: Stretching = dehnen. Passwort mehrfach hashen = Angreifer muss auch mehrfach hashen → Brute Force verlangsamen.","Cryptographic Solutions","","","","","0","0","197","1","2500","0","0","1777740526670"
"1728669937321","f*eU1;)VjF_2","sy0-701-objective-1-4","1.4 Cryptographic Solutions","M1-084: Which technique is used to ensure that password hashing remains resistant to increasingly powerful attack hardware over time?
A: Certificate stapling
B: Key escrow
C: Key stretching
D: Salting alone",">> CORRECT: C | Key stretching

Key Stretching passt den Rechenaufwand dynamisch an. Durch mehr Iterationen bleibt das Knacken teuer, auch wenn Hardware schneller wird.

 

 Merkhilfe: Key Stretching = Passwort schwerer zu knacken. bcrypt / scrypt / PBKDF2 sind Implementierungen.","Cryptographic Solutions","","","","","0","0","198","1","2500","0","0","1777740526670"
"1728675213140","I]w%Nl;Qj)_2","sy0-701-objective-1-4","1.4 Cryptographic Solutions","M1-085: In key exchange, which term describes using a separate communication channel (not the same network being secured) to transmit a cryptographic key?
A: In-band distribution
B: Key escrow
C: Out-of-band key exchange
D: Session key rotation",">> CORRECT: C | Out-of-band key exchange

Out-of-Band = anderer Kanal als der gesicherte. Z.B. USB-Stick, Telefon oder persönlich übergeben, statt über das gleiche Netzwerk, das verschlüsselt werden soll.

 

 Merkhilfe: Out-of-band = außerhalb des normalen Kanals. Schlüssel per Telefon tauschen wenn der Hauptkanal kompromittiert ist.","Cryptographic Solutions","","","","","0","0","199","1","2500","0","0","1777740526670"
"1728675511788","NFjI~Q1zHV_1","sy0-701-objective-1-4","1.4 Cryptographic Solutions","M1-086: To securely exchange a symmetric session key with a server, a client encrypts the session key using which of the server's keys?
A: Server's private key
B: CA's public key
C: Shared pre-master key
D: Server's public key",">> CORRECT: D | Server's public key

Der Client verschlüsselt den Session-Key mit dem Public Key des Servers. Nur der Server kann ihn mit seinem Private Key entschlüsseln — sicherer Schlüsselaustausch.

 

 Merkhilfe: Für Server verschlüsseln → Server's Public Key benutzen. Nur Server kann es mit seinem Private Key öffnen.","Cryptographic Solutions","","","","","0","0","201","1","2500","0","0","1777740526670"
"1728675650498","APXZ:N~G}T_2","sy0-701-objective-1-4","1.4 Cryptographic Solutions","M1-087: A key exchange algorithm uses the mathematical relationship between two parties' public and private keys to derive which type of key?
A: Asymmetric key
B: Master key
C: Symmetric key
D: Session certificate",">> CORRECT: C | Symmetric key

Algorithmen wie Diffie-Hellman erzeugen aus zwei asymmetrischen Schlüsselpaaren einen gemeinsamen symmetrischen Schlüssel, ohne ihn jemals über das Netzwerk zu senden.

 

 Merkhilfe: Schlüsselaustausch (DH etc.) erzeugt am Ende einen gemeinsamen symmetrischen Sitzungsschlüssel.","Cryptographic Solutions","","","","","0","0","203","1","2500","0","0","1777740526670"
"1728675746261","b;`hrpS);A_1","sy0-701-objective-1-4","1.4 Cryptographic Solutions","M1-088: Which hardware component is embedded on a computer's motherboard to provide cryptographic functions including key generation and secure storage?
A: Hardware Security Module (HSM)
B: Secure Enclave
C: Trusted Platform Module (TPM)
D: Key Management System",">> CORRECT: C | Trusted Platform Module (TPM)

TPM = Chip auf dem Motherboard für kryptografische Operationen und sichere Schlüsselspeicherung. Unterschied zu HSM: TPM ist gerätegebunden, HSM ist ein eigenständiges Gerät.

 

 Merkhilfe: TPM = Chip auf dem Mainboard. Hardware-Chip für sichere Schlüsselspeicherung und System-Attestierung.","Cryptographic Solutions","","","","","0","0","204","1","2500","0","0","1777740526670"
"1728675819604","L#%)+BdX/*","sy0-701-objective-1-4","1.4 Cryptographic Solutions","M1-089: Which statement about a Trusted Platform Module (TPM) and brute-force attacks is correct?
A: TPMs are highly vulnerable to brute-force
B: TPMs lock after repeated failed attempts, preventing brute-force
C: TPMs store keys in plaintext, enabling easy extraction
D: Brute-force attacks are the primary threat to TPMs",">> CORRECT: B | TPMs lock after repeated failed attempts, preventing brute-force

TPMs implementieren Anti-Hammering-Schutz — nach mehreren Fehlversuchen wird der Chip gesperrt. Das macht Brute-Force praktisch unmöglich.

 

 Merkhilfe: TPM sperrt sich nach X Fehlversuchen → Brute Force aussichtslos. Hardware-Schutz gegen Passwort-Angriffe.","Cryptographic Solutions","","","","","0","0","205","1","2500","0","0","1777740526670"
"1728676495697","lP4X~:`9n-_1","sy0-701-objective-1-4","1.4 Cryptographic Solutions","M1-090: Which dedicated hardware appliance is specifically designed to manage and safeguard large numbers of cryptographic keys in enterprise environments, typically deployed in clusters?
A: Trusted Platform Module (TPM)
B: Secure Enclave
C: Key Management System
D: Hardware Security Module (HSM)",">> CORRECT: D | Hardware Security Module (HSM)

HSM = eigenständiges, gehärtetes Gerät für kryptografische Schlüsselverwaltung in großem Maßstab. Verwendet in Banken, CAs und Rechenzentren.

 

 Merkhilfe: HSM = dedizierte Hardware-Appliance. Stärker als TPM: separates Gerät ausschließlich für Kryptografie.","Cryptographic Solutions","","","","","0","0","206","1","2500","0","0","1777740526670"
"1728676616843","FeA0Q%Dd<,_1","sy0-701-objective-1-4","1.4 Cryptographic Solutions","M1-091: Which solution provides a centralized platform to manage cryptographic keys from multiple sources across an organization?
A: Certificate Authority
B: Key Management System
C: Hardware Security Module
D: OCSP Responder",">> CORRECT: B | Key Management System

Key Management System (KMS) = zentrale Verwaltung aller kryptografischen Schlüssel. Unterstützt Rotation, Ablauf und Auditing. Unterschied zu HSM: KMS ist Software/Service.

 

 Merkhilfe: KMS = Schlüsselverwaltung. Zentrales System für alle kryptografischen Schlüssel eines Unternehmens.","Cryptographic Solutions","","","","","0","0","207","1","2500","0","0","1777740526670"
"1728676658755","d;`Kgc/wek_1","sy0-701-objective-1-4","1.4 Cryptographic Solutions","M1-092: Which Key Management System feature automatically replaces old cryptographic keys with new ones on a regular schedule?
A: Key escrow
B: Key stretching
C: Key rotation
D: Key derivation",">> CORRECT: C | Key rotation

Key Rotation = regelmäßiger automatischer Schlüsselwechsel. Begrenzt das Risiko: selbst wenn ein Schlüssel kompromittiert wurde, ist er bald ungültig.

 

 Merkhilfe: Rotation = regelmäßiger Wechsel. Key Rotation = alte Schlüssel ersetzen bevor sie kompromittiert werden.","Cryptographic Solutions","","","","","0","0","208","1","2500","0","0","1777740526670"
"1728677282633","k+IPq^PLi0_3","sy0-701-objective-1-4","1.4 Cryptographic Solutions","M1-093: Which security technique involves deliberately making software or data difficult to understand in order to hinder analysis or reverse engineering?
A: Encryption
B: Steganography
C: Obfuscation
D: Tokenization",">> CORRECT: C | Obfuscation

Obfuskation = absichtliche Verschleierung von Code oder Daten. Unterschied zu Verschlüsselung: Obfuskation macht schwer verständlich, nicht unlesbar.

 

 Merkhilfe: Obfuskation = Verschleierung. Code/Daten werden unlesbar gemacht, aber nicht verschlüsselt.","Cryptographic Solutions","","","","","0","0","211","1","2500","0","0","1777740526670"
"1728677405231","A^?Sivw)Z0","sy0-701-objective-1-4","1.4 Cryptographic Solutions","M1-094: Which statement about obfuscation and reverse engineering is correct?
A: Obfuscation is immune to reverse engineering
B: Obfuscation permanently prevents code analysis
C: Obfuscation is vulnerable to reverse engineering
D: Reverse engineering requires physical access",">> CORRECT: C | Obfuscation is vulnerable to reverse engineering

Obfuskation erhöht die Schwierigkeit, verhindert Reverse Engineering aber nicht vollständig. Mit ausreichend Zeit und Ressourcen kann obfuskierter Code analysiert werden.

 

 Merkhilfe: Obfuskation ≠ Sicherheit. Mit genug Zeit und Tools kann obfuskierter Code wieder lesbar gemacht werden.","Cryptographic Solutions","","","","","0","0","213","1","2500","0","0","1777740526670"
"1728677504907","EqgsAD%,#t_2","sy0-701-objective-1-4","1.4 Cryptographic Solutions","M1-095: Which obfuscation technique hides secret data inside an innocent-looking carrier file such as an image, audio file, or video?
A: Tokenization
B: Data masking
C: Watermarking
D: Steganography",">> CORRECT: D | Steganography

Steganographie = Verstecken von Daten in anderen Dateiformaten. Z.B. geheime Nachricht in den LSBs (Least Significant Bits) eines Bildes. Kein Schlüssel sichtbar.

 

 Merkhilfe: Stegano = griech. 'bedeckt'. Bild/Audio mit versteckten Daten = Steganographie. Das Geheimnis ist unsichtbar.","Cryptographic Solutions","","","","","0","0","214","1","2500","0","0","1777740526670"
"1728677849716","i/AIV2+`p0_1","sy0-701-objective-1-4","1.4 Cryptographic Solutions","M1-096: Which obfuscation technique replaces sensitive data with a non-sensitive placeholder during transmission, with the original value stored separately for retrieval in a secure environment?
A: Steganography
B: Encryption
C: Tokenization
D: Data masking",">> CORRECT: C | Tokenization

Tokenization = Austausch sensibler Daten durch Token. Kreditkartennummern werden durch Tokens ersetzt, die nur im Zahlungssystem zurückkonvertiert werden können.

 

 Merkhilfe: Token = Platzhalter. Kreditkartennummer → Token. Original liegt nur im Tokenization-System.","Cryptographic Solutions","","","","","0","0","217","1","2500","0","0","1777740526670"
"1728678025496","NS}o6UBW<q_2","sy0-701-objective-1-4","1.4 Cryptographic Solutions","M1-097: Which obfuscation technique partially conceals sensitive data by replacing characters with neutral substitutes (e.g., showing only the last 4 digits of a credit card number)?
A: Tokenization
B: Steganography
C: Encryption
D: Data masking",">> CORRECT: D | Data masking

Data Masking = sichtbarer Teil wird durch Platzhalter ersetzt (z.B. ****-****-****-1234). Daten bleiben nutzbar, aber sensible Teile werden verborgen.

 

 Merkhilfe: Masking = Maske. 1234****5678 → Datenmaskierung. Nur Teile sichtbar, Rest verborgen.","Cryptographic Solutions","","","","","0","0","220","1","2500","0","0","1777740526670"
"1728678521196","N76sA{aJ7x_1","sy0-701-objective-1-4","1.4 Cryptographic Solutions","M1-098: What term describes the situation where two different inputs produce the same output hash value?
A: Hash inversion
B: Preimage attack
C: Hash collision
D: Salt reuse",">> CORRECT: C | Hash collision

Hash Collision = zwei unterschiedliche Eingaben ergeben denselben Hash-Wert. Gefährlich in digitalen Signaturen — MD5 und SHA-1 sind kollisionsanfällig.

 

 Merkhilfe: Kollision = zwei Objekte am gleichen Ort. Zwei verschiedene Inputs → gleicher Hash = Hash-Kollision.","Cryptographic Solutions","","","","","0","0","221","1","2500","0","0","1777740526670"
"1728678905175","A>$Em9X+*n_1","sy0-701-objective-1-4","1.4 Cryptographic Solutions","M1-099: How are user passwords typically stored in a secure system?
A: Encrypted with the server's public key
B: In plaintext with access restrictions
C: As a hashed value with added salt
D: Tokenized and stored in a separate vault",">> CORRECT: C | As a hashed value with added salt

Passwörter werden als Hash + Salt gespeichert. Niemand außer dem Benutzer kennt das Klartext-Passwort. Deshalb kann man Passwörter nur zurücksetzen, nicht abrufen.

 

 Merkhilfe: Passwörter nie im Klartext! Hash + Salt = sichere Speicherung. Nur der Hash mit Salt landet in der DB.","Cryptographic Solutions","","","","","0","0","225","1","2500","0","0","1777740526670"
"1728678954965","f$zq@Qzrjv_2","sy0-701-objective-1-4","1.4 Cryptographic Solutions","M1-100: In password hashing, what is 'salt'?
A: A second password used for verification
B: A pepper value added after hashing
C: Random data appended to a password before hashing
D: The output length of a hashing algorithm",">> CORRECT: C | Random data appended to a password before hashing

Salt = zufällige Zeichenfolge, die vor dem Hashing zum Passwort hinzugefügt wird. Jedes Konto hat eigenes Salt, verhindert Rainbow-Table-Angriffe.

 

 Merkhilfe: Salt = zufällige Daten zum Passwort addieren. Verhindert dass gleiche Passwörter gleiche Hashes haben.","Cryptographic Solutions","","","","","0","0","226","1","2500","0","0","1777740526670"
"1728679006387","x`[3`]pQkF_2","sy0-701-objective-1-4","1.4 Cryptographic Solutions","M1-101: Which type of precomputed lookup table maps common passwords and inputs to their hash values, enabling rapid password cracking?
A: Hash collision table
B: Salt database
C: Rainbow table
D: Brute-force dictionary",">> CORRECT: C | Rainbow table

Rainbow Table = vorberechnete Tabelle aller möglichen Passwort-Hashes. Salting macht Rainbow Tables unwirksam, weil jedes Passwort ein einzigartiges Salt hat.

 

 Merkhilfe: Rainbow Table = Wörterbuch aus Hashes. Vorberechnete Hash-Tabelle für schnelle Passwort-Lookups.","Cryptographic Solutions Identity and Access Management","","","","","0","0","227","1","2500","0","0","1777740526670"
"1728679028920","g]w,{=_E#u","sy0-701-objective-1-4","1.4 Cryptographic Solutions","M1-102: Which statement about the effectiveness of Rainbow Table attacks against salted password hashes is correct?
A: Rainbow tables are highly effective against salted hashes
B: Salt increases speed but not security against rainbow tables
C: Salting makes rainbow table attacks impractical
D: Rainbow tables bypass salt by targeting the algorithm",">> CORRECT: C | Salting makes rainbow table attacks impractical

Salt macht Rainbow Tables unwirksam: da jedes Passwort ein eigenes Salt hat, müsste für jedes Salt eine neue Tabelle erstellt werden — nicht praktikabel.

 

 Merkhilfe: Salt macht Rainbow Tables nutzlos. Jedes Passwort hat eigenen Salt → eigenen Hash → kein gemeinsames Lookup.","Cryptographic Solutions","","","","","0","0","228","1","2500","0","0","1777740526670"
"1728679899388","A!}6X*Q<FN_1","sy0-701-objective-1-4","1.4 Cryptographic Solutions","M1-103: Which technology maintains an immutable, distributed ledger of transactions shared across many participants, with no single central authority?
A: RAID array
B: Certificate Revocation List
C: Blockchain
D: Distributed Hash Table",">> CORRECT: C | Blockchain

Blockchain = verteiltes, unveränderliches Transaktionsbuch. Jeder Knoten hält eine Kopie. Manipulation erfordert Änderung aller Kopien gleichzeitig — praktisch unmöglich.

 

 Merkhilfe: Block + Chain = unveränderliche Kette von Blöcken. Jeder Block enthält den Hash des vorherigen Blocks.","Cryptographic Solutions","","","","","0","0","229","1","2500","0","0","1777740526670"
"1728832173306","od`v3r5h>L_2","sy0-701-objective-1-4","1.4 Cryptographic Solutions","M1-104: A digital certificate is a file that contains a digital signature and which other critical component?
A: Symmetric key
B: Password hash
C: Private key
D: Public key",">> CORRECT: D | Public key

Ein digitales Zertifikat enthält den Public Key des Inhabers plus eine digitale Signatur der CA. Private Keys werden nie in Zertifikaten gespeichert.

 

 Merkhilfe: Zertifikat = digitaler Ausweis mit Public Key. CA signiert es → alle vertrauen diesem Public Key.","Cryptographic Solutions Identity and Access Management","","","","","0","0","233","1","2500","0","0","1777740526670"
"1728832246367","w)r|~$4HCN_1","sy0-701-objective-1-4","1.4 Cryptographic Solutions","M1-105: If a Certificate Authority (CA) trusts and issues a certificate to a user or device, what can relying parties conclude?
A: The certificate is self-signed and unverified
B: The entity has passed the CA's validation and can be trusted
C: The private key is stored at the CA
D: The certificate is valid for 10 years",">> CORRECT: B | The entity has passed the CA's validation and can be trusted

CA-Vertrauen ist transitiv: wenn der Browser der CA vertraut und die CA dem Zertifikat, vertraut der Browser dem Zertifikat. Grundlage der PKI-Vertrauenskette.

 

 Merkhilfe: CA-Signatur = Vertrauensbeweis. 'CA vertraut' = die Entity wurde geprüft und ist vertrauenswürdig.","Cryptographic Solutions","","","","","0","0","234","1","2500","0","0","1777740526670"
"1728832318150","lR2TS2&73r_1","sy0-701-objective-1-4","1.4 Cryptographic Solutions","M1-106: Which trust model relies on a network of users who have mutually signed each other's certificates, rather than a single central authority?
A: Hierarchical CA
B: Cross-certification
C: Web of Trust
D: Root CA model",">> CORRECT: C | Web of Trust

Web of Trust = dezentrales Vertrauensmodell (z.B. PGP). Benutzer signieren gegenseitig Zertifikate. Kein Hierarchiemodell wie bei PKI.

Merkhilfe: Web = Netz. Web of Trust = jeder vertraut jedem ueber gegenseitige Signaturen.

WARNUNG OUT-OF-PDF: ""Web of Trust"" steht NICHT in der SY0-701 Obj 1.4 Certificates-Liste (PDF S. 5: CA, CRL, OCSP, Self-signed, Third-party, Root of trust, CSR, Wildcard). Bonus-Wissen — im Examen unwahrscheinlich als Antwort, eher als Distraktor.","Cryptographic Solutions","","","","","0","0","235","1","2500","0","0","1777740526670"
"1728832382513","v!~fkgEQ),_1","sy0-701-objective-1-4","1.4 Cryptographic Solutions","M1-107: What is the standard format used for digital certificates in PKI?
A: PEM v3
B: PKCS#12
C: X.509
D: ASN.1",">> CORRECT: C | X.509

X.509 ist der ISO/ITU-Standard für digitale Zertifikate. Enthält Serial Number, Issuer, Subject, Public Key, Gültigkeitszeitraum und Signatur der CA.

 

 Merkhilfe: X.509 = ISO-Standard für Zertifikate. Alle PKI-Zertifikate folgen diesem Format.","Cryptographic Solutions","","","","","0","0","236","1","2500","0","0","1777740526670"
"1728832486334","E}Q^E0F):2_4","sy0-701-objective-1-4","1.4 Cryptographic Solutions","M1-108: Which field in an X.509 digital certificate identifies the Certificate Authority that signed and issued the certificate?
A: Subject
B: Serial Number
C: Public Key
D: Issuer",">> CORRECT: D | Issuer

Das Issuer-Feld des X.509-Zertifikats nennt die ausstellende CA. Subject = Zertifikatsinhaber. Serial Number = eindeutige Identifikation des Zertifikats bei der CA.

 

 Merkhilfe: Issuer = Aussteller. Wer hat das Zertifikat ausgestellt? → Die CA = Issuer im X.509-Zertifikat.","Cryptographic Solutions","","","","","0","0","237","1","2500","0","0","1777740526670"
"1728832628955","JfB:R0weV4_1","sy0-701-objective-1-4","1.4 Cryptographic Solutions","M1-109: Which concept refers to an inherently trusted third-party component (such as an HSM, Secure Enclave, or CA) that serves as the foundation of trust for cryptographic operations?
A: Trust anchor
B: Key escrow
C: Root of Trust
D: Certificate chain",">> CORRECT: C | Root of Trust

Root of Trust = der ultimative Vertrauensanker. Alles andere vertraut darauf. Beispiele: Root CA in PKI, TPM-Chip für Secure Boot, HSM für Schlüsselerzeugung.

 

 Merkhilfe: Root of Trust = Wurzel des Vertrauens. TPM / CA-Root = von dem aus alles andere vertrauenswürdig gemacht wird.","Cryptographic Solutions","","","","","0","0","238","1","2500","0","0","1777740526670"
"1728833045831","K:;d5fI+tB_1","sy0-701-objective-1-4","1.4 Cryptographic Solutions","M1-110: What document does an entity submit to a Certificate Authority to request a digitally signed certificate?
A: Public Key Exchange (PKE)
B: Certificate Policy (CP)
C: Certificate Signing Request (CSR)
D: Online Certificate Status Protocol (OCSP) request",">> CORRECT: C | Certificate Signing Request (CSR)

CSR = Certificate Signing Request. Enthält den Public Key und Identitätsinformationen des Antragstellers. Die CA prüft den CSR und stellt das Zertifikat aus.

 

 Merkhilfe: CSR = Antrag auf Zertifikat. Ich schicke CSR an CA → CA prüft und signiert → fertiges Zertifikat.","Cryptographic Solutions","","","","","0","0","241","1","2500","0","0","1777740526670"
"1728833152415","jrkN~XDbHI_1","sy0-701-objective-1-4","1.4 Cryptographic Solutions","M1-111: An organization that manages its own Certificate Authority for internal use must ensure that all internal devices trust what?
A: A third-party commercial CA
B: The organization's own internal CA
C: The government root CA
D: Microsoft's enterprise CA",">> CORRECT: B | The organization's own internal CA

Interne CAs müssen auf allen unternehmenseigenen Geräten als vertrauenswürdig konfiguriert sein. Externe CAs sind für interne Zertifikate nicht erforderlich.

 

 Merkhilfe: Eigene CA = selbst verwaltet. Für interne Systeme reicht eine eigene CA, keine öffentliche CA nötig.","Cryptographic Solutions","","","","","0","0","242","1","2500","0","0","1777740526670"
"1728833274722","BBV(P^0~,t","sy0-701-objective-1-4","1.4 Cryptographic Solutions","M1-112: Which statement about internal (self-issued) certificates is correct?
A: They must be countersigned by a public CA to be valid
B: They require annual renewal from a commercial CA
C: They do not need to be signed by a public CA for internal use
D: They are invalid without a third-party audit",">> CORRECT: C | They do not need to be signed by a public CA for internal use

Interne Zertifikate müssen nur von der internen CA signiert sein. Es besteht kein Bedarf, für interne Verwendung Vertrauen von kommerziellen CAs zu kaufen.

 

 Merkhilfe: Intern = nur intern vertrauenswürdig. Interne Zertifikate brauchen keine externe CA-Signatur.","Cryptographic Solutions","","","","","0","0","243","1","2500","0","0","1777740526670"
"1728833822183","JGpZX}zVK9_3","sy0-701-objective-1-4","1.4 Cryptographic Solutions","M1-113: Which X.509 certificate extension allows a single certificate to cover multiple domain names owned by the same organization?
A: Wildcard Certificate
B: Extended Validation field
C: Certificate Pinning
D: Subject Alternative Name (SAN)",">> CORRECT: D | Subject Alternative Name (SAN)

SAN (Subject Alternative Name) = Zertifikatserweiterung, die mehrere FQDNs in einem Zertifikat abdeckt. Wildcard (*.) deckt alle Subdomains einer Ebene ab — beide sind verschieden.

 

 Merkhilfe: SAN = ein Zertifikat, viele Domains. mail.example.com + www.example.com → ein SAN-Zertifikat.","Cryptographic Solutions","","","","","0","0","245","1","2500","0","0","1777740526670"
"1728833850610","m|@R@Qtebq_2","sy0-701-objective-1-4","1.4 Cryptographic Solutions","M1-114: What is the term for the process of invalidating a certificate or key before its natural expiration date?
A: Certificate stapling
B: Certificate pinning
C: Certificate suspension
D: Key revocation",">> CORRECT: D | Key revocation

Key/Certificate Revocation = vorzeitige Ungültigkeitserklärung. Notwendig z.B. bei Schlüsselkompromittierung oder Serverdekommissionierung. Erfasst in der CRL.

 

 Merkhilfe: Revoke = widerrufen. Zertifikat kompromittiert? → sofort revoken, nicht bis zum Ablaufdatum warten.","Cryptographic Solutions","","","","","0","0","246","1","2500","0","0","1777740526670"
"1728833900981","MHK:fH>w:4_2","sy0-701-objective-1-4","1.4 Cryptographic Solutions","M1-115: Which CA-maintained list contains certificates that have been revoked before their expiration date?
A: OCSP Staple
B: Certificate Revocation List (CRL)
C: Trust Store
D: Certificate Transparency Log",">> CORRECT: B | Certificate Revocation List (CRL)

CRL (Certificate Revocation List) = von der CA veröffentlichte Liste widerrufener Zertifikate. Clients prüfen die CRL, um zu verifizieren ob ein Zertifikat noch gültig ist.

 

 Merkhilfe: CRL = Liste ungültiger Zertifikate. CA veröffentlicht diese Liste damit Clients prüfen können.","Cryptographic Solutions","","","","","0","0","247","1","2500","0","0","1777740526670"
"1728834227764","wO{nj*C1Y7_1","sy0-701-objective-1-4","1.4 Cryptographic Solutions","M1-116: Which protocol allows a certificate holder to attach real-time revocation status information (obtained from the CA) directly to the certificate during the TLS handshake?
A: Certificate Pinning
B: Certificate Transparency
C: Online Certificate Status Protocol (OCSP)
D: OCSP Stapling",">> CORRECT: D | OCSP Stapling

OCSP Stapling = der Server (nicht der Client) fragt die CA nach dem OCSP-Status und fügt die signierte Antwort dem Zertifikat bei. Effizienter als Client-seitige OCSP-Anfragen.

 

 Merkhilfe: Stapling = anheften. Server heftet OCSP-Antwort an TLS-Handshake → kein separater CA-Query nötig.","Cryptographic Solutions","","","","","0","0","249","1","2500","0","0","1777740526670"
"1728834287549","f=JI1.hjqU_2","sy0-701-objective-1-4","1.4 Cryptographic Solutions","M1-117: What distinguishes OCSP Stapling from standard OCSP?
A: OCSP Stapling uses CRL instead of OCSP
B: OCSP Stapling embeds the CA's revocation response in the TLS handshake rather than requiring the client to query the CA
C: OCSP Stapling requires client-side software
D: OCSP Stapling only works with EV certificates",">> CORRECT: B | OCSP Stapling embeds the CA's revocation response in the TLS handshake rather than requiring the client to query the CA

Standard OCSP: Client fragt CA direkt. OCSP Stapling: Server fragt CA, heftet die signierte Antwort ans Zertifikat — spart Latenz und schützt Privatsphäre des Clients.

 

 Merkhilfe: Standard OCSP: Client fragt CA. OCSP Stapling: Server fragt CA vorab, Antwort ist schon im Handshake enthalten.","Cryptographic Solutions","","","","","0","0","250","1","2500","0","0","1777740526670"
"1728834325821","CV-Z5n>u5]_2","sy0-701-objective-1-4","1.4 Cryptographic Solutions","M1-118: What does the acronym OCSP stand for?
A: Online Certificate Signing Protocol
B: Organizational Certificate Status Provider
C: Online Certificate Status Protocol
D: Offline Certificate Security Protocol",">> CORRECT: C | Online Certificate Status Protocol

OCSP = Online Certificate Status Protocol. Ermöglicht Echtzeit-Prüfung ob ein Zertifikat widerrufen wurde — Alternative zur CRL.

 

 Merkhilfe: OCSP = Online Certificate Status Protocol. Echtzeit-Prüfung ob ein Zertifikat noch gültig oder revoked ist.","Cryptographic Solutions","","","","","0","0","251","1","2500","0","0","1777740526670"
"1728834357184","Ho(m&B|Y]x_2","sy0-701-objective-1-4","1.4 Cryptographic Solutions","M1-119: What does the acronym CRL stand for in the context of PKI?
A: Certificate Rotation Log
B: Cryptographic Revocation Lookup
C: Certificate Revocation List
D: Central Registration Ledger",">> CORRECT: C | Certificate Revocation List

CRL = Certificate Revocation List. Von der CA veröffentlicht und enthält alle vor Ablauf widerrufenen Zertifikate. Clients können diese Liste regelmäßig herunterladen.

 

 Merkhilfe: CRL = Certificate Revocation List. Die 'schwarze Liste' der PKI für revoked Zertifikate.","Cryptographic Solutions","","","","","0","0","252","1","2500","0","0","1777740526670"
"1728834517490","QME~b)HjFt","sy0-701-objective-1-4","1.4 Cryptographic Solutions","M1-120: Which statement about browser support for OCSP is most accurate?
A: All modern browsers fully support OCSP
B: OCSP is only supported by enterprise browsers
C: OCSP support is inconsistent — some browsers claim support but do not perform checks properly
D: OCSP has replaced CRL in all browsers",">> CORRECT: C | OCSP support is inconsistent — some browsers claim support but do not perform checks properly

OCSP-Unterstützung ist inkonsistent: veraltete Browser unterstützen es gar nicht, manche modernen Browser melden Unterstützung, führen aber keine echten Prüfungen durch.

 

 Merkhilfe: Nicht alle Browser prüfen OCSP zuverlässig. Inkonsistente Unterstützung = potenzielle Sicherheitslücke.","Cryptographic Solutions","","","","","0","0","254","1","2500","0","0","1777740526670"
"1728925347209","kEx{6dr+#>_2","sy0-701-objective-2-1","2.1 Threat Actors","M2-001: Which term describes an entity that causes an event affecting another party's security?
A: Attack Surface
B: Threat Actor
C: Vulnerability
D: Security Control",">> CORRECT: B | Threat Actor

Ein Threat Actor ist die handelnde Entität hinter einem Sicherheitsereignis. Nicht die Schwachstelle oder der Schutzmechanismus ist der Akteur, sondern die Person, Gruppe oder Organisation.

 

 Merkhilfe: Actor = Akteur. Threat Actor = wer den Angriff durchführt. Der 'Bösewicht' in der Security.","Threat Actors","","","","","0","0","255","1","2500","0","0","1777740526670"
"1728925645774","rG2l{Cf?ro_2","sy0-701-objective-2-1","2.1 Threat Actors","M2-002: Which threat actor type represents a government or an arm of a government?
A: Script kiddie
B: Nation-state
C: Hacktivist
D: Organized crime",">> CORRECT: B | Nation-state

Nation-state Actors handeln im Auftrag oder Interesse eines Staates.

 

 Merkhilfe: Staatliche Mittel, staatliche Ziele.","Threat Actors","","","","","0","0","258","1","2500","0","0","1777740526670"
"1728925881637","mu!->J0Mv|_2","sy0-701-objective-2-1","2.1 Threat Actors","M2-003: Which attacker type often uses existing tools or scripts without fully understanding how they work?
A: Organized crime actor
B: Unskilled attacker
C: Nation-state actor
D: Insider threat",">> CORRECT: B | Unskilled attacker

Unskilled Attackers nutzen meist fertige Tools und verstehen Details nicht zwingend. Das unterscheidet sie von gut ausgestatteten oder spezialisierten Akteuren.

 

 Merkhilfe: Script Kiddie = kein Skill, fremde Tools. Unskilled = ahnungslos aber gefährlich durch fertige Exploits.","Threat Actors","","","","","0","0","260","1","2500","0","0","1777740526670"
"1728925920785","pNA)cEuU-O_1","sy0-701-objective-2-1","2.1 Threat Actors","M2-004: Which threat actor is motivated by political or ideological goals?
A: Insider threat
B: Shadow IT user
C: Organized crime actor
D: Hacktivist",">> CORRECT: D | Hacktivist

Hacktivists verbinden Hacking mit Aktivismus. Ihre Motivation ist typischerweise politisch oder ideologisch, nicht primaer finanziell.

 

 Merkhilfe: Hackt + Activist = Hacktivist. Politisch motiviert, kein finanzielles Ziel (z.B. Anonymous).","Threat Actors","","","","","0","0","261","1","2500","0","0","1777740526670"
"1728926313614","rDw#0O{SG<_1","sy0-701-objective-2-1","2.1 Threat Actors","M2-005: What is the typical primary motivation of organized crime threat actors?
A: Ideology
B: Curiosity
C: Nation-state espionage
D: Financial gain",">> CORRECT: D | Financial gain

Organized Crime ist in Security+ vor allem finanziell motiviert: Betrug, Erpressung, Datendiebstahl oder Verkauf von Zugangsdaten.

 

 Merkhilfe: Organisiertes Verbrechen = Geld. Ransomware, Betrug, Datendiebstahl → finanzieller Gewinn.","Threat Actors","","","","","0","0","265","1","2500","0","0","1777740526670"
"1728926473442","M&Z%clzC%p_1","sy0-701-objective-2-1","2.1 Threat Actors","M2-006: Which term describes users who bypass organizational IT policies by using unauthorized services or devices?
A: Managed service provider
B: Shadow IT
C: Zero Trust
D: Insider threat",">> CORRECT: B | Shadow IT

Shadow IT entsteht, wenn legitime Nutzer eigene Tools oder Dienste einsetzen und damit Sicherheitsrichtlinien umgehen. Das schafft unkontrollierte Risiken.

 

 Merkhilfe: Shadow = im Verborgenen. Mitarbeiter nutzen eigene Tools ohne IT-Genehmigung = Shadow IT.","Threat Actors Cryptographic Solutions","","","","","0","0","266","1","2500","0","0","1777740526670"
"1728934123174","g#b@F+mTx!_2","sy0-701-objective-2-2","2.2 Threat Vectors and Attack Surfaces","M2-007: What is the method an attacker uses to gain access to a target system called?
A: Threat vector
B: Threat actor
C: Threat intelligence
D: Security baseline",">> CORRECT: A | Threat vector

Der Threat Vector ist der Weg oder die Methode des Angriffs. Der Threat Actor ist dagegen die handelnde Partei.

 

 Merkhilfe: Vector = Richtung/Weg. Threat Vector = welcher Weg wurde für den Angriff genutzt.","Threat Vectors and Attack Surfaces","","","","","0","0","271","1","2500","0","0","1777740526670"
"1728934553820","i=yQ|>QOeu_2","sy0-701-objective-2-2","2.2 Threat Vectors and Attack Surfaces","M2-008: Which social engineering attack uses a phone call to obtain valuable information?
A: Smishing
B: Phishing
C: Typosquatting
D: Vishing",">> CORRECT: D | Vishing

Vishing steht für Voice Phishing. Der Kanal ist der entscheidende Hinweis: Telefonanruf statt E-Mail oder SMS.

 

 Merkhilfe: Vishing = Voice + Phishing. Phishing per Telefon statt per E-Mail.","Threat Vectors and Attack Surfaces","","","","","0","0","275","1","2500","0","0","1777740526670"
"1728934644990","bGiNTqQ~;e_1","sy0-701-objective-2-2","2.2 Threat Vectors and Attack Surfaces","M2-009: Which technique calls many phone numbers to discover active systems or modems?
A: Wardriving
B: Bluesnarfing
C: War dialing
D: Vishing",">> CORRECT: C | War dialing

War Dialing prüft Telefonnummern auf erreichbare Systeme. Wardriving betrifft WLAN-Suche, Vishing ist Social Engineering per Telefon.

 

 Merkhilfe: War Dialing = alles anrufen. Sucht aktive Modems/Systeme durch massenhaftes Anwählen.","Threat Vectors and Attack Surfaces","","","","","0","0","276","1","2500","0","0","1777740526670"
"1728934726218","Moy8h)+GHo_2","sy0-701-objective-3-1","3.1 Architecture Models","M2-010: Which type of network is intentionally isolated from the internet?
A: Air-gapped network
B: Ad hoc network
C: Guest network
D: Zero Trust network",">> CORRECT: A | Air-gapped network

Ein Air Gap trennt Systeme physisch oder logisch vom Internet. Die Isolation reduziert Remote-Angriffswege, beseitigt aber nicht alle Risiken.

 

 Merkhilfe: Air Gap = Luftlücke. Physisch vom Internet getrennt. Kein Kabel, keine WLAN-Verbindung nach außen.","Threat Vectors and Attack Surfaces","","","","","0","0","277","1","2500","0","0","1777740526670"
"1728934802697","vmojs~+ONB_2","sy0-701-objective-2-2","2.2 Threat Vectors and Attack Surfaces","M2-011: Which systems no longer receive security patches or vendor support?
A: Managed systems
B: Segmented systems
C: Unsupported systems
D: Hardened systems",">> CORRECT: C | Unsupported systems

Unsupported Systems erhalten keine Hersteller-Patches mehr. Das macht bekannte Schwachstellen dauerhaft riskant.

 

 Merkhilfe: End of Life = kein Support mehr. Kein Patch = bekannte Lücken bleiben dauerhaft offen.","Threat Vectors and Attack Surfaces Asset Management","","","","","0","0","279","1","2500","0","0","1777740526670"
"1728935077569","e`)NgSqKaP_1","sy0-701-objective-2-2","2.2 Threat Vectors and Attack Surfaces","M2-012: What does MSP stand for in an IT services context?
A: Managed Security Protocol
B: Mobile Service Platform
C: Monitoring Service Policy
D: Managed Service Provider",">> CORRECT: D | Managed Service Provider

MSP bedeutet Managed Service Provider. Gemeint ist ein externer Dienstleister für IT-Betrieb oder IT-Services.

 

 Merkhilfe: MSP = ausgelagerter IT-Dienstleister. Verwaltet IT-Systeme für andere Unternehmen.","Threat Vectors and Attack Surfaces","","","","","0","0","281","1","2500","0","0","1777740526670"
"1728935633818","II9PJ}U]RH_1","sy0-701-objective-2-2","2.2 Threat Vectors and Attack Surfaces","M2-013: Which threat vector involves physical media such as USB devices being introduced into an environment?
A: Removable device vector
B: Wireless vector
C: Supply chain vector
D: Cloud vector",">> CORRECT: A | Removable device vector

Removable Devices sind physische Datentraeger oder USB-Geräte. Sie bringen Risiken direkt in die Umgebung statt über das Internet.

 

 Merkhilfe: USB rein = Schadsoftware rein. Removable Device = physischer Angriffsvektor ohne Netzwerk.","Threat Vectors and Attack Surfaces Architecture Models","","","","","0","0","285","1","2500","0","0","1777740526670"
"1728936074534","DQRX[pu9w^_1","sy0-701-objective-2-2","2.2 Threat Vectors and Attack Surfaces","M2-014: What should be changed early when installing a new device or service?
A: Hash algorithms
B: Default credentials
C: DNS records
D: File extensions",">> CORRECT: B | Default credentials

Default Credentials sind bekannte Standardzugangsdaten. Sie müssen beim Einrichten ersetzt werden, sonst bleibt der Zugriff trivial.

 

 Merkhilfe: admin/admin = Default = gefährlich. Immer sofort nach der Installation ändern.","Threat Vectors and Attack Surfaces","","","","","0","0","290","1","2500","0","0","1777740526670"
"1728936160805","sfO&4x:Q&b_1","sy0-701-objective-2-2","2.2 Threat Vectors and Attack Surfaces","M2-015: Which vector involves tampering with manufacturing, distribution, or underlying infrastructure before a product reaches the organization?
A: Supply chain vector
B: Phishing vector
C: Wireless vector
D: Insider vector",">> CORRECT: A | Supply chain vector

Supply-Chain-Angriffe nutzen Vertrauen in Lieferanten, Hersteller oder Verteilungsketten aus. Das Risiko entsteht vor oder während der Lieferung.

 

 Merkhilfe: Supply Chain = Lieferkette. Kompromittierte Hardware/Software vor Auslieferung = Supply Chain Attack.","Threat Vectors and Attack Surfaces","","","","","0","0","291","1","2500","0","0","1777740526670"
"1728936330357","I<j0&Tk]&g_2","sy0-701-objective-2-2","2.2 Threat Vectors and Attack Surfaces","M2-016: Which social engineering tactic presents malicious content as something legitimate and safe?
A: Pretexting
B: Tailgating
C: Watering hole
D: Phishing",">> CORRECT: D | Phishing

Phishing tarnt bösartige Nachrichten oder Links als vertrauenswuerdig. Der Kern ist die Täuschung über Nachricht oder Inhalt.

 

 Merkhilfe: Phishing = angeln. Köder = E-Mail die aussieht wie echte Bank- oder IT-Nachricht.","Threat Vectors and Attack Surfaces","","","","","0","0","292","1","2500","0","0","1777740526670"
"1728936604868","oy00F3<g~R_1","sy0-701-objective-2-2","2.2 Threat Vectors and Attack Surfaces","M2-017: Which attack registers lookalike or misspelled domains to capture misdirected users?
A: Typosquatting
B: DNS poisoning
C: Watering hole
D: ARP spoofing",">> CORRECT: A | Typosquatting

Typosquatting nutzt Tippfehler oder aehnliche Domainnamen. Ziel ist, Nutzer auf eine fremde oder bösartige Domain zu lenken.

 

 Merkhilfe: Typo = Tippfehler. g00gle.com statt google.com. Fängt Tippfehler-Besucher durch gefälschte Domain ab.","Threat Vectors and Attack Surfaces","","","","","0","0","295","1","2500","0","0","1777740526670"
"1728936658283","Q6]hFXA5f;_1","sy0-701-objective-2-2","2.2 Threat Vectors and Attack Surfaces","M2-018: Which phishing variant uses SMS text messages?
A: Smishing
B: Vishing
C: Whaling
D: Pharming",">> CORRECT: A | Smishing

Smishing ist SMS Phishing.

 

 Merkhilfe: SMS + Phishing = Smishing.","Threat Vectors and Attack Surfaces","","","","","0","0","296","1","2500","0","0","1777740526670"
"1728937017632","EWMO%q&TCX_1","sy0-701-objective-2-2","2.2 Threat Vectors and Attack Surfaces","M2-019: Which social engineering technique uses a fabricated story to manipulate a target into taking an action?
A: Pretexting
B: Typosquatting
C: RF jamming
D: Pass the hash",">> CORRECT: A | Pretexting

Pretexting baut eine glaubhafte Legende oder Rolle auf. Die Geschichte soll das Opfer zur Preisgabe von Informationen bewegen.

 

 Merkhilfe: Pretext = Vorwand. Erfundene Geschichte um Vertrauen zu gewinnen und Informationen zu bekommen.","Threat Vectors and Attack Surfaces","","","","","0","0","297","1","2500","0","0","1777740526670"
"1729003025465","pFCe?R2CIL_1","sy0-701-objective-2-2","2.2 Threat Vectors and Attack Surfaces","M2-020: Which attack occurs when an attacker pretends to be someone else?
A: Impersonation
B: Directory traversal
C: Downgrade attack
D: Buffer overflow",">> CORRECT: A | Impersonation

Impersonation bedeutet, eine fremde Identitaet oder Rolle vorzutaueschen, etwa Bank, Support oder Behoerde.

 

 Merkhilfe: Impersonation = sich ausgeben als. 'Ich bin von der IT-Abteilung...' = klassisches Impersonation.","Threat Vectors and Attack Surfaces","","","","","0","0","298","1","2500","0","0","1777740526670"
"1729003632035","Ge~HPhi/qg_1","sy0-701-objective-2-2","2.2 Threat Vectors and Attack Surfaces","M2-021: Which attack compromises a trusted third-party site used by the intended victims?
A: Phishing
B: Smishing
C: Password spraying
D: Watering hole attack",">> CORRECT: D | Watering hole attack

Bei Watering-Hole-Angriffen wird ein Ort kompromittiert, den die Zielgruppe ohnehin besucht. Der direkte Angriff auf das Ziel wird umgangen.

 

 Merkhilfe: Watering Hole = Wasserstelle. Tier wartet am Wasserloch. Angreifer infiziert die Lieblingsseite der Opfer.","Threat Vectors and Attack Surfaces Identity and Access Management","","","","","0","0","303","1","2500","0","0","1777740526670"
"1729003938350","x#/~m`#y[S_3","sy0-701-objective-2-5","2.5 Mitigation Techniques","M2-022: Which security strategy uses multiple overlapping controls so one failure does not expose the whole environment?
A: Open authorization
B: Password spraying
C: Defense in depth
D: Single sign-on",">> CORRECT: C | Defense in depth

Defense in Depth setzt mehrere Schutzschichten ein. Faellt eine Kontrolle aus, sollen andere Schichten weiter schützen.

 

 Merkhilfe: Defense in Depth = Zwiebelschalenprinzip. Jede Schicht schützt, wenn die äußere versagt.","Mitigation Techniques Identity and Access Management","","","","","0","0","306","1","2500","0","0","1777740526670"
"1729004574263","bDs#~(/T7:_2","sy0-701-objective-2-2","2.2 Threat Vectors and Attack Surfaces","M2-023: Welcher Begriff aus SY0-701 Obj 2.2 (Human vectors) beschreibt gezielte Falschinformation, oft ueber soziale Medien, um die oeffentliche Wahrnehmung zu beeinflussen?
A: Directory traversal
B: Birthday attack
C: Misinformation/disinformation
D: Supply chain attack",">> CORRECT: C | Misinformation/disinformation

SY0-701 Obj 2.2 Human vectors listet explizit ""Misinformation/disinformation"" (PDF S. 6). Frueheres SY0-601-Vokabular ""Influence campaign"" wurde in 701 durch dieses Begriffspaar ersetzt.

Merkhilfe: 701 = Misinformation (irrtuemlich falsch) + Disinformation (absichtlich falsch). ""Influence campaign"" ist 601er-Term.","Threat Vectors and Attack Surfaces","","","","","0","0","311","1","2500","0","0","1777740526670"
"1729005007773","M9|yI/ik[5_2","sy0-701-objective-2-3","2.3 Types of Vulnerabilities","M2-024: What does DLL stand for?
A: Dynamic Link Library
B: Direct Link Loader
C: Data Logic Layer
D: Distributed Load Library",">> CORRECT: A | Dynamic Link Library

DLL steht für Dynamic Link Library. DLLs enthalten gemeinsam nutzbaren Code, den Programme laden können.

 

 Merkhilfe: DLL = Dynamic Link Library. Gemeinsam genutzte Code-Bibliotheken in Windows (.dll-Dateien).","Vulnerabilities","","","","","0","0","316","1","2500","0","0","1777740526670"
"1729005171342","u8z#GbA-Dd_2","sy0-701-objective-2-3","2.3 Types of Vulnerabilities","M2-025: Which attack inserts malicious code into a DLL and causes a running process to load it?
A: LDAP injection
B: Directory traversal
C: DLL injection
D: SQL injection",">> CORRECT: C | DLL injection

DLL Injection missbraucht das Laden von Dynamic Link Libraries durch laufende Prozesse. Dadurch läuft bösartiger Code im Kontext eines legitimen Prozesses.

 

 Merkhilfe: Injection = einspritzen. Böser Code in DLL injizieren → läuft im Kontext des legitimen Prozesses.","Vulnerabilities","","","","","0","0","318","1","2500","0","0","1777740526670"
"1729005242071","t~u;=q~mQf_1","sy0-701-objective-4-8","4.8 Incident Response","M2-026: Which forensic technique examines volatile memory to find evidence such as malware processes?
A: Memory forensics
B: Disk wiping
C: Packet filtering
D: Password spraying",">> CORRECT: A | Memory forensics

Memory Forensics untersucht RAM-Inhalte. Obwohl Speicher fluechtig ist, kann er Hinweise auf laufende Prozesse und Malware liefern.

 

 Merkhilfe: Memory Forensics = RAM analysieren. Volatile = flüchtig. RAM-Inhalt: Schlüssel, Passwörter, laufende Prozesse.","Incident Response Identity and Access Management","","","","","0","0","319","1","2500","0","0","1777740526670"
"1729005878634","rUK_HDF{2A_2","sy0-701-objective-2-3","2.3 Types of Vulnerabilities","M2-027: Which attack writes more data than expected into memory to overwrite adjacent memory areas?
A: Buffer overflow attack
B: Race condition
C: SQL injection
D: Replay attack",">> CORRECT: A | Buffer overflow attack

Ein Buffer Overflow überschreibt Speicherbereiche, wenn Bounds Checking fehlt oder fehlerhaft ist. Das kann Abstuerze oder Codeausfuehrung ermöglichen.

 

 Merkhilfe: Buffer = Puffer. Puffer überlaufen = Nachbaradresse überschreiben → Code-Ausführung möglich.","Vulnerabilities","","","","","0","0","323","1","2500","0","0","1777740526670"
"1729006621297","N36f$E35P8_1","sy0-701-objective-2-3","2.3 Types of Vulnerabilities","M2-028: Which vulnerability occurs when application behavior depends on the timing of simultaneous operations?
A: Race condition
B: Buffer overflow
C: Hash collision
D: DNS poisoning",">> CORRECT: A | Race condition

Race Conditions entstehen durch konkurrierende Ablaufe. Entscheidend ist Timing: Wer greift wann auf welchen Zustand zu?

 

 Merkhilfe: Race = Rennen. Zwei Prozesse rennen um eine Ressource. Wer gewinnt, bestimmt das Ergebnis.","Vulnerabilities","","","","","0","0","326","1","2500","0","0","1777740526670"
"1729007012771","AfiC!Zk#{H_1","sy0-701-objective-2-3","2.3 Types of Vulnerabilities","M2-029: Which attack exploits the gap between checking a value and using that value?
A: TOCTOU attack
B: Birthday attack
C: Pass-the-hash attack
D: Deauthentication attack",">> CORRECT: A | TOCTOU attack

TOCTOU steht für Time-of-Check to Time-of-Use. Der Angriff nutzt das Zeitfenster zwischen Prüfung und Verwendung aus.

 

 Merkhilfe: TOCTOU = Time-of-Check-Time-of-Use. Prüfung und Nutzung liegen auseinander → Manipulation dazwischen.","Vulnerabilities Cryptographic Solutions","","","","","0","0","329","1","2500","0","0","1777740526670"
"1729007731874","PO,!s)XGay_1","sy0-701-objective-2-3","2.3 Types of Vulnerabilities","M2-030: Which attack presents a malicious file as if it were a legitimate software update?
A: Malicious update
B: Downgrade attack
C: Replay attack
D: Logic bomb",">> CORRECT: A | Malicious update

Malicious Updates tarnen Schadcode als legitime Aktualisierung. Schutz: Quelle, Signatur und Update-Prozess pruefen.

 

 Merkhilfe: Update-Dialog + Malware = böses Update. Tarnung als legitimes Update täuscht den User.","Vulnerabilities","","","","","0","0","333","1","2500","0","0","1777740526670"
"1729008958156","nO9Rr,zR{H_2","sy0-701-objective-2-3","2.3 Types of Vulnerabilities","M2-031: What does SQL stand for?
A: Secure Query Layer
B: System Queue Logic
C: Session Query Ledger
D: Structured Query Language",">> CORRECT: D | Structured Query Language

SQL steht für Structured Query Language. Sie wird für Abfragen und Verwaltung relationaler Datenbanken genutzt.

 

 Merkhilfe: SQL = Structured Query Language. Datenbankabfragesprache. SELECT, INSERT, DELETE, UPDATE etc.","Vulnerabilities","","","","","0","0","346","1","2500","0","0","1777740526670"
"1729009069891","E}Oh&>^+?!_2","sy0-701-objective-2-3","2.3 Types of Vulnerabilities","M2-032: Which attack inserts database commands into normal application queries?
A: Cross-site scripting
B: ARP poisoning
C: RF jamming
D: SQL injection",">> CORRECT: D | SQL injection

SQL Injection fuegt eigene Datenbankabfragen in Anwendungseingaben ein. Unsichere Eingabepruefung macht das moeglich.

 

 Merkhilfe: ' OR '1'='1 = klassische SQL Injection. Eigene DB-Befehle in Eingabefeld einschleusen.","Vulnerabilities","","","","","0","0","348","1","2500","0","0","1777740526670"
"1729009370356","w6Z;lUa0M8_2","sy0-701-objective-2-3","2.3 Types of Vulnerabilities","M2-033: Which broad attack type involves adding attacker-controlled code to an application flow?
A: Code injection
B: DNS poisoning
C: Password spraying
D: RF jamming",">> CORRECT: A | Code injection

Code Injection beschreibt das Einschleusen fremden Codes in eine Anwendung. SQLi, LDAP Injection und andere Varianten gehoeren dazu.

 

 Merkhilfe: Injection = einspritzen. Code Injection = Angreifer fügt eigenen Code in die Anwendung ein.","Vulnerabilities","","","","","0","0","352","1","2500","0","0","1777740526670"
"1729009525180","J@r,F-Tq<X_1","sy0-701-objective-4-1","4.1 Security Techniques","M2-034: Which process removes unwanted or malicious content from user input?
A: Input amplification
B: Hash collision
C: Packet capture
D: Input sanitization",">> CORRECT: D | Input sanitization

Input Sanitization entfernt gefährliche oder unerwuenschte Bestandteile aus Eingaben. Das reduziert Injection- und XSS-Risiken.

 

 Merkhilfe: Sanitize = bereinigen. Eingaben säubern = gefährliche Zeichen entfernen bevor Verarbeitung.","Security Techniques Cryptographic Solutions","","","","","0","0","354","1","2500","0","0","1777740526670"
"1729009567783","E[C&f;WG%x_1","sy0-701-objective-4-1","4.1 Security Techniques","M2-035: Which process checks that user input matches the expected structure or format?
A: Input verification
B: Input replay
C: Input exfiltration
D: Input flooding",">> CORRECT: A | Input verification

Input Verification prüft Form und Erwartung: Datentyp, Laenge, Format oder erlaubte Werte. Sanitization entfernt dagegen Inhalte.

 

 Merkhilfe: Verification = Überprüfung. Input Verification = entspricht die Eingabe dem erwarteten Format?","Security Techniques","","","","","0","0","355","1","2500","0","0","1777740526670"
"1729010233588","hSCm147p.&_1","sy0-701-objective-2-3","2.3 Types of Vulnerabilities","M2-036: Which language is most commonly abused in cross-site scripting attacks?
A: SQL
B: PowerShell
C: Bash
D: JavaScript",">> CORRECT: D | JavaScript

XSS nutzt typischerweise JavaScript, weil Browser es für Webinteraktivitaet ausfuehren. Der Angriff läuft im Kontext der Website.

 

 Merkhilfe: XSS = Cross-Site Scripting. JavaScript = Browser-Skriptsprache = bevorzugte XSS-Sprache.","Vulnerabilities","","","","","0","0","361","1","2500","0","0","1777740526670"
"1729010739212","hhM1rY&aK,_1","sy0-701-objective-2-3","2.3 Types of Vulnerabilities","M2-037: Which XSS type is also called a reflected or non-persistent attack?
A: Reflected XSS
B: Stored XSS
C: Blind SQL injection
D: DNS poisoning",">> CORRECT: A | Reflected XSS

Reflected XSS wird nicht dauerhaft gespeichert. Der bösartige Inhalt wird über Anfrage oder Link zurueck an den Browser reflektiert.

 

 Merkhilfe: Reflected = zurückgeworfen. Schadscript in URL → Server spiegelt es zurück → Browser führt es aus.","Vulnerabilities","","","","","0","0","362","1","2500","0","0","1777740526670"
"1729010808752","hK6y_w7KE%_2","sy0-701-objective-2-3","2.3 Types of Vulnerabilities","M2-038: Which XSS type stores malicious script so it can affect users later?
A: Pass the hash
B: War dialing
C: Persistent XSS
D: Reflected XSS",">> CORRECT: C | Persistent XSS

Persistent oder Stored XSS wird auf dem Server gespeichert. Dadurch kann der Code später bei weiteren Nutzern ausgeführt werden.

 

 Merkhilfe: Persistent = gespeichert. Bösartiges Script im Forum/Kommentar gespeichert → trifft alle Leser.","Vulnerabilities","","","","","0","0","363","1","2500","0","0","1777740526670"
"1729010864188","Nv4veBoLSv_1","sy0-701-objective-2-3","2.3 Types of Vulnerabilities","M2-039: What is another name for persistent XSS?
A: Birthday attack
B: Stored XSS attack
C: Reflected attack
D: Deauthentication attack",">> CORRECT: B | Stored XSS attack

Persistent XSS heisst auch Stored XSS, weil das Skript dauerhaft in Anwendung oder Datenbank abgelegt wird.

 

 Merkhilfe: Stored = gespeichert = Persistent. Stored XSS = Persistent XSS = Skript in Datenbank gespeichert.","Vulnerabilities","","","","","0","0","365","1","2500","0","0","1777740526670"
"1729011152083","IRY_1%kqVc_3","sy0-701-objective-2-3","2.3 Types of Vulnerabilities","M2-040: Which developer control helps prevent XSS by removing attacker-supplied script from input?
A: Input sanitization
B: Packet sniffing
C: RF attenuation
D: DNS recursion",">> CORRECT: A | Input sanitization

Gegen XSS helfen Sanitization und Validation/Verification. Sanitization entfernt oder neutralisiert Script-Inhalte.

 

 Merkhilfe: Sanitize = desinfizieren. Eingaben bereinigen bevor sie verarbeitet werden → XSS/Injection verhindern.","Vulnerabilities","","","","","0","0","368","1","2500","0","0","1777740526670"
"1729016237394","fDk0_;R~pq_2","sy0-701-objective-2-3","2.3 Types of Vulnerabilities","M2-041: What does IoT stand for?
A: Input Output Trust
B: Internet of Threats
C: Internet of Things
D: Integrity of Tokens",">> CORRECT: C | Internet of Things

IoT bedeutet Internet of Things: vernetzte Geräte, Sensoren und eingebettete Systeme mit eigener Software.

 

 Merkhilfe: IoT = Internet of Things. Alle vernetzten Geräte: Smart Home, Sensoren, Kameras.","Vulnerabilities","","","","","0","0","372","1","2500","0","0","1777740526670"
"1729016393818","gKV31qB:>._1","sy0-701-objective-2-3","2.3 Types of Vulnerabilities","M2-042: Which date marks when a manufacturer stops making a product or software?
A: Mean time to repair (MTTR)
B: Recovery point objective (RPO)
C: End of Life (EOL)
D: End of Service Life (EOSL)",">> CORRECT: C | End of Life (EOL)

EOL bezieht sich auf das Ende der Produktion oder Produktlebensphase. EOSL ist spezifischer das Ende von Support und Updates.

 

 Merkhilfe: EOL = Ende der Produktion. Kein neues Gerät mehr → danach kein Support mehr.","Vulnerabilities Resilience and Recovery","","","","","0","0","375","1","2500","0","0","1777740526670"
"1729016466796","d`&K0Jhh_s_1","sy0-701-objective-2-3","2.3 Types of Vulnerabilities","M2-043: Which date marks when a vendor stops providing support or updates?
A: End of Service Life (EOSL)
B: End of Life (EOL)
C: Change freeze
D: Patch Tuesday",">> CORRECT: A | End of Service Life (EOSL)

EOSL ist kritisch für Sicherheit, weil danach keine regulaeren Updates oder Supportleistungen mehr kommen.

 

 Merkhilfe: EOSL = Ende des Supports. Kein Patch mehr → offene Lücken bleiben dauerhaft bestehen.","Vulnerabilities Asset Management","","","","","0","0","377","1","2500","0","0","1777740526670"
"1729016997815","n8B]P5kh92_1","sy0-701-objective-2-3","2.3 Types of Vulnerabilities","M2-044: What is software programmed directly into hardware called?
A: Middleware
B: Freeware
C: Hypervisor
D: Firmware",">> CORRECT: D | Firmware

Firmware ist Software auf oder nahe an Hardware, etwa in Routern, IoT-Geräten oder Controllern. Sie muss ebenfalls gepatcht werden.

 

 Merkhilfe: Firmware = feste Software im Gerät. Router, Drucker, IoT-Geräte = alle haben Firmware.","Vulnerabilities","","","","","0","0","381","1","2500","0","0","1777740526670"
"1729017742984","s]w+DC1BGM_1","sy0-701-objective-2-3","2.3 Types of Vulnerabilities","M2-045: Which virtualization attack lets an attacker move from one virtual machine to another or toward the host layer?
A: Directory traversal
B: RF jamming
C: Typosquatting
D: VM escape",">> CORRECT: D | VM escape

VM Escape durchbricht die Isolation virtueller Maschinen. Das Ziel ist Zugriff ausserhalb der kompromittierten VM.

 

 Merkhilfe: Escape = ausbrechen. VM Escape = aus der VM ausbrechen zum Host oder zu anderen VMs.","Vulnerabilities","","","","","0","0","388","1","2500","0","0","1777740526670"
"1729017832455","k853nM>Fu,_2","sy0-701-objective-2-3","2.3 Types of Vulnerabilities","M2-046: Which virtualization issue can expose memory or resources from one VM to another?
A: Password spraying
B: DNS poisoning
C: Resource reuse
D: Shadow IT",">> CORRECT: C | Resource reuse

Resource Reuse beschreibt Wiederverwendung von Speicher oder Ressourcen ohne saubere Trennung. In Virtualisierung kann das Daten zwischen VMs preisgeben.

 

 Merkhilfe: Reuse = Wiederverwendung. Alter Speicher einer VM nicht gelöscht → nächste VM sieht alte Daten.","Vulnerabilities Threat Vectors and Attack Surfaces","","","","","0","0","389","1","2500","0","0","1777740526670"
"1729017946321","Lp:Z^6x$9]_1","sy0-701-objective-2-3","2.3 Types of Vulnerabilities","M2-047: Which component manages multiple virtual machines on the same hardware?
A: Hypervisor
B: Container registry
C: Domain registrar
D: Jump server",">> CORRECT: A | Hypervisor

Der Hypervisor stellt die Virtualisierungsschicht bereit und verwaltet VMs auf gemeinsamer Hardware.

 

 Merkhilfe: Hyper = über. Hypervisor sitzt über den VMs (Typ 1: bare metal, Typ 2: auf OS).","Vulnerabilities Architecture Models","","","","","0","0","391","1","2500","0","0","1777740526670"
"1729018546549","tv=Y>m;cwC_1","sy0-701-objective-4-3","4.3 Vulnerability Management","M2-048: Which system uses a 0-10 score to rate vulnerability severity?
A: Common Vulnerabilities and Exposures (CVE)
B: Security Content Automation Protocol (SCAP)
C: Domain Name System (DNS)
D: Common Vulnerability Scoring System (CVSS)",">> CORRECT: D | Common Vulnerability Scoring System (CVSS)

CVSS bewertet Schweregrade von Schwachstellen numerisch. CVE identifiziert Schwachstellen, CVSS bewertet ihre Kritikalitaet.

 

 Merkhilfe: CVSS = 0–10 Schwere. 10 = kritisch. Standard für Schwachstellenbewertung in der ganzen Branche.","Vulnerabilities Vulnerability Management","","","","","0","0","393","1","2500","0","0","1777740526670"
"1729018727159","EUn]/TNTVs_1","sy0-701-objective-2-3","2.3 Types of Vulnerabilities","M2-049: Which attack type is especially relevant to public cloud services because they are internet-accessible?
A: War dialing
B: DoS/DDoS
C: RF jamming
D: RFID cloning",">> CORRECT: B | DoS/DDoS

Cloud-Dienste sind öffentlich erreichbar und daher häufig Ziele von DoS oder DDoS, die Verfuegbarkeit angreifen.

 

 Merkhilfe: Cloud = öffentlich erreichbar = DDoS-Ziel. Elastische Cloud-Kosten können durch DDoS explodieren.","Vulnerabilities","","","","","0","0","396","1","2500","0","0","1777740526670"
"1729018813146","n|n9k7IwXD_2","sy0-701-objective-2-4","2.4 Indicators of Malicious Activity","M2-050: Which attack navigates outside intended folders or paths to access files?
A: Pass the hash
B: Directory traversal
C: SQL injection
D: Cross-site request forgery",">> CORRECT: B | Directory traversal

Directory Traversal nutzt Pfadangaben, um ausserhalb des vorgesehenen Verzeichnisses zu lesen oder zu schreiben.

 

 Merkhilfe: ../../../etc/passwd = Directory Traversal. Hoch navigieren um auf unerlaubte Dateien zuzugreifen.","Vulnerabilities","","","","","0","0","397","1","2500","0","0","1777740526670"
"1729019182230","D?BinDm4Co_1","sy0-701-objective-2-3","2.3 Types of Vulnerabilities","M2-051: Which memory vulnerability writes outside the intended memory boundary?
A: Hash collision
B: DNS poisoning
C: Session hijacking
D: Out-of-bounds write",">> CORRECT: D | Out-of-bounds write

Out-of-Bounds Write schreibt ausserhalb erlaubter Speicherbereiche. Das kann Absturz, Datenkorruption oder Codeausfuehrung ermöglichen.

 

 Merkhilfe: Out-of-bounds = außerhalb der Grenzen. Über Array-Ende hinaus schreiben → Speicherkorruption.","Vulnerabilities","","","","","0","0","402","1","2500","0","0","1777740526670"
"1729019659956","l*}5h/<`na_1","sy0-701-objective-2-3","2.3 Types of Vulnerabilities","M2-052: Which vulnerability exists when compromised products or services enter an organization through trusted suppliers?
A: Directory traversal
B: Password spraying
C: Birthday attack
D: Supply chain vulnerability",">> CORRECT: D | Supply chain vulnerability

Supply-Chain-Schwachstellen liegen in Lieferanten, Komponenten oder Diensten, denen eine Organisation vertraut.

 

 Merkhilfe: Supply Chain = Lieferkette. Kompromittiertes Produkt vor Ankunft beim Kunden = Supply Chain Vulnerability.","Vulnerabilities Identity and Access Management","","","","","0","0","405","1","2500","0","0","1777740526670"
"1729019769922","eom;3~:!TY_2","sy0-701-objective-5-3","5.3 Third-party Risk","M2-053: Which ongoing review should be part of agreements with third-party service providers?
A: Security audits
B: Birthday attacks
C: Deauthentication frames
D: Hash collisions",">> CORRECT: A | Security audits

Security Audits bei Dritten pruefen, ob vereinbarte Kontrollen und Sicherheitsanforderungen eingehalten werden.

 

 Merkhilfe: Audits in Drittanbieter-Verträge einbauen. Drittanbieter müssen regelmäßig geprüft werden.","Vulnerabilities","","","","","0","0","407","1","2500","0","0","1777740526670"
"1729019963492","tw}ZO5FjKz_1","sy0-701-objective-2-3","2.3 Types of Vulnerabilities","M2-054: Which security model treats new supply-chain hardware as untrusted until verified?
A: Open access
B: Single sign-on
C: Zero Trust
D: Implicit trust",">> CORRECT: C | Zero Trust

Zero Trust bedeutet: nicht automatisch vertrauen, sondern pruefen. Das passt besonders bei unbekannter Lieferkettenintegritaet.

 

 Merkhilfe: Zero Trust = nichts vertrauen, alles prüfen. Neue Hardware aus der Supply Chain = unvertrauenswürdig bis Prüfung.","Vulnerabilities","","","","","0","0","409","1","2500","0","0","1777740526670"
"1729020064785","Hg{a7j+8hA_1","sy0-701-objective-2-3","2.3 Types of Vulnerabilities","M2-055: Which software property helps validate that code came from a trusted publisher and was not altered?
A: Management frame
B: Digital signature
C: Open port
D: Host file",">> CORRECT: B | Digital signature

Digitale Signaturen bestaetigen Herausgeber und Integritaet. Veraenderte Software wuerde die Signaturpruefung nicht bestehen.

 

 Merkhilfe: Code-Signierung = Publisher-Nachweis. Signierter Code kommt wirklich vom angegebenen Hersteller.","Vulnerabilities","","","","","0","0","410","1","2500","0","0","1777740526670"
"1729020157178","z!O.K2A~q]_3","sy0-701-objective-2-3","2.3 Types of Vulnerabilities","M2-056: Which term describes the process from raw materials through delivery of a product or service?
A: Threat vector
B: Control plane
C: Supply chain
D: Attack surface",">> CORRECT: C | Supply chain

Die Supply Chain umfasst Herstellung, Komponenten, Dienstleister, Transport und Bereitstellung bis zum Endnutzer.

 

 Merkhilfe: Supply Chain = Lieferkette von Rohstoffen bis Auslieferung. Jeder Schritt ist ein möglicher Angriffspunkt.","Vulnerabilities Architecture Models","","","","","0","0","411","1","2500","0","0","1777740526670"
"1729093945243","FySsH~*9kH_1","sy0-701-objective-2-3","2.3 Types of Vulnerabilities","M2-057: What is the Linux administrator account called?
A: Guest
B: Service
C: root
D: Administrator",">> CORRECT: C | root

root ist der klassische Superuser unter Linux/Unix. Windows verwendet dagegen typischerweise Administrator.

 

 Merkhilfe: root = Gott in Linux. Höchste Privilegien, kein Limit. Äquivalent zu Administrator in Windows.","Vulnerabilities","","","","","0","0","414","1","2500","0","0","1777740526670"
"1729094001244","Dt=&nmPxIk_1","sy0-701-objective-2-3","2.3 Types of Vulnerabilities","M2-058: What generic term describes highly privileged administrator-level accounts across systems?
A: Service consumer
B: Superuser
C: Guest user
D: Standard user",">> CORRECT: B | Superuser

Superuser bezeichnet Konten mit sehr hohen Rechten, etwa root oder Administrator. Solche Konten müssen besonders begrenzt werden.

 

 Merkhilfe: Superuser = Super-Nutzer. Linux: root, Windows: Administrator. Alle Rechte, keine Beschränkungen.","Vulnerabilities","","","","","0","0","416","1","2500","0","0","1777740526670"
"1729094357667","kbJ(&j_D[x_1","sy0-701-objective-4-5","4.5 Enterprise Security","M2-059: Which protocol provides encrypted remote administration and is a secure alternative to Telnet?
A: Telnet
B: SMTP
C: SSH
D: FTP",">> CORRECT: C | SSH

SSH verschlüsselt Remote-Shell-Kommunikation. Telnet übertraegt dagegen unverschlüsselt und gilt als unsicher.

 

 Merkhilfe: SSH = Secure Shell. Telnet war unverschlüsselt → SSH als sicherer Ersatz. Port 22.","Vulnerabilities","","","","","0","0","421","1","2500","0","0","1777740526670"
"1729094464415","sUdl^#GvbG_2","sy0-701-objective-4-4","4.4 Security Monitoring","M2-060: Which technique collects network traffic for analysis and can reveal insecure transmissions?
A: Packet capture
B: RFID cloning
C: Rooting
D: Birthday attack",">> CORRECT: A | Packet capture

Packet Capture oder Sniffing zeichnet Netzwerkpakete auf. Damit lassen sich Klartextprotokolle und verdachtige Kommunikation erkennen.

 

 Merkhilfe: Packet Capture = Netzwerkverkehr mitschneiden. Wireshark = bekanntestes Tool. Kann Klartext sehen.","Vulnerabilities Architecture Models","","","","","0","0","422","1","2500","0","0","1777740526670"
"1729094720670","cP-e&Z-aBh_1","sy0-701-objective-4-5","4.5 Enterprise Security","M2-061: Which security control commonly filters traffic to protect open ports?
A: Logic bomb
B: Hypervisor
C: Firewall
D: Keylogger",">> CORRECT: C | Firewall

Firewalls erlauben oder blockieren Verkehr anhand von Regeln. Sie sind zentrale Kontrollen zum Schutz von Ports und Services.

 

 Merkhilfe: Firewall = Brandmauer. Filtert Traffic nach Regeln. Schützt offene Ports vor unerlaubtem Zugriff.","Vulnerabilities","","","","","0","0","427","1","2500","0","0","1777740526670"
"1729095666668","xAdrc1+5UQ_1","sy0-701-objective-2-3","2.3 Types of Vulnerabilities","M2-062: What is modifying Android to bypass default OS restrictions commonly called?
A: Typosquatting
B: Rooting
C: Sideloading
D: Smishing",">> CORRECT: B | Rooting

Rooting hebt Android-Beschraenkungen auf. Bei iOS heisst ein vergleichbarer Eingriff Jailbreaking.

 

 Merkhilfe: Root = Admin in Linux. Android rooten = Linux-Root-Rechte bekommen. Herstellergarantie erlischt.","Vulnerabilities","","","","","0","0","432","1","2500","0","0","1777740526670"
"1729095773945","G3;$6zp>*8_1","sy0-701-objective-4-1","4.1 Security Techniques","M2-063: What does MDM stand for in mobile security?
A: Mobile Device Management
B: Managed Domain Mapping
C: Memory Dump Monitor
D: Mobile Data Masking",">> CORRECT: A | Mobile Device Management

MDM steht für Mobile Device Management. Es erzwingt Richtlinien, Konfigurationen und Sicherheitsvorgaben auf Mobilgeraeten.

 

 Merkhilfe: MDM = Mobile Device Management. Unternehmens-Tool zur zentralen Verwaltung von Smartphones.","Vulnerabilities Security Techniques","","","","","0","0","433","1","2500","0","0","1777740526670"
"1729096077718","EW.^lF1Zbq_1","sy0-701-objective-2-3","2.3 Types of Vulnerabilities","M2-064: What is installing mobile apps from outside approved app stores called?
A: Sideloading
B: Rooting
C: Smishing
D: Vishing",">> CORRECT: A | Sideloading

Sideloading installiert Apps ausserhalb genehmigter Quellen. Das kann Sicherheitskontrollen von App-Stores umgehen.

 

 Merkhilfe: Sideloading = von der Seite laden. Nicht aus offiziellem App Store → kein Store-Security-Review.","Vulnerabilities Threat Vectors and Attack Surfaces","","","","","0","0","436","1","2500","0","0","1777740526670"
"1729096456640","lLg7ZYw9LD_1","sy0-701-objective-2-3","2.3 Types of Vulnerabilities","M2-065: Which attack exploits a new vulnerability before a patch is available?
A: Password spraying
B: Zero-day attack
C: Replay attack
D: Watering hole attack",">> CORRECT: B | Zero-day attack

Zero-day bedeutet, dass es noch keinen Patch oder keine bekannte Abwehr gibt. Angreifer nutzen das Zeitfenster vor der Behebung.

 

 Merkhilfe: Zero Day = null Tage Vorwarnung. Lücke bekannt, noch kein Patch → Angriff am 'Tag null'.","Vulnerabilities","","","","","0","0","441","1","2500","0","0","1777740526670"
"1729096807696","vNi(^6dwF{_1","sy0-701-objective-2-4","2.4 Indicators of Malicious Activity","M2-066: Which broad term describes software that performs malicious actions?
A: Bloatware
B: Middleware
C: Malware
D: Firmware",">> CORRECT: C | Malware

Malware ist der Oberbegriff für bösartige Software wie Viren, Wuermer, Ransomware, Spyware oder Trojaner.

 

 Merkhilfe: Malware = Malicious Software. Oberbegriff: Virus, Wurm, Trojaner, Ransomware, Spyware.","Malicious Activity Indicators","","","","","0","0","444","1","2500","0","0","1777740526670"
"1729097089990","w5/XJ%HrZ<_1","sy0-701-objective-2-4","2.4 Indicators of Malicious Activity","M2-067: Which malware type is best mitigated by frequent offline backups?
A: Firmware
B: Typosquatting
C: Ransomware
D: Bloatware",">> CORRECT: C | Ransomware

Ransomware verschlüsselt oder sperrt Daten. Offline-Backups bleiben für Malware schwerer erreichbar und ermöglichen Wiederherstellung.

 

 Merkhilfe: Ransomware = Lösegeld-Erpressung. Offline-Backup ≠ verbunden mit Netz → Ransomware kann es nicht verschlüsseln.","Malicious Activity Indicators Resilience and Recovery","","","","","0","0","448","1","2500","0","0","1777740526670"
"1729097293203","HZM=}]UnOd_3","sy0-701-objective-2-4","2.4 Indicators of Malicious Activity","M2-068: Which malware records keystrokes and sends them to an attacker?
A: Logic bomb
B: Worm
C: Keylogger
D: Rootkit",">> CORRECT: C | Keylogger

Keylogger erfassen Tastatureingaben, etwa Passwoerter oder Kreditkartendaten. Der Hinweis ist das Mitschneiden von Keystrokes.

 

 Merkhilfe: Key = Taste, Logger = Aufzeichner. Keylogger = Tastatureingaben aufzeichnen → Passwörter stehlen.","Malicious Activity Indicators","","","","","0","0","452","1","2500","0","0","1777740526670"
"1729097352286","FSW_lap/O7_1","sy0-701-objective-2-4","2.4 Indicators of Malicious Activity","M2-069: Which malware appears useful or legitimate while installing malicious code?
A: Worm
B: Logic bomb
C: Bloatware
D: Trojan horse",">> CORRECT: D | Trojan horse

Ein Trojaner tarnt sich als legitime Software. Im Gegensatz zum Worm repliziert er sich nicht zwingend selbststaendig.

 

 Merkhilfe: Trojaner = trojanisches Pferd. Nützlich aussehen, heimlich Böses tun. Als legitime App getarnt.","Malicious Activity Indicators","","","","","0","0","454","1","2500","0","0","1777740526670"
"1729097429318","cLOkZ}$?cX_1","sy0-701-objective-2-4","2.4 Indicators of Malicious Activity","M2-070: Which attack installs malware simply by visiting a malicious or compromised link or page?
A: Birthday attack
B: Password spraying
C: Drive-by download
D: War dialing",">> CORRECT: C | Drive-by download

Drive-by Downloads versuchen Schadsoftware beim Besuch einer Seite auszuliefern, oft ohne bewusste Installation durch den Nutzer.

 

 Merkhilfe: Drive-by = vorbeifahren. Nur die Seite besuchen reicht → Browser-Exploit installiert Malware automatisch.","Malicious Activity Indicators Identity and Access Management","","","","","0","0","456","1","2500","0","0","1777740526670"
"1729097907113","bbhR,n([)_2","sy0-701-objective-2-4","2.4 Indicators of Malicious Activity","M2-071: Which virus type runs primarily in memory to avoid file-based detection?
A: Fileless virus
B: Boot sector virus
C: Program virus
D: Macro virus",">> CORRECT: A | Fileless virus

Fileless Malware arbeitet stark im Speicher und hinterlaesst weniger klassische Dateien. Das erschwert signaturbasierte Erkennung.

 

 Merkhilfe: Fileless = ohne Datei. Läuft nur im RAM → keine Datei auf Disk → schwerer zu erkennen.","Malicious Activity Indicators","","","","","0","0","464","1","2500","0","0","1777740526670"
"1729098014967","f@i76aDB+y_1","sy0-701-objective-2-4","2.4 Indicators of Malicious Activity","M2-072: Which malware self-replicates between systems without user intervention?
A: Logic bomb
B: Worm
C: Trojan horse
D: Keylogger",">> CORRECT: B | Worm

Wuermer verbreiten sich selbststaendig über Netzwerke. Viren benoetigen häufig Nutzeraktion oder infizierte Dateien.

 

 Merkhilfe: Worm = Wurm. Verbreitet sich selbst durchs Netz. Kein User-Klick nötig (anders als ein Virus).","Malicious Activity Indicators","","","","","0","0","466","1","2500","0","0","1777740526670"
"1729098302259","IY_9BNoh!&_1","sy0-701-objective-2-4","2.4 Indicators of Malicious Activity","M2-073: Which virus type runs as an application or as part of an application?
A: Boot sector virus
B: Fileless virus
C: Rootkit
D: Program virus",">> CORRECT: D | Program virus

Program Viruses infizieren ausfuehrbare Programme oder laufen als Anwendungsteil. Boot-Sector-Viren setzen frueher im Startprozess an.

 

 Merkhilfe: Program Virus = in einer .exe. Läuft als Programm oder als Teil eines Programms.","Malicious Activity Indicators","","","","","0","0","471","1","2500","0","0","1777740526670"
"1729098545424","OCsIZWC%;|_2","sy0-701-objective-2-4","2.4 Indicators of Malicious Activity","M2-074: Which malware monitors activity on a system?
A: Spyware
B: Ransomware
C: Firmware
D: Bloatware",">> CORRECT: A | Spyware

Spyware beobachtet Nutzer- oder Systemaktivitaeten und kann Daten abgreifen. Der Hinweis ist Überwachung.

 

 Merkhilfe: Spy = Spion. Spyware = beobachtet was du tust. Keylogger ist eine bekannte Unterkategorie.","Malicious Activity Indicators","","","","","0","0","473","1","2500","0","0","1777740526670"
"1729098771491","n:aAh(P|#N_2","sy0-701-objective-2-4","2.4 Indicators of Malicious Activity","M2-075: Which preinstalled manufacturer or partner software may be unwanted but is not necessarily malware?
A: Rootkit
B: Ransomware
C: Worm
D: Bloatware",">> CORRECT: D | Bloatware

Bloatware ist unerwuenschte oder überfluessige Vorinstallation. Sie ist nicht automatisch Malware, kann aber Ressourcen und Risiken erhoehen.

 

 Merkhilfe: Bloat = aufgebläht. Preinstallierter 'Datenmüll' vom Hersteller. Nicht bösartig aber lästig.","Malicious Activity Indicators Security Techniques","","","","","0","0","478","1","2500","0","0","1777740526670"
"1729099376881","krS#Pa`q`,_2","sy0-701-objective-2-4","2.4 Indicators of Malicious Activity","M2-076: Which malware provides remote access and may capture keystrokes, screenshots, or other data?
A: Worm
B: Boot sector virus
C: Remote Access Trojan (RAT)
D: Logic bomb",">> CORRECT: C | Remote Access Trojan (RAT)

Ein RAT gibt Angreifern Fernzugriff und Datensammelfunktionen. Er tarnt sich typischerweise als Trojaner.

 

 Merkhilfe: RAT = Ratte. Remote Access Trojan = Fernzugriff für Angreifer. Tarnt sich als legitime Anwendung.","Malicious Activity Indicators","","","","","0","0","484","1","2500","0","0","1777740526670"
"1729099431734","IN[,~!Hqp:_2","sy0-701-objective-2-4","2.4 Indicators of Malicious Activity","M2-077: Which malware waits for a specific condition before executing?
A: Bloatware
B: Logic bomb
C: Keylogger
D: Worm",">> CORRECT: B | Logic bomb

Logic Bombs werden durch Bedingung, Aktion oder Zeitpunkt ausgelöst. Bis dahin können sie unauffaellig bleiben.

 

 Merkhilfe: Logic Bomb = tickende Zeitbombe. Wartet auf Trigger (Datum, Aktion) bevor sie 'explodiert'.","Malicious Activity Indicators","","","","","0","0","486","1","2500","0","0","1777740526670"
"1729099804993","wX!?`37FOV_1","sy0-701-objective-2-5","2.5 Mitigation Techniques","M2-078: Which feature verifies operating system component signatures before loading to help detect rootkits?
A: DNSSEC zone transfer
B: Password spraying
C: UEFI Secure Boot
D: Packet capture",">> CORRECT: C | UEFI Secure Boot

UEFI Secure Boot prüft Signaturen im Bootprozess. Dadurch können manipulierte Boot- oder OS-Komponenten auffallen.

 

 Merkhilfe: Secure Boot = sicheres Booten. UEFI prüft Signatur des Betriebssystems vor dem Start.","Malicious Activity Indicators","","","","","0","0","492","1","2500","0","0","1777740526670"
"1729103336431","JwMv6,(t8N_3","sy0-701-objective-2-4","2.4 Indicators of Malicious Activity","M2-079: Which physical attack copies the radio signature of an access card?
A: War dialing
B: RFID cloning
C: RF jamming
D: Vishing",">> CORRECT: B | RFID cloning

RFID Cloning kopiert die Kennung eines RFID-Ausweises oder Tokens. MFA und Kartenkontrollen reduzieren dieses Risiko.

 

 Merkhilfe: RFID Cloning = Ausweis kopieren. Nähe zum Ausweis + Lesegerät → Kopie in Sekunden.","Malicious Activity Indicators","","","","","0","0","498","1","2500","0","0","1777740526670"
"1729103461406","sE=5%9:Wu@_2","sy0-701-objective-4-6","4.6 Identity and Access Management","M2-080: Which control requires more than one authentication factor?
A: Multi-factor authentication
B: Single sign-on
C: Password spraying
D: Default credentials",">> CORRECT: A | Multi-factor authentication

MFA kombiniert mindestens zwei Faktoren, etwa Wissen, Besitz oder Biometrie. Dadurch reicht ein einzelnes gestohlenes Passwort nicht aus.

Merkhilfe: MFA = mehr als ein Faktor. Etwas was du weisst + hast + bist = mindestens 2 von 3 Faktoren.

CURRENCY-HINWEIS (NIST SP 800-63B-4, Juli 2025): SMS-OTP und Voice-OTP sind seit 2025 NICHT mehr AAL2-konform (eingestuft als ""restricted authenticator""). Bevorzugt: TOTP-App (Authenticator), FIDO2/WebAuthn-Passkey, Hardware-Token (YubiKey). SY0-701-PDF (Obj 4.6) listet SMS noch unveraendert — in Praxis-Szenarien aber veraltete Empfehlung.","Malicious Activity Indicators","","","","","0","0","500","1","2500","0","0","1777740526670"
"1729103670834","mfR6sw!u+E_2","sy0-701-objective-2-4","2.4 Indicators of Malicious Activity","M2-081: Which attack disrupts supporting conditions such as power, HVAC, or fire suppression?
A: DLL injection
B: Environmental attack
C: Birthday attack
D: Pass-the-hash attack",">> CORRECT: B | Environmental attack

Environmental Attacks zielen auf Umgebung und Infrastruktur. Beispiele sind Strom, Kuehlung oder Brandschutz.

 

 Merkhilfe: Environment = Umgebung. Strom weg, Überhitzung, Feuer → Systeme fallen aus = Environmental Attack.","Malicious Activity Indicators","","","","","0","0","503","1","2500","0","0","1777740526670"
"1729104062053","crd7`imw^+_2","sy0-701-objective-2-4","2.4 Indicators of Malicious Activity","M2-082: Which attack forces a service to fail or become unavailable?
A: Denial of Service (DoS)
B: Cross-site scripting
C: Pretexting
D: RFID cloning",">> CORRECT: A | Denial of Service (DoS)

DoS greift Verfuegbarkeit an. Ziel ist, legitime Nutzung eines Dienstes zu verhindern.

 

 Merkhilfe: DoS = Service überfluten bis er zusammenbricht. Denial = Verweigerung des Dienstes.","Malicious Activity Indicators Threat Vectors and Attack Surfaces","","","","","0","0","508","1","2500","0","0","1777740526670"
"1729104262170","Aq<qKU=vw|_2","sy0-701-objective-2-4","2.4 Indicators of Malicious Activity","M2-083: Which attack uses many distributed devices to overwhelm a target service?
A: Pass the hash
B: DLL injection
C: Distributed Denial of Service (DDoS)
D: Directory traversal",">> CORRECT: C | Distributed Denial of Service (DDoS)

DDoS verteilt den Angriff auf viele Systeme, oft Botnets. Dadurch wird die Abwehr schwieriger als bei einem einzelnen Ursprung.

 

 Merkhilfe: DDoS = Distributed DoS. Viele Geräte (Botnet) greifen gleichzeitig an → schwerer zu blockieren.","Malicious Activity Indicators","","","","","0","0","511","1","2500","0","0","1777740526670"
"1729104422352","se!.>v1|jq_2","sy0-701-objective-2-4","2.4 Indicators of Malicious Activity","M2-084: Which technique turns a small request into a much larger response during DoS attacks?
A: Segmentation
B: Tokenization
C: Amplification
D: Sanitization",">> CORRECT: C | Amplification

Amplification nutzt Dienste, die auf kleine Anfragen große Antworten senden. So vervielfacht der Angreifer die Last.

 

 Merkhilfe: Amplification = Verstärkung. 100 Byte senden → 1000 Byte beim Opfer. DNS-Amplification ist klassisch.","Malicious Activity Indicators Architecture Models","","","","","0","0","513","1","2500","0","0","1777740526670"
"1729104741764","g-yd<`a<x`_2","sy0-701-objective-2-4","2.4 Indicators of Malicious Activity","M2-085: What is a collection of infected devices controlled by an attacker called?
A: VLAN
B: ACL
C: SIEM
D: Botnet",">> CORRECT: D | Botnet

Ein Botnet besteht aus kompromittierten Systemen unter zentraler oder koordinierter Kontrolle. Es wird häufig für DDoS oder Spam genutzt.

 

 Merkhilfe: Bot = Roboter + Net = Netzwerk. Botnet = Armee infizierter Geräte unter Angreifer-Kontrolle.","Malicious Activity Indicators Architecture Models","","","","","0","0","517","1","2500","0","0","1777740526670"
"1729104839747","EOf]&U*W~c_1","sy0-701-objective-2-4","2.4 Indicators of Malicious Activity","M2-086: Which infrastructure is used to manage compromised systems in a botnet?
A: Data Execution Prevention
B: Protected Management Frames
C: Command and Control
D: Common Vulnerability Scoring System",">> CORRECT: C | Command and Control

Command and Control (C2/C&C) steuert kompromittierte Systeme. Bots erhalten ueber den C2-Kanal Befehle.

Merkhilfe: C2 = Kommandozentrale des Botnets.

WARNUNG OUT-OF-PDF: ""Command and Control"" / ""C2"" stehen NICHT in SY0-701 Obj 2.4 (PDF S. 7). Industrie-Standard-Begriff, im Examen eher als Distraktor denn als korrekte Antwort.","Malicious Activity Indicators","","","","","0","0","518","1","2500","0","0","1777740526670"
"1729105178993","dhN,QSy@M%_1","sy0-701-objective-2-4","2.4 Indicators of Malicious Activity","M2-087: Which local file can cache mappings between hostnames and IP addresses?
A: Cookie jar
B: ARP table
C: Host file
D: Shadow file",">> CORRECT: C | Host file

Host Files können Namensaufloesung lokal beeinflussen. Manipulation kann Traffic auf falsche IP-Adressen lenken.

 

 Merkhilfe: Hosts-Datei = lokales DNS. /etc/hosts (Linux) oder C:\Windows\System32\drivers\etc\hosts (Windows).","Malicious Activity Indicators","","","","","0","0","522","1","2500","0","0","1777740526670"
"1729106271934","L@>I9TwZC]_1","sy0-701-objective-2-4","2.4 Indicators of Malicious Activity","M2-088: Which wireless DoS attack forcibly disconnects legitimate wireless clients?
A: Deauthentication attack
B: RFID cloning
C: Smishing
D: SQL injection",">> CORRECT: A | Deauthentication attack

Deauthentication Attacks senden Management Frames, um Clients vom WLAN zu trennen. Sie zielen auf Verfuegbarkeit.

 

 Merkhilfe: Deauth = Verbindung trennen. Sendet gefälschte Deauth-Frames → Client trennt sich → WLAN-DoS.","Malicious Activity Indicators Threat Vectors and Attack Surfaces","","","","","0","0","529","1","2500","0","0","1777740526670"
"1729106340713","f#`tAiJqYU_2","sy0-701-objective-2-4","2.4 Indicators of Malicious Activity","M2-089: What do wireless clients and access points exchange to coordinate Wi-Fi connections?
A: Management frames
B: Hash collisions
C: Access control lists
D: Session cookies",">> CORRECT: A | Management frames

Management Frames steuern WLAN-Verbindungen, etwa Association und Deauthentication. Schutz dieser Frames verhindert bestimmte WLAN-Angriffe.

 

 Merkhilfe: Management Frames = WLAN-Verwaltungsnachrichten. Probe, Auth, Assoc = koordinieren WLAN-Verbindung.","Malicious Activity Indicators Security Techniques","","","","","0","0","530","1","2500","0","0","1777740526670"
"1729106591299","g-6b)?Ju)s_1","sy0-701-objective-2-4","2.4 Indicators of Malicious Activity","M2-090: Which wireless DoS attack blocks communication by interfering with radio frequencies?
A: ARP poisoning
B: SQL injection
C: Typosquatting
D: RF jamming",">> CORRECT: D | RF jamming

RF Jamming stoert Funkkommunikation durch Interferenz oder Überlastung des Mediums. Der Angriff setzt physische Funknaehe voraus.

 

 Merkhilfe: RF Jamming = Funk stören. Störsender überlagert WLAN/GPS/Mobilfunk → Kommunikation unmöglich.","Malicious Activity Indicators","","","","","0","0","533","1","2500","0","0","1777740526670"
"1729106782316","F]}=Pi{^JR_2","sy0-701-objective-2-4","2.4 Indicators of Malicious Activity","M2-091: Which jamming approach transmits interference only when legitimate wireless traffic appears?
A: Passive scanning
B: War dialing
C: DNS poisoning
D: Reactive jamming",">> CORRECT: D | Reactive jamming

Reactive Jamming bleibt ruhiger und stoert gezielt bei erkannter legitimer Kommunikation. Das kann Erkennung erschweren.

 

 Merkhilfe: Reaktiv = nur wenn jemand sendet. Effizienter als konstantes Jammen, schwerer zu erkennen.","Malicious Activity Indicators","","","","","0","0","536","1","2500","0","0","1777740526670"
"1729107353631","dY1Si]bg@n_1","sy0-701-objective-2-4","2.4 Indicators of Malicious Activity","M2-092: Which attack places the attacker between communicating parties to observe or alter traffic?
A: On-path attack
B: Birthday attack
C: Buffer overflow
D: Logic bomb",">> CORRECT: A | On-path attack

On-Path, frueher oft Man-in-the-Middle genannt, positioniert den Angreifer im Kommunikationsweg.

 

 Merkhilfe: On-path = Man-in-the-Middle. Angreifer sitzt zwischen A und B → liest mit und kann manipulieren.","Malicious Activity Indicators","","","","","0","0","540","1","2500","0","0","1777740526670"
"1729107583328","d%gh!NmI-B_1","sy0-701-objective-2-4","2.4 Indicators of Malicious Activity","M2-093: Which on-path technique poisons IP-to-MAC mappings to intercept local network traffic?
A: ARP poisoning
B: DNSSEC validation
C: RF attenuation
D: Input verification",">> CORRECT: A | ARP poisoning

ARP Poisoning manipuliert Zuordnungen zwischen IP- und MAC-Adresse. Dadurch kann lokaler Verkehr über den Angreifer laufen.

 

 Merkhilfe: ARP Poisoning = ARP-Tabelle vergiften. Eigene MAC als Gateway-MAC eintragen → Traffic umleiten.","Malicious Activity Indicators Architecture Models","","","","","0","0","544","1","2500","0","0","1777740526670"
"1729107717300","B~`bzgsvnI_1","sy0-701-objective-2-4","2.4 Indicators of Malicious Activity","M2-094: What does ARP stand for?
A: Application Routing Policy
B: Authenticated Relay Protocol
C: Access Rule Processor
D: Address Resolution Protocol",">> CORRECT: D | Address Resolution Protocol

ARP steht für Address Resolution Protocol. Es ordnet IPv4-Adressen MAC-Adressen im lokalen Netz zu.

 

 Merkhilfe: ARP = Wer hat IP x.x.x.x? → Ich! MAC = y:y:y:y. IP→MAC-Auflösung im lokalen Netz.","Malicious Activity Indicators","","","","","0","0","546","1","2500","0","0","1777740526670"
"1729174309232","GhE|1lVj0_1","sy0-701-objective-2-4","2.4 Indicators of Malicious Activity","M2-095: Which attack reuses captured authentication or session information?
A: Rootkit
B: War dialing
C: Replay attack
D: Race condition",">> CORRECT: C | Replay attack

Replay Attacks zeichnen gültige Daten auf und verwenden sie erneut. Typisch sind Sitzungs- oder Authentifizierungsdaten.

 

 Merkhilfe: Replay = nochmal abspielen. Abgefangene Auth-Daten erneut senden. Timestamps und Nonces verhindern das.","Malicious Activity Indicators","","","","","0","0","550","1","2500","0","0","1777740526670"
"1729174445461","q,Yblgbx4Z_1","sy0-701-objective-2-4","2.4 Indicators of Malicious Activity","M2-096: Welcher Network-Attack-Typ aus SY0-701 Obj 2.4 nutzt gestohlene Authentifizierungs-Artefakte (z.B. Passwort-Hashes), um sich ohne das Klartext-Passwort anzumelden?
A: DNS poisoning
B: Credential replay
C: Password spraying
D: Birthday attack",">> CORRECT: B | Credential replay

SY0-701 Obj 2.4 Network attacks listet ""Credential replay"" (PDF S. 7) als die Kategorie. Pass-the-Hash und Pass-the-Ticket sind konkrete Techniken innerhalb dieser Kategorie.

Merkhilfe: SY0-701 fragt nach Kategorie = ""Credential replay"". ""Pass the Hash"" als Wort steht NICHT im PDF — eher SY0-601-Vokabular.","Malicious Activity Indicators","","","","","0","0","553","1","2500","0","0","1777740526670"
"1729174658387","jvF-8t(taz_1","sy0-701-objective-2-4","2.4 Indicators of Malicious Activity","M2-097: Which protocol is HTTP protected with TLS encryption?
A: HTTPS
B: FTP
C: Telnet
D: SNMPv1",">> CORRECT: A | HTTPS

HTTPS ist HTTP über TLS. Es schuetzt Webverkehr vor Mitlesen und Manipulation auf dem Transportweg.

 

 Merkhilfe: HTTPS = HTTP + TLS. Das S = Secure = TLS-Verschlüsselung. Port 443.","Malicious Activity Indicators","","","","","0","0","557","1","2500","0","0","1777740526670"
"1729174805551","B?I27|)#*K_1","sy0-701-objective-2-4","2.4 Indicators of Malicious Activity","M2-098: Which attack position commonly enables collecting data for replay attacks?
A: Typosquatting
B: On-path attack
C: RF jamming
D: Sideloading",">> CORRECT: B | On-path attack

Replay-Daten werden häufig durch Mitlesen im Kommunikationsweg gesammelt. Genau das ermöglicht ein On-Path-Angriff.

 

 Merkhilfe: On-path sammelt Auth-Daten → dann Replay Attack. Man-in-the-Middle ist Voraussetzung.","Malicious Activity Indicators","","","","","0","0","559","1","2500","0","0","1777740526670"
"1729175231855","ME+,b%zXy,_1","sy0-701-objective-2-4","2.4 Indicators of Malicious Activity","M2-099: Which broad category describes code that exploits a reasonably protected system?
A: Malicious code
B: Bloatware
C: Firmware
D: Shadow IT",">> CORRECT: A | Malicious code

Malicious Code ist bösartiger Code, der Schwachstellen oder Exploits nutzt. Er ist breiter als einzelne Malware-Familien.

 

 Merkhilfe: Malicious Code = Code der schadet. Oberbegriff für alle schädlichen Programme in Anwendungen.","Malicious Activity Indicators","","","","","0","0","564","1","2500","0","0","1777740526670"
"1729175578382","mX{{Kb=LJV_1","sy0-701-objective-2-4","2.4 Indicators of Malicious Activity","M2-100: Which application attacks exploit missing input filtering or sanitization?
A: RFID cloning
B: DDoS amplification
C: Password spraying
D: Injection attacks",">> CORRECT: D | Injection attacks

Injection Attacks schleusen unerwartete Befehle oder Daten in Anwendungen ein. Fehlende Filterung und Validierung sind Kernursachen.

 

 Merkhilfe: Injection = einspritzen. Fehlende Input-Validierung → SQL/Code/XSS Injection möglich.","Malicious Activity Indicators","","","","","0","0","567","1","2500","0","0","1777740526670"
"1729175912541","nqNh>FXxH6_2","sy0-701-objective-4-1","4.1 Security Techniques","M2-101: Which OS protection restricts where executable code can run in memory?
A: Dynamic Link Library
B: Distributed Denial of Service
C: Data Execution Prevention
D: Domain Name System",">> CORRECT: C | Data Execution Prevention

DEP markiert Speicherbereiche als nicht ausfuehrbar. Das erschwert bestimmte Speicher-Exploits.

 

 Merkhilfe: DEP = Speicherbereiche für Code oder Daten. Stack darf kein Code ausführen → Buffer Overflow abwehren.","Security Techniques","","","","","0","0","571","1","2500","0","0","1777740526670"
"1729176350133","v*ThbO4vnZ_1","sy0-701-objective-2-4","2.4 Indicators of Malicious Activity","M2-102: Which code runs on the user's device, usually in the browser?
A: Client-side code
B: Server-side code
C: Firmware
D: Kernel module",">> CORRECT: A | Client-side code

Client-side Code läuft im Browser oder auf dem Endgeraet. JavaScript ist ein typisches Beispiel.

 

 Merkhilfe: Client-Side = beim Client/Browser. JavaScript läuft im Browser → für Angreifer sichtbar und manipulierbar.","Malicious Activity Indicators","","","","","0","0","578","1","2500","0","0","1777740526670"
"1729176391515","Eo|.vxGnX1_2","sy0-701-objective-2-4","2.4 Indicators of Malicious Activity","M2-103: Which code runs on the server to provide a web service?
A: Client-side code
B: Management frame
C: Host file
D: Server-side code",">> CORRECT: D | Server-side code

Server-side Code läuft auf dem Webserver oder Backend. Er verarbeitet Logik, Datenzugriff und serverseitige Antworten.

 

 Merkhilfe: Server-Side = auf dem Server. PHP/Python/Java → läuft auf Server, Client sieht nur das Ergebnis.","Malicious Activity Indicators","","","","","0","0","579","1","2500","0","0","1777740526670"
"1729176558493","q+zyS6u{yn_1","sy0-701-objective-2-4","2.4 Indicators of Malicious Activity","M2-104: Which attack abuses the trust between an authenticated browser and a server to submit unwanted requests?
A: Pass the hash
B: Cross-site request forgery (CSRF)
C: Cross-site scripting (XSS)
D: Directory traversal",">> CORRECT: B | Cross-site request forgery (CSRF)

CSRF laesst den Browser eines angemeldeten Nutzers unerwuenschte Requests senden. Tokens helfen, solche Requests zu pruefen.

 

 Merkhilfe: CSRF = Browser vertraut dem User. Angreifer nutzt eingeloggte Session aus ohne Wissen des Users.","Malicious Activity Indicators","","","","","0","0","581","1","2500","0","0","1777740526670"
"1729178147830","M#MA:r|8m?_3","sy0-701-objective-2-4","2.4 Indicators of Malicious Activity","M2-105: Which cryptographic attack searches for two inputs with the same hash output?
A: Deauthentication attack
B: War dialing
C: Birthday attack
D: Downgrade attack",">> CORRECT: C | Birthday attack

Birthday Attacks zielen auf Kollisionen in Hashfunktionen. Je groesser die Stichprobe, desto hoeher die Kollisionswahrscheinlichkeit.

 

 Merkhilfe: Birthday Paradox: 23 Personen → 50% Chance gleicher Geburtstag. Birthday Attack sucht Hash-Kollisionen.","Malicious Activity Indicators","","","","","0","0","593","1","2500","0","0","1777740526670"
"1729178380874","Dyv.[|Ok=x_3","sy0-701-objective-2-4","2.4 Indicators of Malicious Activity","M2-106: Which attack forces systems to use weaker encryption or no encryption?
A: Birthday attack
B: RF jamming
C: Sideloading
D: Downgrade attack",">> CORRECT: D | Downgrade attack

Downgrade Attacks verschlechtern die ausgehandelte Sicherheit. Ziel ist eine schwache oder unverschlüsselte Verbindung.

 

 Merkhilfe: Downgrade = Herabstufen. TLS 1.3 → TLS 1.0 erzwingen → bekannte Schwachstellen ausnutzen.","Malicious Activity Indicators Cryptographic Solutions","","","","","0","0","596","1","2500","0","0","1777740526670"
"1729178403877","x~}~T]a3w|_2","sy0-701-objective-2-4","2.4 Indicators of Malicious Activity","M2-107: Which attack is a downgrade attack that changes HTTPS use toward HTTP?
A: SSL stripping
B: Hash collision
C: RFID cloning
D: DLL injection",">> CORRECT: A | SSL stripping

SSL Stripping entfernt oder verhindert die HTTPS-Nutzung aus Sicht des Clients. Der Angreifer muss dafür typischerweise on-path sein.

 

 Merkhilfe: SSL Stripping = HTTPS ausziehen. MITM entfernt das S → unverschlüsselte Verbindung ohne User-Wissen.","Malicious Activity Indicators Cryptographic Solutions","","","","","0","0","597","1","2500","0","0","1777740526670"
"1729178842874","hvhew&t0z`_3","sy0-701-objective-2-4","2.4 Indicators of Malicious Activity","M2-108: What occurs when two different inputs produce the same cryptographic hash output?
A: Hash collision
B: RF jamming
C: Session fixation
D: Input verification",">> CORRECT: A | Hash collision

Eine Hash Collision liegt vor, wenn verschiedene Eingaben denselben Hash ergeben. Gute Hashfunktionen sollen das praktisch erschweren.

 

 Merkhilfe: Kollision = zwei verschiedene Inputs, gleicher Hash. MD5 und SHA-1 haben bekannte Kollisionen.","Malicious Activity Indicators Cryptographic Solutions","","","","","0","0","601","1","2500","0","0","1777740526670"
"1729179162672","Hw{d>S-vt{_1","sy0-701-objective-1-4","1.4 Cryptographic Solutions","M2-109: What is unencrypted information called when stored or transmitted without protection?
A: In the clear
B: Tokenized
C: Salted
D: Sandboxed",">> CORRECT: A | In the clear

In the clear bedeutet Klartext ohne Verschlüsselung. Solche Daten können bei Zugriff oder Mitschnitt direkt gelesen werden.

 

 Merkhilfe: In the clear = im Klartext. Unverschlüsselt = für jeden lesbar. Gefährlich bei der Übertragung.","Data Protection","","","","","0","0","602","1","2500","0","0","1777740526670"
"1729180047821","VNFh`uL&Y_1","sy0-701-objective-2-4","2.4 Indicators of Malicious Activity","M2-110: Which password attack tries a few common passwords across many accounts?
A: Pass the hash
B: Birthday attack
C: Password spraying
D: Brute forcing one account",">> CORRECT: C | Password spraying

Password Spraying verteilt wenige häufige Passwoerter über viele Konten. So werden Lockouts einzelner Konten vermieden.

 

 Merkhilfe: Spray = sprühen. Wenige Passwörter (123456) auf viele Accounts → Account-Lockout vermeiden.","Malicious Activity Indicators Identity and Access Management","","","","","0","0","607","1","2500","0","0","1777740526670"
"1729180535847","K)^^!:H6ho_1","sy0-701-objective-2-4","2.4 Indicators of Malicious Activity","M2-111: What is evidence that a system may have been breached called?
A: Indicator of Compromise (IOC)
B: Access control list (ACL)
C: Recovery point objective (RPO)
D: Common vulnerability score (CVSS)",">> CORRECT: A | Indicator of Compromise (IOC)

IOCs sind Hinweise auf Kompromittierung, etwa ungewoehnliche Logins, Hash-Aenderungen oder verdachtige Netzwerkaktivitaet.

 

 Merkhilfe: IOC = Beweis eines Angriffs. Ungewöhnliche Registry-Einträge, verdächtige IPs = IOCs.","Malicious Activity Indicators Identity and Access Management","","","","","0","0","610","1","2500","0","0","1777740526670"
"1729182645620","L>s4@FhvrI_1","sy0-701-objective-2-5","2.5 Mitigation Techniques","M2-112: Which technique separates a network into smaller physical or logical pieces?
A: Amplification
B: Typosquatting
C: Birthday attack
D: Segmentation",">> CORRECT: D | Segmentation

Segmentation teilt Netze oder Systeme in Bereiche. Das begrenzt Bewegungsfreiheit und Auswirkungen eines Sicherheitsereignisses.

 

 Merkhilfe: Segmentation = aufteilen. VLANs, DMZ = Netzwerksegmentierung. Kompromittiertes Segment bleibt isoliert.","Mitigation Techniques Architecture Models","","","","","0","0","625","1","2500","0","0","1777740526670"
"1729182844022","Jbmp3_%{(G_1","sy0-701-objective-5-4","5.4 Security Compliance","M2-113: Which compliance area requires separation of credit card data environments?
A: Common Vulnerabilities and Exposures (CVE)
B: Domain Name System (DNS)
C: Payment Card Industry (PCI)
D: Open Web Application Security Project (OWASP)",">> CORRECT: C | Payment Card Industry (PCI)

PCI-Anforderungen betreffen Kreditkartendaten. Segmentierung hilft, Karteninhaberdaten von anderen Netzbereichen zu trennen.

 

 Merkhilfe: PCI DSS = Standard für Kreditkartendaten. PCI-Umgebung muss vom Rest des Netzwerks getrennt sein.","Mitigation Techniques","","","","","0","0","630","1","2500","0","0","1777740526670"
"1729182899508","Q:Y&M@i{qZ_1","sy0-701-objective-2-5","2.5 Mitigation Techniques","M2-114: Which control allows or denies traffic based on attributes such as source, destination, port, or protocol?
A: Logic bomb
B: Hash collision
C: Watering hole
D: Access control list (ACL)",">> CORRECT: D | Access control list (ACL)

ACLs definieren Erlaubnis- oder Sperrregeln. Sie können für Netzwerkverkehr, Betriebssystemrechte oder Anwendungen genutzt werden.

 

 Merkhilfe: ACL = Liste wer darf was. Firewall-ACL: IP/Port-Kombination erlauben oder verbieten.","Mitigation Techniques","","","","","0","0","631","1","2500","0","0","1777740526670"
"1729183258174","Dvf3Bj(Q<M_1","sy0-701-objective-2-5","2.5 Mitigation Techniques","M2-115: Which list permits only explicitly approved applications to run?
A: Block cipher
B: Host file
C: Allow list
D: Deny list",">> CORRECT: C | Allow list

Eine Allow List ist restriktiv: Nur Eintraege auf der Liste duerfen laufen. Alles andere wird blockiert.

 

 Merkhilfe: Allow List = Whitelist. Nur genehmigte Apps. Sicherer aber aufwändiger. Standardmäßig alles gesperrt.","Mitigation Techniques Cryptographic Solutions","","","","","0","0","637","1","2500","0","0","1777740526670"
"1729183351572","I@-%!Se&4T_1","sy0-701-objective-2-5","2.5 Mitigation Techniques","M2-116: Which list blocks only explicitly listed applications while allowing others by default?
A: Access control list
B: Certificate chain
C: Deny list
D: Allow list",">> CORRECT: C | Deny list

Eine Deny List sperrt bekannte unerwuenschte Eintraege. Nicht gelistete Anwendungen bleiben erlaubt.

 

 Merkhilfe: Deny List = Blacklist. Nur bekannte Böse sperren. Einfacher aber weniger sicher als Allow List.","Mitigation Techniques","","","","","0","0","638","1","2500","0","0","1777740526670"
"1729183952928","kko!CTjG91_1","sy0-701-objective-2-5","2.5 Mitigation Techniques","M2-117: What is reducing the impact of a security event or potential event called?
A: Impersonation
B: Enumeration
C: Mitigation
D: Amplification",">> CORRECT: C | Mitigation

Mitigation reduziert Eintrittswahrscheinlichkeit oder Auswirkung. Es geht nicht zwingend um vollständige Beseitigung, sondern Risikosenkung.

 

 Merkhilfe: Mitigation = Schadensbegrenzung. Risiko nicht null machen, aber reduzieren. Mitigieren ≠ eliminieren.","Mitigation Techniques","","","","","0","0","647","1","2500","0","0","1777740526670"
"1729184719692","N$_<YII:GI_2","sy0-701-objective-2-5","2.5 Mitigation Techniques","M2-118: What is Windows file- or folder-level encryption called?
A: BitLocker only
B: FileVault
C: Encrypting File System (EFS)
D: Full Disk Encryption (FDE)",">> CORRECT: C | Encrypting File System (EFS)

EFS verschlüsselt einzelne Dateien oder Ordner unter Windows. FDE verschlüsselt dagegen ein ganzes Laufwerk.

 

 Merkhilfe: EFS = Windows-Datei-Verschlüsselung. Einzelne Dateien/Ordner verschlüsseln, nicht die ganze Disk.","Mitigation Techniques","","","","","0","0","652","1","2500","0","0","1777740526670"
"1729184751308","GN?Dsl7V?4_1","sy0-701-objective-1-4","1.4 Cryptographic Solutions","M2-119: What is encrypting an entire disk called?
A: Full Disk Encryption (FDE)
B: Encrypting File System (EFS)
C: Input sanitization
D: Data masking",">> CORRECT: A | Full Disk Encryption (FDE)

Full Disk Encryption schuetzt ein komplettes Laufwerk. Das ist besonders wichtig bei mobilen oder verlorengehenden Geräten.

 

 Merkhilfe: FDE = ganze Festplatte verschlüsselt. BitLocker (Windows) = FDE. Schutz bei physischem Diebstahl.","Mitigation Techniques Data Protection","","","","","0","0","653","1","2500","0","0","1777740526670"
"1729184967597","q,0^%K=L:0_2","sy0-701-objective-4-4","4.4 Security Monitoring","M2-120: Which platform centralizes security logs and events for monitoring and correlation?
A: HIPS
B: SIEM
C: MDM
D: FDE",">> CORRECT: B | SIEM

SIEM steht für Security Information and Event Management. Es sammelt, korreliert und alarmiert zu Sicherheitsereignissen.

 

 Merkhilfe: SIEM = Security Information and Event Management. Alle Logs an einem Ort, Korrelation, Alerts.","Mitigation Techniques Security Monitoring","","","","","0","0","658","1","2500","0","0","1777740526670"
"1729185023357","INP$dIr#>K_1","sy0-701-objective-2-5","2.5 Mitigation Techniques","M2-121: Which principle grants users only the access required to perform their duties?
A: Implicit trust
B: Open access
C: Privilege escalation
D: Least privilege",">> CORRECT: D | Least privilege

Least Privilege begrenzt Rechte auf das Notwendige. Weniger Rechte bedeuten weniger Schaden bei Fehlern oder Kompromittierung.

 

 Merkhilfe: Least Privilege = minimale Rechte. Nur was für die Aufgabe nötig → kompromittierter Account bleibt klein.","Mitigation Techniques","","","","","0","0","659","1","2500","0","0","1777740526670"
"1729185192740","FOn(SpB]?J","sy0-701-objective-2-5","2.5 Mitigation Techniques","M2-122: Which check evaluates device health such as patch, firewall, and anti-malware status before network access?
A: Posture assessment
B: Birthday attack
C: Packet capture
D: War dialing",">> CORRECT: A | Posture assessment

Posture Assessment prüft Sicherheitszustand eines Endgeraets. Nicht konforme Geräte können in Quarantaene landen.

 

 Merkhilfe: Posture = Zustand. Posture Assessment = ist das Gerät sicher genug um Zugang zu bekommen?","Mitigation Techniques Architecture Models","","","","","0","0","661","1","2500","0","0","1777740526670"
"1729185236521","m{#70n)+|K_2","sy0-701-objective-4-5","4.5 Enterprise Security","M2-123: What does EDR stand for?
A: Endpoint Detection and Response
B: Encrypted Data Repository
C: External Device Registration
D: Enterprise DNS Relay",">> CORRECT: A | Endpoint Detection and Response

EDR bedeutet Endpoint Detection and Response. Es erkennt, untersucht und reagiert auf Bedrohungen an Endpunkten.

 

 Merkhilfe: EDR = Erweiterte AV-Lösung. Erkennt und reagiert auf Bedrohungen am Endpoint. Mehr als klassisches AV.","Mitigation Techniques Security Monitoring","","","","","0","0","662","1","2500","0","0","1777740526670"
"1729185940822","rvS7;#pjbe_2","sy0-701-objective-2-5","2.5 Mitigation Techniques","M2-124: Which process configures a system to make it less susceptible to attacks?
A: Smishing
B: Replay
C: Hardening
D: Amplification",">> CORRECT: C | Hardening

Hardening reduziert Angriffsoberflaeche durch sichere Konfiguration, Patches, deaktivierte Dienste und Zugriffsbeschränkung.

 

 Merkhilfe: Hardening = abhärten. Unnötige Services deaktivieren, Patches einspielen, sichere Konfiguration.","Mitigation Techniques","","","","","0","0","669","1","2500","0","0","1777740526670"
"1729186250125","nejj&+X#0|_1","sy0-701-objective-2-5","2.5 Mitigation Techniques","M2-125: Which approach combines multiple tools and policies to secure a system?
A: Single point of failure
B: Open trust
C: Password reuse
D: Defense in depth",">> CORRECT: D | Defense in depth

Defense in Depth kombiniert Schutzmassnahmen. Mehrere Schichten senken das Risiko, dass ein einzelner Fehler alles oeffnet.

 

 Merkhilfe: Defense in Depth = nicht auf eine einzige Maßnahme verlassen. Mehrere Schichten schützen redundant.","Mitigation Techniques Identity and Access Management","","","","","0","0","673","1","2500","0","0","1777740526670"
"1729186549472","krKXGQlBxw_1","sy0-701-objective-2-5","2.5 Mitigation Techniques","M2-126: Which firewall type runs on each individual endpoint instead of only at a network perimeter?
A: Circuit-level gateway
B: Cloud access broker
C: DNS sinkhole
D: Host-based firewall",">> CORRECT: D | Host-based firewall

Host-based Firewalls laufen auf einzelnen Clients oder Servern. Sie können Verkehr direkt am Endpunkt kontrollieren.

 

 Merkhilfe: Host-based = auf dem Gerät selbst. Windows Firewall = host-based. Unabhängig vom Netzwerk.","Mitigation Techniques Architecture Models","","","","","0","0","676","1","2500","0","0","1777740526670"
"1729186709321","qv)M{}7mn&_1","sy0-701-objective-2-5","2.5 Mitigation Techniques","M2-127: What does HIPS stand for?
A: Host-based Intrusion Prevention System
B: Hardware Identity Protection Service
C: Hosted Internet Proxy Server
D: Hash Integrity Processing Standard",">> CORRECT: A | Host-based Intrusion Prevention System

HIPS ist ein hostbasiertes Intrusion Prevention System. Es überwacht und blockiert verdaechtige Aktivitaeten lokal am Endpunkt.

 

 Merkhilfe: HIPS = Host Intrusion Prevention System. Läuft auf dem Host selbst, nicht am Netz-Perimeter.","Mitigation Techniques Security Monitoring","","","","","0","0","681","1","2500","0","0","1777740526670"
"1729186723937","b2vzMc=w*E_2","sy0-701-objective-2-5","2.5 Mitigation Techniques","M2-128: What does IPS stand for?
A: Internet Protection Service
B: Identity Provisioning Server
C: Integrity Proof Standard
D: Intrusion Prevention System",">> CORRECT: D | Intrusion Prevention System

IPS bedeutet Intrusion Prevention System. Im Gegensatz zu reinem Monitoring kann es verdaechtige Aktivitaeten blockieren.

 

 Merkhilfe: IPS = Intrusion Prevention. Erkennt UND blockiert aktiv (anders als IDS das nur erkennt und alarmiert).","Mitigation Techniques Security Monitoring","","","","","0","0","682","1","2500","0","0","1777740526670"
"1729187191969","j#3awY{9-K_2","sy0-701-objective-4-6","4.6 Identity and Access Management","M2-129: Which authentication control should be used with centralized authentication to secure infrastructure devices?
A: Directory traversal
B: Birthday attack
C: Multi-factor authentication
D: Typosquatting",">> CORRECT: C | Multi-factor authentication

MFA ergaenzt zentrale Authentifizierung (RADIUS/TACACS+) durch weitere Faktoren. Das reduziert Risiko durch kompromittierte Passwoerter.

Merkhilfe: MFA mit zentralem Auth-System = beste Praxis. Ein MFA-System fuer alle = Single Point of Management.

CURRENCY-HINWEIS (NIST SP 800-63B-4, Juli 2025): Fuer Infrastructure-Devices unbedingt phishing-resistente Faktoren (FIDO2/WebAuthn, PIV-Smartcard). SMS-OTP gilt seit 2025 nicht mehr als AAL2-konform.","Mitigation Techniques Identity and Access Management","","","","","0","0","691","1","2500","0","0","1777740526670"
"1729192290034","nN@9RBy*=u_1","sy0-701-objective-3-1","3.1 Architecture Models","M3-002: Which term describes this concept: Using multiple cloud services across different public or private providers?
A: Microservice
B: Hybrid Cloud
C: Orchestration
D: Data Plane",">> CORRECT: B | Hybrid Cloud

Hybrid Cloud ist der passende Security+-Begriff für diese Beschreibung: Using multiple cloud services across different public or private providers is called Hybrid Cloud. Die anderen Optionen sind echte verwandte Begriffe, treffen diese Beschreibung aber nicht.

 

 Merkhilfe: Hybrid = gemischt. Hybrid Cloud = öffentliche + private Cloud kombiniert. Best of both worlds.","Architecture Models Automation and Orchestration","","","","","0","0","695","1","2500","0","0","1777740526670"
"1729192837629","2?FW3vJ$Z_1","sy0-701-objective-3-1","3.1 Architecture Models","M3-001: Which term refers to breaking an application down into individual functions which are called upon as needed, rather than having the entire application running all the time?
A: Virtual Local Area Network
B: Serverless Architecture
C: Air Gap
D: Orchestration",">> CORRECT: B | Serverless Architecture

Serverless Architecture ist der passende Security+-Begriff für diese Beschreibung: Serverless Architecture refers to breaking an application down into individual functions which are called upon as needed, rather than having the entire application running all the time. Die anderen Optionen sind echte verwandte Begriffe, treffen diese Beschreibung aber nicht.

 

 Merkhilfe: Serverless ≠ kein Server. Code in Funktionen — läuft nur wenn aufgerufen, kein permanenter Prozess.","Architecture Models Automation and Orchestration","","","","","0","0","704","1","2500","0","0","1777740526670"
"1729192907745","qI`BJCoui[_3","sy0-701-objective-3-1","3.1 Architecture Models","M3-003: Which term is one where the entire application is run at once via a single executable?
A: Hybrid Cloud
B: Monolithic Architecture
C: Compute Engine
D: Data Plane",">> CORRECT: B | Monolithic Architecture

Monolithic Architecture ist der passende Security+-Begriff für diese Beschreibung: A Monolithic Architecture is one where the entire application is run at once via a single executable. Die anderen Optionen sind echte verwandte Begriffe, treffen diese Beschreibung aber nicht.

 

 Merkhilfe: Monolith = ein großer Block. Alles in einer Anwendung — skaliert schlecht, aber einfacher zu entwickeln.","Architecture Models","","","","","0","0","705","1","2500","0","0","1777740526670"
"1729193133878","yF}(B[Z5a3_2","sy0-701-objective-3-1","3.1 Architecture Models","M3-004: Which term is a piece of an application that is called on an as-needed basis?
A: Compute Component
B: Orchestration
C: Hybrid Cloud
D: Microservice",">> CORRECT: D | Microservice

Microservice ist der passende Security+-Begriff für diese Beschreibung: A Microservice is a piece of an application that is called on an as-needed basis. Die anderen Optionen sind echte verwandte Begriffe, treffen diese Beschreibung aber nicht.

 

 Merkhilfe: Micro = klein. Microservice = kleine eigenständige Funktion. Gegenteil des Monolithen.","Architecture Models Automation and Orchestration","","","","","0","0","710","1","2500","0","0","1777740526670"
"1729193807209","i[lav1`#8C_2","sy0-701-objective-3-1","3.1 Architecture Models","M3-010: Which term is when a device or system is physically separated from another system?
A: Compute Engine
B: Hypervisor
C: Control Plane
D: Air Gap",">> CORRECT: D | Air Gap

Air Gap ist der passende Security+-Begriff für diese Beschreibung: An Air Gap is when a device or system is physically separated from another system. Die anderen Optionen sind echte verwandte Begriffe, treffen diese Beschreibung aber nicht.

 

 Merkhilfe: Air Gap = Luftlücke. Physisch getrennt vom Netz. Kein Kabel, keine Funkverbindung nach außen.","Architecture Models","","","","","0","0","718","1","2500","0","0","1777740526670"
"1729193932999","F_K1%ytv{]_1","sy0-701-objective-3-1","3.1 Architecture Models","M3-006: Which description matches a VLAN?
A: Virtual Local Area Network
B: Supervisory Control and Data Acquisition System
C: Virtualization
D: Hypervisor",">> CORRECT: A | Virtual Local Area Network

Virtual Local Area Network ist der passende Security+-Begriff für diese Beschreibung: A VLAN is a Virtual Local Area Network. Die anderen Optionen sind echte verwandte Begriffe, treffen diese Beschreibung aber nicht.

 

 Merkhilfe: VLAN = virtuelles LAN. Gleicher Switch, logisch getrennt. Günstige Segmentierung ohne Extra-Hardware.","Architecture Models","","","","","0","0","720","1","2500","0","0","1777740526670"
"1729194200065","E-!P4!#+wV_2","sy0-701-objective-1-2","1.2 Security Concepts","M3-005: Which term refers to the actual movement of data through the network?
A: Monolithic Architecture
B: Hypervisor
C: Data Plane
D: Management Plane",">> CORRECT: C | Data Plane

Data Plane ist der passende Security+-Begriff für diese Beschreibung: The Data Plane refers to the actual movement of data through the network. Die anderen Optionen sind echte verwandte Begriffe, treffen diese Beschreibung aber nicht.

 

 Merkhilfe: Data Plane = wo Daten wirklich fließen. Forwarding-Entscheidungen werden hier ausgeführt.","Architecture Models","","","","","0","0","726","1","2500","0","0","1777740526670"
"1729194220599","xpU<^<DWpA_1","sy0-701-objective-1-2","1.2 Security Concepts","M3-011: Which term refers to the logic controlling *how* data is moved through the network?
A: Hybrid Cloud
B: Orchestration
C: Docker
D: Control Plane",">> CORRECT: D | Control Plane

Control Plane ist der passende Security+-Begriff für diese Beschreibung: The Control Plane refers to the logic controlling *how* data is moved through the network. Die anderen Optionen sind echte verwandte Begriffe, treffen diese Beschreibung aber nicht.

 

 Merkhilfe: Control Plane = Steuerzentrale. Routing-Logik, Entscheidungen wie Daten geleitet werden.","Architecture Models Automation and Orchestration","","","","","0","0","727","1","2500","0","0","1777740526670"
"1729194266296","KEr8V!YKK:_1","sy0-701-objective-3-1","3.1 Architecture Models","M3-007: Which term refers to the ways in which the network is administered, including dictating logic for the Control Plane?
A: Control Plane
B: Containerization
C: Management Plane
D: Monolithic Architecture",">> CORRECT: C | Management Plane

Management Plane ist der passende Security+-Begriff für diese Beschreibung: The Management Plane refers to the ways in which the network is administered, including dictating logic for the Control Plane. Die anderen Optionen sind echte verwandte Begriffe, treffen diese Beschreibung aber nicht.

 

 Merkhilfe: Management Plane = Verwaltungsebene. SSH, SNMP, Web-GUI für die Netzwerkadministration.","Architecture Models Security Monitoring","","","","","0","0","728","1","2500","0","0","1777740526670"
"1729194357503","O_qgfb+:M)_2","sy0-701-objective-1-2","1.2 Security Concepts","M3-009: Which term is also known as the Infrastructure Layer?
A: Compute Engine
B: Data Plane
C: Supervisory Control and Data Acquisition System
D: Hybrid Cloud",">> CORRECT: B | Data Plane

Data Plane ist der passende Security+-Begriff für diese Beschreibung: The Data Plane is also known as the Infrastructure Layer. Die anderen Optionen sind echte verwandte Begriffe, treffen diese Beschreibung aber nicht.

 

 Merkhilfe: Data Plane = Infrastructure Layer. Wo Switch/Router wirklich forwarden, nicht wo sie entscheiden.","Architecture Models","","","","","0","0","730","1","2500","0","0","1777740526670"
"1729194474927","N[#}8wC&0$_1","sy0-701-objective-1-2","1.2 Security Concepts","M3-008: Which term is where Routing Tables, network address tables, Dynamic Routing Protocols and anything else that tells the data plane how to get from point A to point B come in?
A: Management Plane
B: Control Plane
C: Air Gap
D: Serverless Architecture",">> CORRECT: B | Control Plane

Control Plane ist der passende Security+-Begriff für diese Beschreibung: The Control Plane is where Routing Tables, network address tables, Dynamic Routing Protocols and anything else that tells the data plane how to get from point A to point B come in. Die anderen Optionen sind echte verwandte Begriffe, treffen diese Beschreibung aber nicht.

 

 Merkhilfe: Control Plane enthält Routing-Tabellen. OSPF, BGP laufen hier → sagen der Data Plane wohin.","Architecture Models","","","","","0","0","732","1","2500","0","0","1777740526670"
"1729195941442","N7o.E(:[*P_3","sy0-701-objective-3-1","3.1 Architecture Models","M3-015: Which term is the process of running multiple instances of potentially varied operating systems on a single physical device?
A: Containerization
B: Virtualization
C: Hypervisor
D: Supervisory Control and Data Acquisition System",">> CORRECT: B | Virtualization

Virtualization ist der passende Security+-Begriff für diese Beschreibung: Virtualization is the process of running multiple instances of potentially varied operating systems on a single physical device. Die anderen Optionen sind echte verwandte Begriffe, treffen diese Beschreibung aber nicht.

 

 Merkhilfe: Virtualisierung = ein Gerät, viele VMs. Hypervisor teilt Hardware auf mehrere Betriebssysteme auf.","Architecture Models","","","","","0","0","743","1","2500","0","0","1777740526670"
"1729196035330","CSG-PllW**_3","sy0-701-objective-3-1","3.1 Architecture Models","M3-014: Which term is software which manages resources between multiple virtual machines?
A: Hypervisor
B: Hybrid Cloud
C: Docker
D: Compute Engine",">> CORRECT: A | Hypervisor

Hypervisor ist der passende Security+-Begriff für diese Beschreibung: A Hypervisor is software which manages resources between multiple virtual machines. Die anderen Optionen sind echte verwandte Begriffe, treffen diese Beschreibung aber nicht.

 

 Merkhilfe: Hypervisor: Typ 1 = direkt auf Hardware (VMware ESXi). Typ 2 = auf OS (VirtualBox). Verwaltet VMs.","Architecture Models","","","","","0","0","745","1","2500","0","0","1777740526670"
"1729196140243","r6i)+Glamh_1","sy0-701-objective-3-1","3.1 Architecture Models","M3-016: Which term is similar to Virtualization, except that each container contains only what is needed to run the particular application, rather than an entire operating system with an application running inside of it?
A: Virtualization
B: Containerization
C: Elasticity
D: Virtual Local Area Network",">> CORRECT: B | Containerization

Containerization ist der passende Security+-Begriff für diese Beschreibung: Containerization is similar to Virtualization, except that each container contains only what is needed to run the particular application, rather than an entire operating system with an application running inside of it. Die anderen Optionen sind echte verwandte Begriffe, treffen diese Beschreibung aber nicht.

 

 Merkhilfe: Container ≠ VM. Teilt den OS-Kernel, kein eigenes Betriebssystem. Leichter und schneller als VMs.","Architecture Models","","","","","0","0","747","1","2500","0","0","1777740526670"
"1729196325940","Bs2UjbViA_1","sy0-701-objective-3-1","3.1 Architecture Models","M3-013: Which term describes this concept: One of the most popular Containerization software options?
A: Docker
B: Monolithic Architecture
C: Data Plane
D: Hybrid Cloud",">> CORRECT: A | Docker

Docker ist der passende Security+-Begriff für diese Beschreibung: One of the most popular Containerization software options is called Docker. Die anderen Optionen sind echte verwandte Begriffe, treffen diese Beschreibung aber nicht.

 

 Merkhilfe: Docker = bekannteste Container-Plattform. Image + Container + Registry = das Docker-Ökosystem.","Architecture Models","","","","","0","0","751","1","2500","0","0","1777740526670"
"1729196548024","BYrc(h|o(t_1","sy0-701-objective-3-1","3.1 Architecture Models","M3-012: Which description matches SCADA?
A: Hybrid Cloud
B: Serverless Architecture
C: Supervisory Control and Data Acquisition System
D: Orchestration",">> CORRECT: C | Supervisory Control and Data Acquisition System

Supervisory Control and Data Acquisition System ist der passende Security+-Begriff für diese Beschreibung: SCADA is the Supervisory Control and Data Acquisition System. Die anderen Optionen sind echte verwandte Begriffe, treffen diese Beschreibung aber nicht.

 

 Merkhilfe: SCADA = Industriesteuerung. Kraftwerke, Fabriken, Pipelines. OT-Systeme oft ungepatcht = Risiko.","Architecture Models Automation and Orchestration","","","","","0","0","757","1","2500","0","0","1777740526670"
"1729198761986","msT2V/gH9R_1","sy0-701-objective-3-1","3.1 Architecture Models","M3-020: Which term describes this concept: Allocating additional resources to a system to improve response times during high-use times, and then scaling that back when usage goes down?
A: Containerization
B: Hypervisor
C: Supervisory Control and Data Acquisition System
D: Elasticity",">> CORRECT: D | Elasticity

Elasticity ist der passende Security+-Begriff für diese Beschreibung: Allocating additional resources to a system to improve response times during high-use times, and then scaling that back when usage goes down, is called Elasticity. Die anderen Optionen sind echte verwandte Begriffe, treffen diese Beschreibung aber nicht.

 

 Merkhilfe: Elastizität = dehnen und zusammenziehen. Cloud-Ressourcen automatisch nach Bedarf skalieren.","Architecture Models","","","","","0","0","782","1","2500","0","0","1777740526670"
"1729198962970","mVaZ/.K8n2_2","sy0-701-objective-4-7","4.7 Automation and Orchestration","M3-019: Which term means building out a cloud based infrastructure automatically on demand?
A: Virtualization
B: Orchestration
C: Hybrid Cloud
D: Microservice",">> CORRECT: B | Orchestration

Orchestration ist der passende Security+-Begriff für diese Beschreibung: Orchestration means building out a cloud based infrastructure automatically on demand. Die anderen Optionen sind echte verwandte Begriffe, treffen diese Beschreibung aber nicht.

 

 Merkhilfe: Orchestration = Dirigent der Cloud. Automatisches Aufbauen von Infrastruktur (z.B. Terraform).","Architecture Models","","","","","0","0","785","1","2500","0","0","1777740526670"
"1729199602908","jy[q]<g5.a_2","sy0-701-objective-3-1","3.1 Architecture Models","M3-018: Which term is the part of a system that does the actual processing of data?
A: Compute Component
B: Orchestration
C: Supervisory Control and Data Acquisition System
D: Hybrid Cloud",">> CORRECT: A | Compute Component

Compute Component ist der passende Security+-Begriff für diese Beschreibung: The Compute Component is the part of a system that does the actual processing of data. Die anderen Optionen sind echte verwandte Begriffe, treffen diese Beschreibung aber nicht.

 

 Merkhilfe: Compute = rechnen. Der Teil der tatsächlich Berechnungen durchführt (CPU/GPU).","Architecture Models Automation and Orchestration","","","","","0","0","795","1","2500","0","0","1777740526670"
"1729199710866","h[/%DkH/UW_1","sy0-701-objective-3-1","3.1 Architecture Models","M3-017: Which term is a term for any number of physical processors handling a task in a cloud environment?
A: Orchestration
B: Compute Component
C: Compute Engine
D: Hybrid Cloud",">> CORRECT: C | Compute Engine

Compute Engine ist der passende Security+-Begriff für diese Beschreibung: A Compute Engine is a term for any number of physical processors handling a task in a cloud environment. Die anderen Optionen sind echte verwandte Begriffe, treffen diese Beschreibung aber nicht.

 

 Merkhilfe: Compute Engine = Cloud-Rechenleistung. Physische Prozessoren die Cloud-Workloads ausführen.","Architecture Models Automation and Orchestration","","","","","0","0","797","1","2500","0","0","1777740526670"
"1729262665983","i*6eW*c.>^_1","sy0-701-objective-3-2","3.2 Applying Security Principles","M3-023: Which term is designed to watch traffic traverse the network in real time, and then block any traffic that it interprets as dangerous?
A: Jump Server
B: Active monitoring
C: Web Security Gateway
D: Intrusion Prevention System",">> CORRECT: D | Intrusion Prevention System

Intrusion Prevention System ist der passende Security+-Begriff für diese Beschreibung: An Intrusion Prevention System is designed to watch traffic traverse the network in real time, and then block any traffic that it interprets as dangerous. Die anderen Optionen sind echte verwandte Begriffe, treffen diese Beschreibung aber nicht.

 

 Merkhilfe: IPS = verhindert (Prevent). IDS = erkennt nur (Detect). IPS blockt aktiv, IDS alarmiert nur.","Security Principles","","","","","0","0","812","1","2500","0","0","1777740526670"
"1729263331128","EY]zN(+wJi_1","sy0-701-objective-3-2","3.2 Applying Security Principles","M3-021: Which term is the process of using a security device to evaluate and block traffic as it travels in real-time?
A: Active monitoring
B: Open Proxy
C: Active/Passive
D: Extensible Authentication Protocol",">> CORRECT: A | Active monitoring

Active monitoring ist der passende Security+-Begriff für diese Beschreibung: Active monitoring is the process of using a security device to evaluate and block traffic as it travels in real-time. Die anderen Optionen sind echte verwandte Begriffe, treffen diese Beschreibung aber nicht.

 

 Merkhilfe: Aktiv = greift ein. Active Monitoring = Traffic analysieren UND blockieren in Echtzeit.","Security Principles Identity and Access Management","","","","","0","0","824","1","2500","0","0","1777740526670"
"1729263374388","FI?3Ft5Pky_1","sy0-701-objective-3-2","3.2 Applying Security Principles","M3-022: Which term refers to sending a copy of network traffic to a security device for evaluation and reporting, but not blocking?
A: Passive Monitoring
B: NAC, or Port-based Network Access Control
C: Collector
D: Web Security Gateway",">> CORRECT: A | Passive Monitoring

Passive Monitoring ist der passende Security+-Begriff für diese Beschreibung: Passive Monitoring refers to sending a copy of network traffic to a security device for evaluation and reporting, but not blocking. Die anderen Optionen sind echte verwandte Begriffe, treffen diese Beschreibung aber nicht.

 

 Merkhilfe: Passiv = beobachtet nur. Kopie des Traffics analysieren ohne Eingriff. TAP oder SPAN-Port.","Security Principles Architecture Models","","","","","0","0","825","1","2500","0","0","1777740526670"
"1729264182198","p`!DRtWCri_1","sy0-701-objective-3-2","3.2 Applying Security Principles","M3-028: Which term is a device on the inside of your network that is accessible from the outside.?
A: Jump Server
B: Transparent Proxy
C: Port Security
D: NAC, or Port-based Network Access Control",">> CORRECT: A | Jump Server

Jump Server ist der passende Security+-Begriff für diese Beschreibung: A Jump Server is a device on the inside of your network that is accessible from the outside.. Die anderen Optionen sind echte verwandte Begriffe, treffen diese Beschreibung aber nicht.

 

 Merkhilfe: Jump Server = Sprungbrett. Von extern → Jump Server → internes Netz. Einziger externer Zugangspunkt.","Security Principles Architecture Models","","","","","0","0","829","1","2500","0","0","1777740526670"
"1729264760996","e1ITgriYI<_2","sy0-701-objective-3-2","3.2 Applying Security Principles","M3-027: Which term is just that, not visible to end users, because it sits inline with communication and does not need to be configured on the end devices?
A: Forward Proxy
B: Open Proxy
C: Transparent Proxy
D: Active/Passive",">> CORRECT: C | Transparent Proxy

Transparent Proxy ist der passende Security+-Begriff für diese Beschreibung: A Transparent Proxy is just that, not visible to end users, because it sits inline with communication and does not need to be configured on the end devices. Die anderen Optionen sind echte verwandte Begriffe, treffen diese Beschreibung aber nicht.

 

 Merkhilfe: Transparent = unsichtbar. Proxy sitzt inline, kein Setup auf Client nötig. User merkt es nicht.","Security Principles","","","","","0","0","838","1","2500","0","0","1777740526670"
"1729265068837","Pdf.+)F8mA_2","sy0-701-objective-3-2","3.2 Applying Security Principles","M3-025: Which term is sometimes referred to as an Internal Proxy?
A: Intrusion Prevention System
B: Port Security
C: Forward Proxy
D: Load Balancers",">> CORRECT: C | Forward Proxy

Forward Proxy ist der passende Security+-Begriff für diese Beschreibung: A Forward Proxy is sometimes referred to as an Internal Proxy. Die anderen Optionen sind echte verwandte Begriffe, treffen diese Beschreibung aber nicht.

 

 Merkhilfe: Forward Proxy = Stellvertreter des Clients. Clients → Proxy → Internet. Interne Anfragen verstecken.","Security Principles","","","","","0","0","841","1","2500","0","0","1777740526670"
"1729265371258","xu~^jChI{n_1","sy0-701-objective-3-2","3.2 Applying Security Principles","M3-030: Which term is a publicly available proxy server that may or may not be safe to use?
A: Open Proxy
B: Web Application Firewall
C: Active monitoring
D: Intrusion Prevention System",">> CORRECT: A | Open Proxy

Open Proxy ist der passende Security+-Begriff für diese Beschreibung: An Open Proxy is a publicly available proxy server that may or may not be safe to use. Die anderen Optionen sind echte verwandte Begriffe, treffen diese Beschreibung aber nicht.

 

 Merkhilfe: Open = offen für alle. Öffentlicher Proxy, unbekannter Betreiber → potenziell unsicher.","Security Principles","","","","","0","0","845","1","2500","0","0","1777740526670"
"1729265508608","Pnf(Zkx%kP_1","sy0-701-objective-3-2","3.2 Applying Security Principles","M3-026: Which term are used in large-scale implementations to distribute traffic over multiple services?
A: Active/Passive
B: Active monitoring
C: Load Balancers
D: Forward Proxy",">> CORRECT: C | Load Balancers

Load Balancers ist der passende Security+-Begriff für diese Beschreibung: Load Balancers are used in large-scale implementations to distribute traffic over multiple services. Die anderen Optionen sind echte verwandte Begriffe, treffen diese Beschreibung aber nicht.

 

 Merkhilfe: Load Balancer = Lastverteiler. Traffic auf mehrere Server verteilen → keine Überlastung.","Security Principles","","","","","0","0","847","1","2500","0","0","1777740526670"
"1729265956352","wrt#!F(}T`_3","sy0-701-objective-3-2","3.2 Applying Security Principles","M3-029: Which term best matches this Security+ statement: If servers are standing by waiting to be used by a Load Balancer if an active server fails, this is known as an Active/Passive configuration?
A: Intrusion Prevention System
B: Passive Monitoring
C: Load Balancers
D: Active/Passive",">> CORRECT: D | Active/Passive

Active/Passive ist der passende Security+-Begriff für diese Beschreibung: If servers are standing by waiting to be used by a Load Balancer if an active server fails, this is known as an Active/Passive configuration. Die anderen Optionen sind echte verwandte Begriffe, treffen diese Beschreibung aber nicht.

 

 Merkhilfe: Active/Passive = einer aktiv, einer wartet. Failover wenn Active ausfällt → Passive übernimmt.","Security Principles Resilience and Recovery","","","","","0","0","855","1","2500","0","0","1777740526670"
"1729266155183","N;Oj;J?<pc_1","sy0-701-objective-3-2","3.2 Applying Security Principles","M3-024: Which term is a device which, as the name implies, collects logging data from Sensors and network traffic into one place?
A: Passive Monitoring
B: Extensible Authentication Protocol
C: Active monitoring
D: Collector",">> CORRECT: D | Collector

Collector ist der passende Security+-Begriff für diese Beschreibung: A Collector is a device which, as the name implies, collects logging data from Sensors and network traffic into one place. Die anderen Optionen sind echte verwandte Begriffe, treffen diese Beschreibung aber nicht.

 

 Merkhilfe: Collector = Sammler. Zentraler Log-Sammelpunkt von Sensoren und Netzwerkgeräten.","Security Principles Security Monitoring","","","","","0","0","857","1","2500","0","0","1777740526670"
"1729267472724","r!v=%q)]N>_1","sy0-701-objective-3-2","3.2 Applying Security Principles","M3-032: Which term refers to the security on the individual interfaces that are on a switch or connections to a wireless access point?
A: Collector
B: Forward Proxy
C: Active monitoring
D: Port Security",">> CORRECT: D | Port Security

Port Security ist der passende Security+-Begriff für diese Beschreibung: Port Security refers to the security on the individual interfaces that are on a switch or connections to a wireless access point. Die anderen Optionen sind echte verwandte Begriffe, treffen diese Beschreibung aber nicht.

 

 Merkhilfe: Port Security = Sicherheit am Switch-Port. Begrenzt welche MACs sich an einem Port verbinden dürfen.","Security Principles","","","","","0","0","860","1","2500","0","0","1777740526670"
"1729267569310","uz=X#Gt8nq_3","sy0-701-objective-3-2","3.2 Applying Security Principles","M3-033: Which term is a framework for authentication that can be applied to many different types of networks and connections?
A: Port Security
B: Intrusion Prevention System
C: Transparent Proxy
D: Extensible Authentication Protocol",">> CORRECT: D | Extensible Authentication Protocol

Extensible Authentication Protocol ist der passende Security+-Begriff für diese Beschreibung: Extensible Authentication Protocol is a framework for authentication that can be applied to many different types of networks and connections. Die anderen Optionen sind echte verwandte Begriffe, treffen diese Beschreibung aber nicht.

 

 Merkhilfe: EAP = Erweiterbar (Extensible). Framework das viele Auth-Methoden unterstützt: PEAP, EAP-TLS etc.","Security Principles Identity and Access Management","","","","","0","0","862","1","2500","0","0","1777740526670"
"1729267646397","c@OJp6HL:8_1","sy0-701-objective-3-2","3.2 Applying Security Principles","M3-031: Which term describes this concept: 802.1X is sometimes?
A: Web Application Firewall
B: Web Security Gateway
C: NAC, or Port-based Network Access Control
D: Passive Monitoring",">> CORRECT: C | NAC, or Port-based Network Access Control

NAC, or Port-based Network Access Control ist der passende Security+-Begriff für diese Beschreibung: 802.1X is sometimes referred to as NAC, or Port-based Network Access Control. Die anderen Optionen sind echte verwandte Begriffe, treffen diese Beschreibung aber nicht.

 

 Merkhilfe: 802.1X = Port-basierte Zugangskontrolle. Vor Netzwerkzugang: Authentifizierung erforderlich.","Security Principles Architecture Models","","","","","0","0","864","1","2500","0","0","1777740526670"
"1729268983360","kvcitx{3gi_2","sy0-701-objective-3-2","3.2 Applying Security Principles","M3-035: Which term best matches this Security+ statement: UTMs may also be referred to as a Web Security Gatewayy, or an All-in-One Security Appliance?
A: Transparent Proxy
B: Load Balancers
C: Port Security
D: Web Security Gateway",">> CORRECT: D | Web Security Gateway

Web Security Gateway ist der passende Security+-Begriff für diese Beschreibung: UTMs may also be referred to as a Web Security Gatewayy, or an All-in-One Security Appliance. Die anderen Optionen sind echte verwandte Begriffe, treffen diese Beschreibung aber nicht.

 

 Merkhilfe: UTM = Unified Threat Management = Web Security Gateway. All-in-One Security Appliance für SMBs.","Security Principles","","","","","0","0","881","1","2500","0","0","1777740526670"
"1729269602613","H+9dA7BN@r_1","sy0-701-objective-3-2","3.2 Applying Security Principles","M3-034: Which term describes this concept: A type of firewall which analyzes input from web-based applications to identify injections, for example?
A: Web Security Gateway
B: Active monitoring
C: Passive Monitoring
D: Web Application Firewall",">> CORRECT: D | Web Application Firewall

Web Application Firewall ist der passende Security+-Begriff für diese Beschreibung: A type of firewall which analyzes input from web-based applications to identify injections, for example, is called a Web Application Firewall. Die anderen Optionen sind echte verwandte Begriffe, treffen diese Beschreibung aber nicht.

 

 Merkhilfe: WAF = schützt Webanwendungen. Steht vor der App und filtert HTTP/HTTPS-Traffic auf Injections.","Security Principles","","","","","0","0","888","1","2500","0","0","1777740526670"
"1729276559590","L.+5EU446}_1","sy0-701-objective-3-3","3.3 Protecting Data","M3-037: Which term describes this concept: Data that is moving from one point to another?
A: The General Data Protection Regulation
B: Data in Motion, or Data in Transit
C: Data Sovereignty
D: Geographic Restrictions",">> CORRECT: B | Data in Motion, or Data in Transit

Data in Motion, or Data in Transit ist der passende Security+-Begriff für diese Beschreibung: Data that is moving from one point to another is called Data in Motion, or Data in Transit. Die anderen Optionen sind echte verwandte Begriffe, treffen diese Beschreibung aber nicht.

 

 Merkhilfe: In Motion = unterwegs. Data in Transit schützen = TLS/VPN. Ruhende Daten = Data at Rest.","Data Protection Cryptographic Solutions","","","","","0","0","932","1","2500","0","0","1777740526670"
"1729276746898","j-gd^&!2G(_1","sy0-701-objective-3-3","3.3 Protecting Data","M3-038: Which term refers to the rules and laws which apply to data, depending on where in the world it is being stored?
A: Data Sovereignty
B: The General Data Protection Regulation
C: Geofencing
D: Confusion",">> CORRECT: A | Data Sovereignty

Data Sovereignty ist der passende Security+-Begriff für diese Beschreibung: Data Sovereignty refers to the rules and laws which apply to data, depending on where in the world it is being stored. Die anderen Optionen sind echte verwandte Begriffe, treffen diese Beschreibung aber nicht.

 

 Merkhilfe: Sovereignty = Souveränität. Daten folgen den Gesetzen des Landes wo sie gespeichert sind.","Data Protection","","","","","0","0","936","1","2500","0","0","1777740526670"
"1729276778013","Ib6IV=,-!i_2","sy0-701-objective-5-4","5.4 Security Compliance","M3-036: Which term requires that any data collected on EU citizens must be stored within the EU?
A: The General Data Protection Regulation
B: Protecting data
C: Confusion
D: Data Sovereignty",">> CORRECT: A | The General Data Protection Regulation

The General Data Protection Regulation ist der passende Security+-Begriff für diese Beschreibung: The General Data Protection Regulation requires that any data collected on EU citizens must be stored within the EU. Die anderen Optionen sind echte verwandte Begriffe, treffen diese Beschreibung aber nicht.

 

 Merkhilfe: GDPR = Datenschutz-Grundverordnung (DSGVO). EU-Bürger → Daten müssen in der EU bleiben.","Data Protection","","","","","0","0","937","1","2500","0","0","1777740526670"
"1729277620814","L:)wokCjbc_1","sy0-701-objective-3-3","3.3 Protecting Data","M3-039: Which term describes this concept: Policies determining access to data based on the geographical locations of the data and the user are?
A: Geofencing
B: Data Sovereignty
C: Geographic Restrictions
D: The General Data Protection Regulation",">> CORRECT: C | Geographic Restrictions

Geographic Restrictions ist der passende Security+-Begriff für diese Beschreibung: Policies determining access to data based on the geographical locations of the data and the user are known as Geographic Restrictions. Die anderen Optionen sind echte verwandte Begriffe, treffen diese Beschreibung aber nicht.

 

 Merkhilfe: Geo-Einschränkungen = Standort bestimmt Zugang. z.B. Streaming-Dienste: Inhalte nur im jeweiligen Land.","Data Protection","","","","","0","0","942","1","2500","0","0","1777740526670"
"1729277680140","vA+!vZU7,%_2","sy0-701-objective-3-3","3.3 Protecting Data","M3-041: Which term is the process of limiting access to data based on the device's physical location?
A: Confusion
B: Geofencing
C: The General Data Protection Regulation
D: Data Sovereignty",">> CORRECT: B | Geofencing

Geofencing ist der passende Security+-Begriff für diese Beschreibung: Geofencing is the process of limiting access to data based on the device's physical location. Die anderen Optionen sind echte verwandte Begriffe, treffen diese Beschreibung aber nicht.

 

 Merkhilfe: Geofencing = virtueller Zaun. Gerät außerhalb Zone → kein Zugang. GPS-basierte Zugangskontrolle.","Data Protection","","","","","0","0","943","1","2500","0","0","1777740526670"
"1729277707224","mcPT7H+OAu_2","sy0-701-objective-3-3","3.3 Protecting Data","M3-040: Which term is one of the primary goals of any IT professional?
A: Geofencing
B: Geographic Restrictions
C: Protecting data
D: Confusion",">> CORRECT: C | Protecting data

Protecting data ist der passende Security+-Begriff für diese Beschreibung: Protecting data is one of the primary goals of any IT professional. Die anderen Optionen sind echte verwandte Begriffe, treffen diese Beschreibung aber nicht.

 

 Merkhilfe: Datenschutz = Kernaufgabe der IT-Sicherheit. CIA-Triad: Confidentiality + Integrity + Availability.","Data Protection Resilience and Recovery","","","","","0","0","944","1","2500","0","0","1777740526670"
"1729278256356","zGd.L]79.J_2","sy0-701-objective-1-4","1.4 Cryptographic Solutions","M3-042: Which term refers to the drastic difference between the encrypted form of data, and the original form?
A: Data in Motion, or Data in Transit
B: Data Sovereignty
C: Protecting data
D: Confusion",">> CORRECT: D | Confusion

Confusion ist der passende Security+-Begriff für diese Beschreibung: Confusion refers to the drastic difference between the encrypted form of data, and the original form. Die anderen Optionen sind echte verwandte Begriffe, treffen diese Beschreibung aber nicht.

 

 Merkhilfe: Confusion = Verwirrung. Jedes Bit des Schlüssels beeinflusst den Chiffretext — Ergebnis sieht völlig anders aus.","Cryptographic Solutions Data Protection","","","","","0","0","950","1","2500","0","0","1777740526670"
"1729280373313","m7b;)Zj_m(_1","sy0-701-objective-3-4","3.4 Resiliency and Recovery","M3-045: Which term is one that exactly mirrors the provisioning, configuration, and data of the main site, and can take over at a moment's notice?
A: Structured Walkthrough
B: Off-site backup
C: Hot Site
D: Incremental Backup",">> CORRECT: C | Hot Site

Hot Site ist der passende Security+-Begriff für diese Beschreibung: A Hot Site is one that exactly mirrors the provisioning, configuration, and data of the main site, and can take over at a moment's notice. Die anderen Optionen sind echte verwandte Begriffe, treffen diese Beschreibung aber nicht.

 

 Merkhilfe: Hot Site = heiß = sofort bereit. Exakte Kopie + aktuell → Failover in Minuten möglich.","Resilience and Recovery","","","","","0","0","957","1","2500","0","0","1777740526670"
"1729280425752","g%?/Y7,GRx_3","sy0-701-objective-3-4","3.4 Resiliency and Recovery","M3-043: Which term is essentially an empty building ready to bring in backup systems, but not necessarily standing by ready to take over?
A: Off-site backup
B: Platform Diversity
C: Incremental Backup
D: Cold Site",">> CORRECT: D | Cold Site

Cold Site ist der passende Security+-Begriff für diese Beschreibung: A Cold Site is essentially an empty building ready to bring in backup systems, but not necessarily standing by ready to take over. Die anderen Optionen sind echte verwandte Begriffe, treffen diese Beschreibung aber nicht.

 

 Merkhilfe: Cold Site = kalt = nichts läuft. Nur Gebäude + Infrastruktur. Stunden/Tage bis zur Aktivierung.","Resilience and Recovery","","","","","0","0","958","1","2500","0","0","1777740526670"
"1729280698248","lj`p.OW/F#_1","sy0-701-objective-3-4","3.4 Resiliency and Recovery","M3-044: Which term describes this concept: Using varied operating systems to provide services in the case of a vulnerability with a particular one?
A: Generator
B: Off-site backup
C: Incremental Backup
D: Platform Diversity",">> CORRECT: D | Platform Diversity

Platform Diversity ist der passende Security+-Begriff für diese Beschreibung: Using varied operating systems to provide services in the case of a vulnerability with a particular one is known as Platform Diversity. Die anderen Optionen sind echte verwandte Begriffe, treffen diese Beschreibung aber nicht.

 

 Merkhilfe: Diversity = Vielfalt. Verschiedene OS → eine Lücke in Windows betrifft nicht Linux-Server.","Resilience and Recovery","","","","","0","0","963","1","2500","0","0","1777740526670"
"1729282747703","x6}]yz*($w_1","sy0-701-objective-3-4","3.4 Resiliency and Recovery","M3-047: Which term describes this concept: Distributing computing tasks across multiple processors, whether within the same device or across multiple devices?
A: Parallel Processing
B: Hot Site
C: Generator
D: Cold Site",">> CORRECT: A | Parallel Processing

Parallel Processing ist der passende Security+-Begriff für diese Beschreibung: Distributing computing tasks across multiple processors, whether within the same device or across multiple devices, is called Parallel Processing. Die anderen Optionen sind echte verwandte Begriffe, treffen diese Beschreibung aber nicht.

 

 Merkhilfe: Parallel = gleichzeitig. Mehrere Prozessoren teilen sich die Arbeit → schneller als einer allein.","Resilience and Recovery","","","","","0","0","980","1","2500","0","0","1777740526670"
"1729283435461","n}0X!-/yxE_4","sy0-701-objective-3-4","3.4 Resiliency and Recovery","M3-050: Which term describes this concept: Storing backups in another location, whether via network transfer or by physically transferring backup media?
A: Hot Site
B: Structured Walkthrough
C: Cold Site
D: Off-site backup",">> CORRECT: D | Off-site backup

Off-site backup ist der passende Security+-Begriff für diese Beschreibung: Storing backups in another location, whether via network transfer or by physically transferring backup media, is known as an Off-site backup. Die anderen Optionen sind echte verwandte Begriffe, treffen diese Beschreibung aber nicht.

 

 Merkhilfe: Off-site = außerhalb. Backup außer Haus → Feuer/Überflutung im Büro vernichtet nicht alle Daten.","Resilience and Recovery","","","","","0","0","987","1","2500","0","0","1777740526670"
"1729283880472","jyOa6{c3PD_1","sy0-701-objective-3-4","3.4 Resiliency and Recovery","M3-049: Which term is one that only saves the changes made since the previous backup?
A: Incremental Backup
B: Generator
C: Cold Site
D: Hot Site",">> CORRECT: A | Incremental Backup

Incremental Backup ist der passende Security+-Begriff für diese Beschreibung: An Incremental Backup is one that only saves the changes made since the previous backup. Die anderen Optionen sind echte verwandte Begriffe, treffen diese Beschreibung aber nicht.

 

 Merkhilfe: Incremental = stufenweise. Nur Änderungen seit letztem Backup. Schnell aber komplexe Wiederherstellung.","Resilience and Recovery","","","","","0","0","996","1","2500","0","0","1777740526670"
"1729284162703","IQGbPG}j~E_1","sy0-701-objective-3-4","3.4 Resiliency and Recovery","M3-048: Which term describes this concept: Copying data in real-time to one or more additional locations as it is written to the local location?
A: Platform Diversity
B: Generator
C: Replication
D: Structured Walkthrough",">> CORRECT: C | Replication

Replication ist der passende Security+-Begriff für diese Beschreibung: Copying data in real-time to one or more additional locations as it is written to the local location is known as Replication. Die anderen Optionen sind echte verwandte Begriffe, treffen diese Beschreibung aber nicht.

 

 Merkhilfe: Replication = Echtzeitkopie. Daten sofort auf anderen Server spiegeln. RPO nahe null möglich.","Resilience and Recovery","","","","","0","0","1000","1","2500","0","0","1777740526670"
"1729285411849","v*nVzJV@Yg_2","sy0-701-objective-3-4","3.4 Resiliency and Recovery","M3-051: Which term is typically seen as a long-term backup power solution?
A: Parallel Processing
B: Cold Site
C: Off-site backup
D: Generator",">> CORRECT: D | Generator

Generator ist der passende Security+-Begriff für diese Beschreibung: A Generator is typically seen as a long-term backup power solution. Die anderen Optionen sind echte verwandte Begriffe, treffen diese Beschreibung aber nicht.

 

 Merkhilfe: Generator = Dieselkraft. Langzeit-Stromversorgung. UPS = kurzfristig, Generator = langfristig.","Resilience and Recovery","","","","","0","0","1016","1","2500","0","0","1777740526670"
"1729435542513","qr<>tJ!Oc5_1","sy0-701-objective-3-4","3.4 Resiliency and Recovery","M3-046: Which term describes this concept: A Tabletop Exercise may also be?
A: Hot Site
B: Incremental Backup
C: Platform Diversity
D: Structured Walkthrough",">> CORRECT: D | Structured Walkthrough

Structured Walkthrough ist der passende Security+-Begriff für diese Beschreibung: A Tabletop Exercise may also be called a Structured Walkthrough. Die anderen Optionen sind echte verwandte Begriffe, treffen diese Beschreibung aber nicht.

 

 Merkhilfe: Structured Walkthrough = strukturierter Durchlauf. Team bespricht Notfallplan schrittweise am Tisch.","Resilience and Recovery","","","","","0","0","1019","1","2500","0","0","1777740526670"
"1729437834722","ja;/=WB$s+_2","sy0-701-objective-4-1","4.1 Security Techniques","M4-001: Which term describes this concept: The process of configuring a system to provide only required services in order to reduce its vulnerability?
A: Hardening
B: Message Integrity Check
C: Sandboxing
D: Fuzzing",">> CORRECT: A | Hardening

Hardening ist der passende Security+-Begriff für diese Beschreibung: The process of configuring a system to provide only required services in order to reduce its vulnerability is called Hardening. Die anderen Optionen sind echte verwandte Begriffe, treffen diese Beschreibung aber nicht.

 

 Merkhilfe: Hardening = abhärten. Unnötige Dienste aus, starke Config, Patches = gehärtetes System.","Security Techniques","","","","","0","0","1030","1","2500","0","0","1777740526670"
"1729438002934","unHZdph!ft_1","sy0-701-objective-4-1","4.1 Security Techniques","M4-002: Which term describes this concept: A Hardening technique that creates a logical separation between different types or sets of data?
A: Data Segmentation
B: Hardening
C: Code Signing
D: Fuzzing",">> CORRECT: A | Data Segmentation

Data Segmentation ist der passende Security+-Begriff für diese Beschreibung: A Hardening technique that creates a logical separation between different types or sets of data is called Data Segmentation. Die anderen Optionen sind echte verwandte Begriffe, treffen diese Beschreibung aber nicht.

 

 Merkhilfe: Segmentierung = trennen. PCI-Daten von HR-Daten trennen → kompromittiertes Segment bleibt isoliert.","Security Techniques","","","","","0","0","1034","1","2500","0","0","1777740526670"
"1729441416045","w(t?{Vt3~Y_2","sy0-701-objective-4-1","4.1 Security Techniques","M4-003: Which term describes this concept: The process of checking that the data received is exactly the same as the data was sent, and has not been modified in transit?
A: Code Signing
B: Message Integrity Check
C: Hardening
D: Sandboxing",">> CORRECT: B | Message Integrity Check

Message Integrity Check ist der passende Security+-Begriff für diese Beschreibung: The process of checking that the data received is exactly the same as the data was sent, and has not been modified in transit, is called a Message Integrity Check. Die anderen Optionen sind echte verwandte Begriffe, treffen diese Beschreibung aber nicht.

 

 Merkhilfe: MIC = Integritätsprüfung für Daten. Ähnlich Hash: empfangene Daten == gesendete Daten?","Security Techniques","","","","","0","0","1070","1","2500","0","0","1777740526670"
"1729443096377","zlY1ob7Ats_1","sy0-701-objective-4-1","4.1 Security Techniques","M4-006: Which term describes this concept: The process of providing different types of input for an application to see what it does with the input?
A: Hardening
B: Message Integrity Check
C: Sandboxing
D: Fuzzing",">> CORRECT: D | Fuzzing

Fuzzing ist der passende Security+-Begriff für diese Beschreibung: The process of providing different types of input for an application to see what it does with the input is called Fuzzing. Die anderen Optionen sind echte verwandte Begriffe, treffen diese Beschreibung aber nicht.

 

 Merkhilfe: Fuzzing = mit Datenmüll testen. Zufällige/unerwartete Eingaben → was crasht? Was verhält sich seltsam?","Security Techniques","","","","","0","0","1100","1","2500","0","0","1777740526670"
"1729443455782","n3{Nw*/{z~_3","sy0-701-objective-4-1","4.1 Security Techniques","M4-005: Which term provides a guarantee that the code has not changed in transit to the end host, and that was actually sent by the listed developer?
A: Fuzzing
B: Code Signing
C: Sandboxing
D: Data Segmentation",">> CORRECT: B | Code Signing

Code Signing ist der passende Security+-Begriff für diese Beschreibung: Code Signing provides a guarantee that the code has not changed in transit to the end host, and that was actually sent by the listed developer. Die anderen Optionen sind echte verwandte Begriffe, treffen diese Beschreibung aber nicht.

 

 Merkhilfe: Code Signing = digitale Signatur für Code. Entwickler signiert → Empfänger verifiziert Herkunft + Integrität.","Security Techniques","","","","","0","0","1108","1","2500","0","0","1777740526670"
"1729443520771","jsT>eYES_{_1","sy0-701-objective-4-1","4.1 Security Techniques","M4-004: Which term is the process of only allowing an application access to the data it needs to operate?
A: Message Integrity Check
B: Code Signing
C: Sandboxing
D: Fuzzing",">> CORRECT: C | Sandboxing

Sandboxing ist der passende Security+-Begriff für diese Beschreibung: Sandboxing is the process of only allowing an application access to the data it needs to operate. Die anderen Optionen sind echte verwandte Begriffe, treffen diese Beschreibung aber nicht.

 

 Merkhilfe: Sandbox = Sandkasten. App läuft isoliert → kann nicht auf andere Teile des Systems zugreifen.","Security Techniques","","","","","0","0","1110","1","2500","0","0","1777740526670"
"1729525570343","eg@J!4qhv._1","sy0-701-objective-4-3","4.3 Vulnerability Management","M4-008: Which term are used to determine if a system may be susceptible to a type of attack?
A: Vulnerability Scans
B: Port Scan
C: Dark Web
D: False Negative",">> CORRECT: A | Vulnerability Scans

Vulnerability Scans ist der passende Security+-Begriff für diese Beschreibung: Vulnerability Scans are used to determine if a system may be susceptible to a type of attack. Die anderen Optionen sind echte verwandte Begriffe, treffen diese Beschreibung aber nicht.

 

 Merkhilfe: Vuln Scan = Schwachstellenscanner. Automatisch bekannte Lücken suchen (Nessus, OpenVAS).","Vulnerability Management","","","","","0","0","1131","1","2500","0","0","1777740526670"
"1729525688307","BOnJh-?9fx_1","sy0-701-objective-4-3","4.3 Vulnerability Management","M4-007: Which term is a simple type of Vulnerability Scan which shows all open ports on a device?
A: False Negative
B: Bug Bounty
C: Port Scan
D: False Positive",">> CORRECT: C | Port Scan

Port Scan ist der passende Security+-Begriff für diese Beschreibung: A Port Scan is a simple type of Vulnerability Scan which shows all open ports on a device. Die anderen Optionen sind echte verwandte Begriffe, treffen diese Beschreibung aber nicht.

 

 Merkhilfe: Port Scan = Hafen-Check. Welche Ports sind offen? Nmap = bekanntester Port-Scanner.","Vulnerability Management","","","","","0","0","1134","1","2500","0","0","1777740526670"
"1729526448891","hE%li[^LSA_2","sy0-701-objective-4-3","4.3 Vulnerability Management","M4-009: Which term is a good source of information about threats via various reports or public hearings?
A: False Negative
B: Government
C: Risk Tolerance
D: Vulnerability Scans",">> CORRECT: B | Government

Government ist der passende Security+-Begriff für diese Beschreibung: The Government is a good source of information about threats via various reports or public hearings. Die anderen Optionen sind echte verwandte Begriffe, treffen diese Beschreibung aber nicht.

 

 Merkhilfe: Regierung = CISA, NIST, BfV. Öffentliche Berichte und Alerts über aktuelle Bedrohungen.","Vulnerability Management","","","","","0","0","1141","1","2500","0","0","1777740526670"
"1729526713518","uhoz*[eS_K_3","sy0-701-objective-4-3","4.3 Vulnerability Management","M4-010: Which term is an overlay network that uses the internet for transport which is only accessible by using specialized software.?
A: Dark Web
B: Compensating Control
C: Vulnerability Scans
D: False Positive",">> CORRECT: A | Dark Web

Dark Web ist der passende Security+-Begriff für diese Beschreibung: The Dark Web is an overlay network that uses the internet for transport which is only accessible by using specialized software.. Die anderen Optionen sind echte verwandte Begriffe, treffen diese Beschreibung aber nicht.

 

 Merkhilfe: Dark Web = Tor-Netzwerk. Nur mit Tor-Browser zugänglich. Anonymes Netz für legale/illegale Aktivitäten.","Vulnerability Management","","","","","0","0","1146","1","2500","0","0","1777740526670"
"1729528034674","kLWl-=,jR<_2","sy0-701-objective-4-3","4.3 Vulnerability Management","M4-011: Which term is a reward for finding and reporting software vulnerabilities to the developer?
A: Dark Web
B: Bug Bounty
C: Port Scan
D: Compensating Control",">> CORRECT: B | Bug Bounty

Bug Bounty ist der passende Security+-Begriff für diese Beschreibung: A Bug Bounty is a reward for finding and reporting software vulnerabilities to the developer. Die anderen Optionen sind echte verwandte Begriffe, treffen diese Beschreibung aber nicht.

 

 Merkhilfe: Bug Bounty = Prämie für Lücken. Hacker melden statt ausnutzen → Unternehmen belohnt verantwortliche Offenlegung.","Vulnerability Management","","","","","0","0","1160","1","2500","0","0","1777740526670"
"1729528371221","vN~S{4BMeZ_1","sy0-701-objective-4-3","4.3 Vulnerability Management","M4-014: Which term describes this concept: Reports of a vulnerability from whatever source, which do not actually exist, are?
A: False Positive
B: Bug Bounty
C: Compensating Control
D: Government",">> CORRECT: A | False Positive

False Positive ist der passende Security+-Begriff für diese Beschreibung: Reports of a vulnerability from whatever source, which do not actually exist, are called a False Positive. Die anderen Optionen sind echte verwandte Begriffe, treffen diese Beschreibung aber nicht.

 

 Merkhilfe: False Positive = Fehlalarm. Scan sagt 'Lücke vorhanden' → tatsächlich keine. Kostet Zeit bei Investigation.","Vulnerability Management","","","","","0","0","1162","1","2500","0","0","1777740526670"
"1729528670460","m7YE)H9nY4_1","sy0-701-objective-4-3","4.3 Vulnerability Management","M4-013: Which term is when a vulnerability scan does not detect a vulnerability that does actually exist?
A: False Positive
B: Port Scan
C: False Negative
D: Compensating Control",">> CORRECT: C | False Negative

False Negative ist der passende Security+-Begriff für diese Beschreibung: A False Negative is when a vulnerability scan does not detect a vulnerability that does actually exist. Die anderen Optionen sind echte verwandte Begriffe, treffen diese Beschreibung aber nicht.

 

 Merkhilfe: False Negative = übersehene Lücke. Scan sagt 'kein Problem' → tatsächlich Lücke vorhanden. Gefährlicher als FP.","Vulnerability Management Security Monitoring","","","","","0","0","1163","1","2500","0","0","1777740526670"
"1729529439876","QyI-I<+54W_1","sy0-701-objective-4-3","4.3 Vulnerability Management","M4-012: Which term describes this concept: The process of prioritizing which systems to patch first?
A: Compensating Control
B: False Negative
C: False Positive
D: Risk Tolerance",">> CORRECT: D | Risk Tolerance

Risk Tolerance ist der passende Security+-Begriff für diese Beschreibung: The process of prioritizing which systems to patch first is known as Risk Tolerance. Die anderen Optionen sind echte verwandte Begriffe, treffen diese Beschreibung aber nicht.

 

 Merkhilfe: Risikotoleranz bestimmt Patch-Reihenfolge. Kritische Systeme (niedrige Toleranz) = zuerst patchen.","Vulnerability Management","","","","","0","0","1175","1","2500","0","0","1777740526670"
"1729530986061","C,Z~}{|^l#_1","sy0-701-objective-4-3","4.3 Vulnerability Management","M4-015: Which term is one put into place temporarily until a patch is able to be applied?
A: False Positive
B: False Negative
C: Government
D: Compensating Control",">> CORRECT: D | Compensating Control

Compensating Control ist der passende Security+-Begriff für diese Beschreibung: A Compensating Control is one put into place temporarily until a patch is able to be applied. Die anderen Optionen sind echte verwandte Begriffe, treffen diese Beschreibung aber nicht.

 

 Merkhilfe: Compensating = Ersatz-Kontrolle. Kein Patch verfügbar? Firewall-Regel als temporäre Kompensation.","Vulnerability Management","","","","","0","0","1187","1","2500","0","0","1777740526670"
"1729540036900","dwmaHN4`2K_2","sy0-701-objective-4-4","4.4 Security Monitoring","M4-016: Which term is information that can be acted upon once it is known?
A: Hardening
B: Legal Hold
C: Single Sign On
D: Actionable Data",">> CORRECT: D | Actionable Data

Actionable Data ist der passende Security+-Begriff für diese Beschreibung: Actionable Data is information that can be acted upon once it is known. Die anderen Optionen sind echte verwandte Begriffe, treffen diese Beschreibung aber nicht.

 

 Merkhilfe: Actionable = umsetzbar. Bedrohungsdaten sind nur wertvoll wenn man darauf reagieren kann.","Security Monitoring","","","","","0","0","1191","1","2500","0","0","1777740526670"
"1729542531766","o^/Ocz+rq%_3","sy0-701-objective-4-5","4.5 Enterprise Security","M4-018: Which term is sometimes known as a URL filter, or a website category filter?
A: File Integrity Monitor
B: Tripwire
C: Active Directory
D: Content Filter",">> CORRECT: D | Content Filter

Content Filter ist der passende Security+-Begriff für diese Beschreibung: A Content Filter is sometimes known as a URL filter, or a website category filter. Die anderen Optionen sind echte verwandte Begriffe, treffen diese Beschreibung aber nicht.

 

 Merkhilfe: Content Filter = was darf rein/raus. URL-Blacklist, Kategorien blockieren (Social Media, Gaming).","Enterprise Security","","","","","0","0","1214","1","2500","0","0","1777740526670"
"1729542555582","gre,n+!uo9_3","sy0-701-objective-4-5","4.5 Enterprise Security","M4-017: Which term provides control of inbound and outbound data?
A: Discretionary Access Control
B: Active Directory
C: Content Filtering
D: Digital Key Identified Mail",">> CORRECT: C | Content Filtering

Content Filtering ist der passende Security+-Begriff für diese Beschreibung: Content Filtering provides control of inbound and outbound data. Die anderen Optionen sind echte verwandte Begriffe, treffen diese Beschreibung aber nicht.

 

 Merkhilfe: Content Filtering = Inhaltsfilterung. Kontrolliert was rein und raus geht (E-Mail, Web, DLP).","Enterprise Security Identity and Access Management","","","","","0","0","1215","1","2500","0","0","1777740526670"
"1729543018478","A9~l%4[b^A_1","sy0-701-objective-4-5","4.5 Enterprise Security","M4-019: Welcher Verzeichnisdienst-Standard aus SY0-701 Obj 4.6 IAM verwaltet Benutzer, Geraete und Ressourcen vendor-neutral?
A: Discretionary Access Control
B: LDAP (Lightweight Directory Access Protocol)
C: Content Filter
D: Endpoint",">> CORRECT: B | LDAP (Lightweight Directory Access Protocol)

LDAP ist der vendor-neutrale Verzeichnisdienst-Standard, im SY0-701 Obj 4.6 IAM gelistet. Microsofts ""Active Directory"" ist eine LDAP-Implementation — vendor-spezifisch und KEIN PDF-Vokabular.

Merkhilfe: LDAP = Standard, AD = Microsoft-Implementation. SY0-701 fragt nach LDAP.","Enterprise Security Identity and Access Management","","","","","0","0","1224","1","2500","0","0","1777740526670"
"1729543300068","c^v~Q;q2nv_2","sy0-701-objective-4-6","4.6 Identity and Access Management","M4-020: Which term means the user has the ability to set their own access permissions?
A: Tripwire
B: Discretionary Access Control
C: Active Directory
D: Content Filter",">> CORRECT: B | Discretionary Access Control

Discretionary Access Control ist der passende Security+-Begriff für diese Beschreibung: Discretionary Access Control means the user has the ability to set their own access permissions. Die anderen Optionen sind echte verwandte Begriffe, treffen diese Beschreibung aber nicht.

 

 Merkhilfe: DAC = Discretionary = nach Ermessen. Eigentümer entscheidet wer zugreifen darf (wie Unix chmod).","Identity and Access Management","","","","","0","0","1230","1","2500","0","0","1777740526670"
"1729544236865","M/g2]|pWGO_2","sy0-701-objective-4-5","4.5 Enterprise Security","M4-021: Which term uses public and private keys to verify the sender of a message?
A: DomainKeys Identified Mail
B: Endpoint
C: Content Filter
D: Active Directory",">> CORRECT: A | DomainKeys Identified Mail (DKIM)

DKIM (DomainKeys Identified Mail) verwendet Public/Private Key-Kryptografie um die Herkunft einer E-Mail zu verifizieren. Der Absender-Server signiert die E-Mail mit dem Private Key — Empfänger-Server prüfen mit dem Public Key aus dem DNS.



 Merkhilfe: DKIM = DomainKeys Identified Mail. Domain + Keys = E-Mail-Signierung gegen Spoofing.","Enterprise Security Cryptographic Solutions","","","","","0","0","1246","1","2500","0","0","1777740526670"
"1729544752114","InR?%+UtID_2","sy0-701-objective-4-5","4.5 Enterprise Security","M4-022: Which term provides alerts if core application or operating system files are modified?
A: Content Filter
B: Digital Key Identified Mail
C: File Integrity Monitor
D: Endpoint",">> CORRECT: C | File Integrity Monitor

File Integrity Monitor ist der passende Security+-Begriff für diese Beschreibung: A File Integrity Monitor provides alerts if core application or operating system files are modified. Die anderen Optionen sind echte verwandte Begriffe, treffen diese Beschreibung aber nicht.

 

 Merkhilfe: FIM = File Integrity Monitor. Überwacht kritische Systemdateien auf Änderungen. Tripwire = klassisches FIM.","Enterprise Security","","","","","0","0","1253","1","2500","0","0","1777740526670"
"1729545172423","yzycZ4{tWU_1","sy0-701-objective-4-5","4.5 Enterprise Security","M4-023: Which description matches a popular FIM for Linux?
A: Digital Key Identified Mail
B: Content Filtering
C: Tripwire
D: Content Filter",">> CORRECT: C | Tripwire

Tripwire ist der passende Security+-Begriff für diese Beschreibung: A popular FIM for Linux is Tripwire. Die anderen Optionen sind echte verwandte Begriffe, treffen diese Beschreibung aber nicht.

 

 Merkhilfe: Tripwire = Stolperdraht. Populäres FIM-Tool für Linux. Ändert sich eine Systemdatei → Alert.","Enterprise Security","","","","","0","0","1261","1","2500","0","0","1777740526670"
"1729545965530","eaz8T.BgtV_1","sy0-701-objective-4-5","4.5 Enterprise Security","M4-024: Which term is the device being used by the user?
A: Tripwire
B: Endpoint
C: Content Filter
D: Digital Key Identified Mail",">> CORRECT: B | Endpoint

Endpoint ist der passende Security+-Begriff für diese Beschreibung: An Endpoint is the device being used by the user. Die anderen Optionen sind echte verwandte Begriffe, treffen diese Beschreibung aber nicht.

 

 Merkhilfe: Endpoint = Endpunkt. Laptop, Smartphone, Desktop = Endpoints. Ziel von Endpoint Security.","Enterprise Security Security Techniques","","","","","0","0","1262","1","2500","0","0","1777740526670"
"1729606385894","o?H);O$LL(_3","sy0-701-objective-4-6","4.6 Identity and Access Management","M4-027: Which term is the process of verifying a person's identity through outside sources such as government or financial institutions?
A: Password Age
B: Password Manager
C: Access Control
D: Attestation",">> CORRECT: D | Attestation

Attestation ist der passende Security+-Begriff für diese Beschreibung: Attestation is the process of verifying a person's identity through outside sources such as government or financial institutions. Die anderen Optionen sind echte verwandte Begriffe, treffen diese Beschreibung aber nicht.

 

 Merkhilfe: Attestation = Beglaubigung. Identität durch externe Quellen (Regierung, Bank) bestätigen.","Identity and Access Management","","","","","0","0","1274","1","2500","0","0","1777740526670"
"1729606424320","iC.IhNRwTb_1","sy0-701-objective-4-6","4.6 Identity and Access Management","M4-025: Which term describes this concept: Logging in once to be able to access multiple systems?
A: Single Sign On
B: Authentication Factor
C: Password Age
D: Biometrics",">> CORRECT: A | Single Sign On

Single Sign On ist der passende Security+-Begriff für diese Beschreibung: Logging in once to be able to access multiple systems is called Single Sign On. Die anderen Optionen sind echte verwandte Begriffe, treffen diese Beschreibung aber nicht.

 

 Merkhilfe: SSO = einmal anmelden, überall Zugang. Kein 10x Passwort eingeben. SAML/OAuth/OIDC = SSO-Protokolle.","Identity and Access Management","","","","","0","0","1275","1","2500","0","0","1777740526670"
"1729606994413","o1W@*mfSpm_1","sy0-701-objective-4-6","4.6 Identity and Access Management","M4-026: Which term describes this concept: Individual devices within the Directory Information Tree are?
A: Password Manager
B: Access Control
C: Leaf Objects
D: Password Age",">> CORRECT: C | Leaf Objects

Leaf Objects ist der passende Security+-Begriff für diese Beschreibung: Individual devices within the Directory Information Tree are known as Leaf Objects. Die anderen Optionen sind echte verwandte Begriffe, treffen diese Beschreibung aber nicht.

 

 Merkhilfe: Leaf = Blatt (am Ende des Baums). Leaf Objects = einzelne Objekte (User, Computer) in AD-Hierarchie.","Identity and Access Management","","","","","0","0","1284","1","2500","0","0","1777740526670"
"1729609351815","y?JZX|-ED|_2","sy0-701-objective-4-6","4.6 Identity and Access Management","M4-030: Which term is the process of enforcing policies to allow or disallow access to data?
A: Password Manager
B: Discretionary Access Control
C: Passwordless Authentication
D: Access Control",">> CORRECT: D | Access Control

Access Control ist der passende Security+-Begriff für diese Beschreibung: Access Control is the process of enforcing policies to allow or disallow access to data. Die anderen Optionen sind echte verwandte Begriffe, treffen diese Beschreibung aber nicht.

 

 Merkhilfe: Access Control = Zugangskontrolle. Wer darf was? Durchsetzen von Zugangsregeln.","Identity and Access Management","","","","","0","0","1296","1","2500","0","0","1777740526670"
"1729609553997","O-oGMt%HU__1","sy0-701-objective-4-6","4.6 Identity and Access Management","M4-029: Which term describes this concept: If the creator or owner of a file is the one deciding who has what access to a file, this?
A: Access Control
B: Biometrics
C: Discretionary Access Control
D: Leaf Objects",">> CORRECT: C | Discretionary Access Control

Discretionary Access Control ist der passende Security+-Begriff für diese Beschreibung: If the creator or owner of a file is the one deciding who has what access to a file, this is known as Discretionary Access Control. Die anderen Optionen sind echte verwandte Begriffe, treffen diese Beschreibung aber nicht.

 

 Merkhilfe: DAC = Eigentümer ist Chef. Datei-Ersteller entscheidet selbst über Zugriffsrechte.","Identity and Access Management","","","","","0","0","1299","1","2500","0","0","1777740526670"
"1729609703139","Hpiv<*y@ud_1","sy0-701-objective-4-6","4.6 Identity and Access Management","M4-028: Which term describes this concept: The Windows implementation of RBAC?
A: Password Manager
B: Groups
C: Biometrics
D: Single Sign On",">> CORRECT: B | Groups

Groups ist der passende Security+-Begriff für diese Beschreibung: The Windows implementation of RBAC is called Groups. Die anderen Optionen sind echte verwandte Begriffe, treffen diese Beschreibung aber nicht.

 

 Merkhilfe: Groups = RBAC in Windows. User → Gruppe → Berechtigungen. Rolle statt Einzelperson = effizienter.","Identity and Access Management","","","","","0","0","1303","1","2500","0","0","1777740526670"
"1729610407765","d#YVAkr03-_2","sy0-701-objective-4-6","4.6 Identity and Access Management","M4-031: Which term is any of a number of login parameters?
A: Discretionary Access Control
B: Leaf Objects
C: Single Sign On
D: Authentication Factor",">> CORRECT: D | Authentication Factor

Authentication Factor ist der passende Security+-Begriff für diese Beschreibung: An Authentication Factor is any of a number of login parameters. Die anderen Optionen sind echte verwandte Begriffe, treffen diese Beschreibung aber nicht.

 

 Merkhilfe: Factor = Faktor. Jeder Faktor = eine Methode: Passwort, Token, Fingerabdruck. Mehr = sicherer.","Identity and Access Management","","","","","0","0","1309","1","2500","0","0","1777740526670"
"1729610578431","m!,}a^Pf`v_1","sy0-701-objective-4-6","4.6 Identity and Access Management","M4-032: Which term describes this concept: Something you are is typically?
A: Biometrics
B: Entropy
C: Attestation
D: Leaf Objects",">> CORRECT: A | Biometrics

Biometrics ist der passende Security+-Begriff für diese Beschreibung: Something you are is typically referred to as Biometrics. Die anderen Optionen sind echte verwandte Begriffe, treffen diese Beschreibung aber nicht.

 

 Merkhilfe: Biometrics = etwas das du bist. Fingerabdruck, Iris, Stimme. Nicht verlierbar und nicht vergessbar.","Identity and Access Management","","","","","0","0","1314","1","2500","0","0","1777740526670"
"1729610995931","E,mCRoDuK._2","sy0-701-objective-4-6","4.6 Identity and Access Management","M4-033: Which term describes how unpredictable a password might be?
A: Entropy
B: Discretionary Access Control
C: Single Sign On
D: Attestation",">> CORRECT: A | Entropy

Entropy ist der passende Security+-Begriff für diese Beschreibung: Entropy describes how unpredictable a password might be. Die anderen Optionen sind echte verwandte Begriffe, treffen diese Beschreibung aber nicht.

 

 Merkhilfe: Entropy = Entropie = Unvorhersehbarkeit. Mehr Zufälligkeit = mehr Entropy = stärkeres Passwort.","Identity and Access Management","","","","","0","0","1319","1","2500","0","0","1777740526670"
"1729611036480","NN@QFa`D_L_2","sy0-701-objective-4-6","4.6 Identity and Access Management","M4-034: Which term is the time since a password was created?
A: Password Age
B: Authentication Factor
C: Passwordless Authentication
D: Discretionary Access Control",">> CORRECT: A | Password Age

Password Age ist der passende Security+-Begriff für diese Beschreibung: Password Age is the time since a password was created. Die anderen Optionen sind echte verwandte Begriffe, treffen diese Beschreibung aber nicht.

 

 Merkhilfe: Password Age = Alter des Passworts. Max. Age = Ablaufdatum erzwingen. Alte Passwörter = Risiko.","Identity and Access Management","","","","","0","0","1320","1","2500","0","0","1777740526670"
"1729611118404","coZ%,]!^%u_2","sy0-701-objective-4-6","4.6 Identity and Access Management","M4-035: Which term allows users to store all login information in a single place?
A: Passwordless Authentication
B: Discretionary Access Control
C: Entropy
D: Password Manager",">> CORRECT: D | Password Manager

Password Manager ist der passende Security+-Begriff für diese Beschreibung: A Password Manager allows users to store all login information in a single place. Die anderen Optionen sind echte verwandte Begriffe, treffen diese Beschreibung aber nicht.

 

 Merkhilfe: Password Manager = Tresor für Passwörter. Ein Master-Passwort → Zugang zu allen gespeicherten.","Identity and Access Management","","","","","0","0","1322","1","2500","0","0","1777740526670"
"1729611199039","lhc6Xh3ez$_2","sy0-701-objective-4-6","4.6 Identity and Access Management","M4-036: Which term uses something besides a password to log in?
A: Password Age
B: Groups
C: Passwordless Authentication
D: Access Control",">> CORRECT: C | Passwordless Authentication

Passwordless Authentication ist der passende Security+-Begriff für diese Beschreibung: Passwordless Authentication uses something besides a password to log in. Die anderen Optionen sind echte verwandte Begriffe, treffen diese Beschreibung aber nicht.

 

 Merkhilfe: Passwordless = ohne Passwort. FIDO2/WebAuthn: Biometrie oder Hardware-Key statt Passwort.","Identity and Access Management","","","","","0","0","1324","1","2500","0","0","1777740526670"
"1729612110305","D!PMDCOkoq_3","sy0-701-objective-4-7","4.7 Automation and Orchestration","M4-037: Which term allows the automation of tasks, rather than performing them manually?
A: Guardrail
B: Technical Debt
C: Scripting
D: Government",">> CORRECT: C | Scripting

Scripting ist der passende Security+-Begriff für diese Beschreibung: Scripting allows the automation of tasks, rather than performing them manually. Die anderen Optionen sind echte verwandte Begriffe, treffen diese Beschreibung aber nicht.

 

 Merkhilfe: Scripting = automatisieren. PowerShell, Bash, Python = Script statt manuell. Fehlerreduktion.","Automation and Orchestration","","","","","0","0","1330","1","2500","0","0","1777740526670"
"1729612337101","e)un(tKC+:_1","sy0-701-objective-4-7","4.7 Automation and Orchestration","M4-039: Which term is an automated verification of information going into a system to protect against human mistakes?
A: Scripting
B: Technical Debt
C: Actionable Data
D: Guardrail",">> CORRECT: D | Guardrail

Guardrail ist der passende Security+-Begriff für diese Beschreibung: A Guardrail is an automated verification of information going into a system to protect against human mistakes. Die anderen Optionen sind echte verwandte Begriffe, treffen diese Beschreibung aber nicht.

 

 Merkhilfe: Guardrail = Leitplanke. Automatische Prüfung verhindert Fehler bei Eingabe/Konfiguration.","Automation and Orchestration","","","","","0","0","1335","1","2500","0","0","1777740526670"
"1729612543398","KBp2?TOYsF_2","sy0-701-objective-4-7","4.7 Automation and Orchestration","M4-038: Which term refers to addressing symptoms rather than the root cause?
A: Technical Debt
B: Guardrail
C: Scripting
D: Hardening",">> CORRECT: A | Technical Debt

Technical Debt ist der passende Security+-Begriff für diese Beschreibung: Technical Debt refers to addressing symptoms rather than the root cause. Die anderen Optionen sind echte verwandte Begriffe, treffen diese Beschreibung aber nicht.

 

 Merkhilfe: Technical Debt = Schulden im Code. Schnelle Fixes statt sauberer Lösung = wachsende Schulden.","Automation and Orchestration Security Techniques","","","","","0","0","1340","1","2500","0","0","1777740526670"
"1729614400121","iDb`(bcUw+_1","sy0-701-objective-4-8","4.8 Incident Response","M4-040: Which term is the process of searching for vulnerabilities before an attacker can find them?
A: Digital Forensics
B: Legal Hold
C: Groups
D: Threat Hunting",">> CORRECT: D | Threat Hunting

Threat Hunting ist der passende Security+-Begriff für diese Beschreibung: Threat Hunting is the process of searching for vulnerabilities before an attacker can find them. Die anderen Optionen sind echte verwandte Begriffe, treffen diese Beschreibung aber nicht.

 

 Merkhilfe: Threat Hunting = aktiv nach Bedrohungen suchen. Nicht warten bis Alarm kommt — selbst proaktiv suchen.","Incident Response Security Monitoring","","","","","0","0","1353","1","2500","0","0","1777740526670"
"1729614808452","zd+3~n][DS_2","sy0-701-objective-4-8","4.8 Incident Response","M4-042: Which term is the process of collecting data about a security event during and especially after?
A: Legal Hold
B: Threat Hunting
C: Guardrail
D: Digital Forensics",">> CORRECT: D | Digital Forensics

Digital Forensics ist der passende Security+-Begriff für diese Beschreibung: Digital Forensics is the process of collecting data about a security event during and especially after. Die anderen Optionen sind echte verwandte Begriffe, treffen diese Beschreibung aber nicht.

 

 Merkhilfe: Forensics = Spurensicherung. Beweise sichern, Chain of Custody wahren, Daten analysieren.","Incident Response","","","","","0","0","1354","1","2500","0","0","1777740526670"
"1729614972339","vzVVB[pSBK_1","sy0-701-objective-4-8","4.8 Incident Response","M4-041: Which term is a type of Data Acquisition Request where a legal entity uses a document to describe the type and quantity of data that needs to be stored?
A: Threat Hunting
B: Digital Forensics
C: Compensating Control
D: Legal Hold",">> CORRECT: D | Legal Hold

Legal Hold ist der passende Security+-Begriff für diese Beschreibung: A Legal Hold is a type of Data Acquisition Request where a legal entity uses a document to describe the type and quantity of data that needs to be stored. Die anderen Optionen sind echte verwandte Begriffe, treffen diese Beschreibung aber nicht.

 

 Merkhilfe: Legal Hold = rechtliche Aufbewahrungspflicht. Gerichtsdokument → bestimmte Daten nicht löschen.","Incident Response","","","","","0","0","1356","1","2500","0","0","1777740526670"
"1729622224382","xqGf(8+p4z_1","sy0-701-objective-5-1","5.1 Security Governance","M5-002: Which term describes this concept: Specialized personnel who know exactly how to handle security incidents?
A: Software Development Life Cycle
B: Incident Response Roles
C: Standard
D: Sarbanes-Oxley Act",">> CORRECT: B | Incident Response Roles

Incident Response Roles ist der passende Security+-Begriff für diese Beschreibung: Specialized personnel who know exactly how to handle security incidents have what are called Incident Response Roles. Die anderen Optionen sind echte verwandte Begriffe, treffen diese Beschreibung aber nicht.

 

 Merkhilfe: IR-Rollen = klare Zuständigkeiten. Incident Commander, Analyst, Forensiker = vordefinierte Rollen.","Security Governance","","","","","0","0","1383","1","2500","0","0","1777740526670"
"1729622405616","J($YD`9bi}_2","sy0-701-objective-5-1","5.1 Security Governance","M5-001: Which term is a set of processes associated with creating software, designed to move from the idea phase to an end product?
A: Software Development Life Cycle
B: Incident Response Roles
C: Standard
D: Sarbanes-Oxley Act",">> CORRECT: A | Software Development Life Cycle

Software Development Life Cycle ist der passende Security+-Begriff für diese Beschreibung: The Software Development Life Cycle is a set of processes associated with creating software, designed to move from the idea phase to an end product. Die anderen Optionen sind echte verwandte Begriffe, treffen diese Beschreibung aber nicht.

 

 Merkhilfe: SDLC = Software-Lebenszyklus. Plan → Design → Implement → Test → Deploy → Maintain → Retire.","Security Governance","","","","","0","0","1388","1","2500","0","0","1777740526670"
"1729699356554","J=Gr2+[z>V_2","sy0-701-objective-5-1","5.1 Security Governance","M5-003: Which term is a way to communicate the formal process for handling a particular situation?
A: Sarbanes-Oxley Act
B: Incident Response Roles
C: Standard
D: Software Development Life Cycle",">> CORRECT: C | Standard

Standard ist der passende Security+-Begriff für diese Beschreibung: A Standard is a way to communicate the formal process for handling a particular situation. Die anderen Optionen sind echte verwandte Begriffe, treffen diese Beschreibung aber nicht.

 

 Merkhilfe: Standard = Norm. Wie etwas gemacht werden soll (z.B. NIST, ISO). Verbindlicher als eine Policy.","Security Governance","","","","","0","0","1393","1","2500","0","0","1777740526670"
"1729701252008","B`ciqvvm{{_2","sy0-701-objective-5-4","5.4 Security Compliance","M5-004: Which term is officially known as the Public Company Accounting Reform and Investor Protection Act of 2002?
A: Incident Response Roles
B: Standard
C: Sarbanes-Oxley Act
D: Software Development Life Cycle",">> CORRECT: C | Sarbanes-Oxley Act

Sarbanes-Oxley Act ist der passende Security+-Begriff für diese Beschreibung: The Sarbanes-Oxley Act is officially known as the Public Company Accounting Reform and Investor Protection Act of 2002. Die anderen Optionen sind echte verwandte Begriffe, treffen diese Beschreibung aber nicht.

 

 Merkhilfe: SOX = Sarbanes-Oxley. Nach Enron/WorldCom Skandal: Finanzberichte börsennotierter Unternehmen schützen.","Security Compliance","","","","","0","0","1406","1","2500","0","0","1777740526670"
"1729705368991","RfFZ<fyNnq_1","sy0-701-objective-5-2","5.2 Risk Management","M5-005: Which term is the process of identifying risks and addressing them before they become a problem?
A: Risk Probability
B: Risk Management
C: Accepting Risk
D: Single-Loss Expectancy",">> CORRECT: B | Risk Management

Risk Management ist der passende Security+-Begriff für diese Beschreibung: Risk Management is the process of identifying risks and addressing them before they become a problem. Die anderen Optionen sind echte verwandte Begriffe, treffen diese Beschreibung aber nicht.

 

 Merkhilfe: Risk Management = Risiken identifizieren + behandeln. Identify → Assess → Treat → Monitor.","Risk Management","","","","","0","0","1416","1","2500","0","0","1777740526670"
"1729706570753","w4>$C5,gpG_2","sy0-701-objective-5-2","5.2 Risk Management","M5-009: Which term is the monetary loss associated with a single occurrence of a risk?
A: Risk Probability
B: Avoiding Risk
C: Single-Loss Expectancy
D: Risk Management",">> CORRECT: C | Single-Loss Expectancy

Single-Loss Expectancy ist der passende Security+-Begriff für diese Beschreibung: Single-Loss Expectancy is the monetary loss associated with a single occurrence of a risk. Die anderen Optionen sind echte verwandte Begriffe, treffen diese Beschreibung aber nicht.

 

 Merkhilfe: SLE = einmaliger Verlust. Asset Value × Exposure Factor = SLE. Bsp: 100k × 0,5 = 50k SLE.","Risk Management","","","","","0","0","1428","1","2500","0","0","1777740526670"
"1729706672664","c09!7{zkn+_2","sy0-701-objective-5-2","5.2 Risk Management","M5-007: Which term is calculated by multiplying the Annualized Rate of Occurrence by the Single-Loss Expectancy?
A: Recovery Point Objective
B: Mean Time Between Failures
C: Annualized Loss Expectancy
D: Single-Loss Expectancy",">> CORRECT: C | Annualized Loss Expectancy

Annualized Loss Expectancy ist der passende Security+-Begriff für diese Beschreibung: Annualized Loss Expectancy is calculated by multiplying the Annualized Rate of Occurrence by the Single-Loss Expectancy. Die anderen Optionen sind echte verwandte Begriffe, treffen diese Beschreibung aber nicht.

 

 Merkhilfe: ALE = Jahresverlust. ALE = ARO × SLE. Wenn Risiko 2x/Jahr: ALE = 2 × SLE.","Risk Management Resilience and Recovery","","","","","0","0","1431","1","2500","0","0","1777740526670"
"1729706838699","xZR1!0>^a@_1","sy0-701-objective-5-2","5.2 Risk Management","M5-010: Which term is a quantitative number associated with a statistic or measurement of a specific risk?
A: Risk Probability
B: Accepting Risk
C: Risk Appetite Posture
D: Risk Appetite",">> CORRECT: A | Risk Probability

Risk Probability ist der passende Security+-Begriff für diese Beschreibung: Risk Probability is a quantitative number associated with a statistic or measurement of a specific risk. Die anderen Optionen sind echte verwandte Begriffe, treffen diese Beschreibung aber nicht.

 

 Merkhilfe: Probability = Wahrscheinlichkeit. Quantitative Zahl (0–100%) für die Wahrscheinlichkeit eines Risikos.","Risk Management","","","","","0","0","1433","1","2500","0","0","1777740526670"
"1729706866215","gunY2{pco]_1","sy0-701-objective-5-2","5.2 Risk Management","M5-008: Which term describes this concept: Risk that an organization is willing to take on without acting?
A: Recovery Point Objective
B: Risk Appetite
C: Risk Tolerance
D: Annualized Loss Expectancy",">> CORRECT: B | Risk Appetite

Risk Appetite ist der passende Security+-Begriff für diese Beschreibung: Risk that an organization is willing to take on without acting is referred to as Risk Appetite. Die anderen Optionen sind echte verwandte Begriffe, treffen diese Beschreibung aber nicht.

 

 Merkhilfe: Risk Appetite = Risikobereitschaft. Wie viel Risiko ist OK ohne zu handeln? Bewusste Entscheidung.","Risk Management Resilience and Recovery","","","","","0","0","1434","1","2500","0","0","1777740526670"
"1729706988234","yE<ZHkp*KN_2","sy0-701-objective-5-2","5.2 Risk Management","M5-012: Which term is typically a larger variance than Risk Appetite?
A: Single-Loss Expectancy
B: Avoiding Risk
C: Risk Tolerance
D: Risk Probability",">> CORRECT: C | Risk Tolerance

Risk Tolerance ist der passende Security+-Begriff für diese Beschreibung: Risk Tolerance is typically a larger variance than Risk Appetite. Die anderen Optionen sind echte verwandte Begriffe, treffen diese Beschreibung aber nicht.

 

 Merkhilfe: Tolerance = Toleranz. Risk Tolerance > Risk Appetite. Pufferzone über der normalen Bereitschaft.","Risk Management","","","","","0","0","1436","1","2500","0","0","1777740526670"
"1729707107108","E*5g!rcYJ5_1","sy0-701-objective-5-2","5.2 Risk Management","M5-006: Which term best matches this Security+ statement: Each line in a Risk Register is called a Risk Indicator, which details the particular risk?
A: Risk Indicator
B: Accepting Risk
C: Recovery Point Objective
D: Risk Appetite",">> CORRECT: A | Risk Indicator

Risk Indicator ist der passende Security+-Begriff für diese Beschreibung: Each line in a Risk Register is called a Risk Indicator, which details the particular risk. Die anderen Optionen sind echte verwandte Begriffe, treffen diese Beschreibung aber nicht.

 

 Merkhilfe: Risk Register = Liste aller Risiken. Jede Zeile = ein Risk Indicator mit Details zum Risiko.","Risk Management Resilience and Recovery","","","","","0","0","1438","1","2500","0","0","1777740526670"
"1729707523667","xn/MaEmZ>9_2","sy0-701-objective-5-2","5.2 Risk Management","M5-011: Which term is a Qualitative description for readiness to take on a risk?
A: Annualized Loss Expectancy
B: Risk Appetite Posture
C: Risk Appetite
D: Avoiding Risk",">> CORRECT: B | Risk Appetite Posture

Risk Appetite Posture ist der passende Security+-Begriff für diese Beschreibung: A Risk Appetite Posture is a Qualitative description for readiness to take on a risk. Die anderen Optionen sind echte verwandte Begriffe, treffen diese Beschreibung aber nicht.

 

 Merkhilfe: Posture = Haltung. Expansive (aggressiv) vs. Conservative (vorsichtig) = qualitative Beschreibung.","Risk Management","","","","","0","0","1443","1","2500","0","0","1777740526670"
"1729708046154","py-nC[9{_b_2","sy0-701-objective-5-2","5.2 Risk Management","M5-013: Which term means taking the risk on?
A: Annualized Loss Expectancy
B: Accepting Risk
C: Risk Tolerance
D: Risk Appetite Posture",">> CORRECT: B | Accepting Risk

Accepting Risk ist der passende Security+-Begriff für diese Beschreibung: Accepting Risk means taking the risk on. Die anderen Optionen sind echte verwandte Begriffe, treffen diese Beschreibung aber nicht.

 

 Merkhilfe: Accept = akzeptieren. Risiko bewusst eingehen weil Kosten des Schutzes > potenzieller Schaden.","Risk Management","","","","","0","0","1445","1","2500","0","0","1777740526670"
"1729708108607","x!`j2]U6?~_2","sy0-701-objective-5-2","5.2 Risk Management","M5-014: Which term means to not take the risk on at all?
A: Avoiding Risk
B: Annualized Loss Expectancy
C: Risk Probability
D: Mean Time Between Failures",">> CORRECT: A | Avoiding Risk

Avoiding Risk ist der passende Security+-Begriff für diese Beschreibung: Avoiding Risk means to not take the risk on at all. Die anderen Optionen sind echte verwandte Begriffe, treffen diese Beschreibung aber nicht.

 

 Merkhilfe: Avoid = vermeiden. Risiko vollständig umgehen. Keine Nutzung = kein Risiko. Oft nicht praktikabel.","Risk Management","","","","","0","0","1447","1","2500","0","0","1777740526670"
"1729708541619","czwIjEL6pQ_2","sy0-701-objective-5-2","5.2 Risk Management","M5-015: Which term is the point that defines what ""operational"" means during recovery?
A: Risk Appetite
B: Single-Loss Expectancy
C: Mean Time Between Failures
D: Recovery Point Objective",">> CORRECT: D | Recovery Point Objective

Recovery Point Objective ist der passende Security+-Begriff für diese Beschreibung: The Recovery Point Objective is the point that defines what ""operational"" means during recovery. Die anderen Optionen sind echte verwandte Begriffe, treffen diese Beschreibung aber nicht.

 

 Merkhilfe: RPO = wie alt dürfen Daten bei Recovery sein? RPO=4h → max. 4h alte Daten akzeptabel.","Risk Management","","","","","0","0","1455","1","2500","0","0","1777740526670"
"1729708787931","dfMI.k?XSd_2","sy0-701-objective-5-2","5.2 Risk Management","M5-016: Which term is the estimated time that the system will run before there is an outage?
A: Annualized Loss Expectancy
B: Risk Indicator
C: Risk Probability
D: Mean Time Between Failures",">> CORRECT: D | Mean Time Between Failures

Mean Time Between Failures ist der passende Security+-Begriff für diese Beschreibung: Mean Time Between Failures is the estimated time that the system will run before there is an outage. Die anderen Optionen sind echte verwandte Begriffe, treffen diese Beschreibung aber nicht.

 

 Merkhilfe: MTBF = durchschnittliche Zeit zwischen Ausfällen. MTBF hoch = zuverlässiges System.","Risk Management","","","","","0","0","1461","1","2500","0","0","1777740526670"
"1729709419932","GRN_!+N4A+_2","sy0-701-objective-5-3","5.3 Third-party Risk","M5-017: Which term describes the process of investigating and getting more information about a company before deciding to do business with them?
A: Master Service Agreement
B: Single-Loss Expectancy
C: Due Diligence
D: Blue Team",">> CORRECT: C | Due Diligence

Due Diligence ist der passende Security+-Begriff für diese Beschreibung: Due Diligence describes the process of investigating and getting more information about a company before deciding to do business with them. Die anderen Optionen sind echte verwandte Begriffe, treffen diese Beschreibung aber nicht.

 

 Merkhilfe: Due Diligence = Sorgfaltspflicht. Vor Partnerschaft: Sicherheitspraktiken des Partners gründlich prüfen.","Third-Party Risk","","","","","0","0","1471","1","2500","0","0","1777740526670"
"1729710310793","O2Yv_m6Bum_3","sy0-701-objective-5-3","5.3 Third-party Risk","M5-018: Which term is a legal contract that sets the terms between both organizations, including a framework that can be used for additional work that might occur in the future?
A: Due Diligence
B: Risk Appetite Posture
C: Red Team
D: Master Service Agreement",">> CORRECT: D | Master Service Agreement

Master Service Agreement ist der passende Security+-Begriff für diese Beschreibung: A Master Service Agreement is a legal contract that sets the terms between both organizations, including a framework that can be used for additional work that might occur in the future. Die anderen Optionen sind echte verwandte Begriffe, treffen diese Beschreibung aber nicht.

 

 Merkhilfe: MSA = Rahmenvertrag. Legt Grundbedingungen fest, weitere SOWs können darauf aufgebaut werden.","Third-Party Risk","","","","","0","0","1482","1","2500","0","0","1777740526670"
"1729783659515","HE%7BT9`K=_2","sy0-701-objective-5-4","5.4 Security Compliance","M5-019: Which term means meeting the requirements of one or more standards?
A: Data Subject
B: Data Inventory
C: Central Compliance Officer
D: Compliance",">> CORRECT: D | Compliance

Compliance ist der passende Security+-Begriff für diese Beschreibung: Compliance means meeting the requirements of one or more standards. Die anderen Optionen sind echte verwandte Begriffe, treffen diese Beschreibung aber nicht.

 

 Merkhilfe: Compliance = Einhaltung. Regelkonform sein. Nicht-Compliance = Strafen, Bußgelder, Reputationsverlust.","Security Compliance","","","","","0","0","1490","1","2500","0","0","1777740526670"
"1729783723324","OD((Ya3fuU_1","sy0-701-objective-5-4","5.4 Security Compliance","M5-020: Which description matches the CCO?
A: Data Inventory
B: Central Compliance Officer
C: Data Subject
D: Compliance",">> CORRECT: B | Central Compliance Officer

Central Compliance Officer ist der passende Security+-Begriff für diese Beschreibung: The CCO is the Central Compliance Officer. Die anderen Optionen sind echte verwandte Begriffe, treffen diese Beschreibung aber nicht.

 

 Merkhilfe: CCO = Chef der Compliance. Verantwortlich dass das Unternehmen alle regulatorischen Anforderungen erfüllt.","Security Compliance","","","","","0","0","1492","1","2500","0","0","1777740526670"
"1729783769844","xa=Yz^0$;(_2","sy0-701-objective-5-4","5.4 Security Compliance","M5-021: Which term is responsible for making sure that the entire organization is complying with any applicable requirements, as well as informing others of the compliance status?
A: Data Subject
B: Compliance
C: Central Compliance Officer
D: Data Inventory",">> CORRECT: C | Central Compliance Officer

Central Compliance Officer ist der passende Security+-Begriff für diese Beschreibung: The Central Compliance Officer is responsible for making sure that the entire organization is complying with any applicable requirements, as well as informing others of the compliance status. Die anderen Optionen sind echte verwandte Begriffe, treffen diese Beschreibung aber nicht.

 

 Merkhilfe: CCO stellt Compliance sicher und berichtet dem Board. Bindeglied zwischen IT-Sicherheit und Regulatoren.","Security Compliance","","","","","0","0","1493","1","2500","0","0","1777740526670"
"1729784557847","HZ+C.Rk-SI_2","sy0-701-objective-5-4","5.4 Security Compliance","M5-022: Which term is defined by the GDPR as information relating to an identified or identifiable natural person?
A: Central Compliance Officer
B: Data Subject
C: Compliance
D: Data Inventory",">> CORRECT: B | Data Subject

Data Subject ist der passende Security+-Begriff für diese Beschreibung: A Data Subject is defined by the GDPR as information relating to an identified or identifiable natural person. Die anderen Optionen sind echte verwandte Begriffe, treffen diese Beschreibung aber nicht.

 

 Merkhilfe: Data Subject = betroffene Person (DSGVO). Wer identifizierbar ist, hat Rechte: Auskunft, Löschung, Korrektur.","Security Compliance","","","","","0","0","1499","1","2500","0","0","1777740526670"
"1729784627980","KE/UqB<vmA_2","sy0-701-objective-5-4","5.4 Security Compliance","M5-023: Which term is a listing of all of the data that this company collects and stores?
A: Data Subject
B: Central Compliance Officer
C: Data Inventory
D: Compliance",">> CORRECT: C | Data Inventory

Data Inventory ist der passende Security+-Begriff für diese Beschreibung: The Data Inventory is a listing of all of the data that this company collects and stores. Die anderen Optionen sind echte verwandte Begriffe, treffen diese Beschreibung aber nicht.

 

 Merkhilfe: Data Inventory = Datenkatalog. Was speichern wir? Wo? Wer hat Zugriff? Pflicht bei der DSGVO.","Security Compliance","","","","","0","0","1500","1","2500","0","0","1777740526670"
"1729785415964","hL0qk^tBGD_2","sy0-701-objective-5-5","5.5 Audits and Assessments","M5-025: Which term is an opinion of truth that is associated with the results of an audit?
A: Active Reconnaissance
B: Attestation
C: Audit Committee
D: Red Team",">> CORRECT: B | Attestation

Attestation ist der passende Security+-Begriff für diese Beschreibung: Attestation is an opinion of truth that is associated with the results of an audit. Die anderen Optionen sind echte verwandte Begriffe, treffen diese Beschreibung aber nicht.

 

 Merkhilfe: Attestation = Bestätigung. Prüfer bestätigt: 'Das Ergebnis ist wahr und korrekt.' Offizielles Statement.","Audits and Assessments","","","","","0","0","1503","1","2500","0","0","1777740526670"
"1729785486403","bsQ]Hl-[*v_1","sy0-701-objective-5-5","5.5 Audits and Assessments","M5-024: Which term is a group that is responsible for all of the risk management associated with an organization, as well as starting and stopping any internal audits.?
A: Blue Team
B: Partially Known Environment
C: Red Team
D: Audit Committee",">> CORRECT: D | Audit Committee

Audit Committee ist der passende Security+-Begriff für diese Beschreibung: An Audit Committee is a group that is responsible for all of the risk management associated with an organization, as well as starting and stopping any internal audits.. Die anderen Optionen sind echte verwandte Begriffe, treffen diese Beschreibung aber nicht.

 

 Merkhilfe: Audit Committee = Prüfungsausschuss. Interne Kontrollinstanz im Board. Startet/stoppt Audits.","Audits and Assessments","","","","","0","0","1505","1","2500","0","0","1777740526670"
"1729785782984","HRXN)Si:wW_1","sy0-701-objective-5-5","5.5 Audits and Assessments","M5-028: Which term are the actors in a penetration test which are trying to breach the defenses?
A: Active Reconnaissance
B: Attestation
C: Red Team
D: Blue Team",">> CORRECT: C | Red Team

Red Team ist der passende Security+-Begriff für diese Beschreibung: The Red Team are the actors in a penetration test which are trying to breach the defenses. Die anderen Optionen sind echte verwandte Begriffe, treffen diese Beschreibung aber nicht.

 

 Merkhilfe: Red Team = Angreifer. Simuliert echte Angriffe um Lücken zu finden. Rot = Angreifer-Farbe.","Audits and Assessments","","","","","0","0","1509","1","2500","0","0","1777740526670"
"1729785809766","c_g=YuTYO&_1","sy0-701-objective-5-5","5.5 Audits and Assessments","M5-030: Which term are the actors in a penetration test which are trying to defend against attack?
A: Attestation
B: Active Reconnaissance
C: Known Environment
D: Blue Team",">> CORRECT: D | Blue Team

Blue Team ist der passende Security+-Begriff für diese Beschreibung: The Blue Team are the actors in a penetration test which are trying to defend against attack. Die anderen Optionen sind echte verwandte Begriffe, treffen diese Beschreibung aber nicht.

 

 Merkhilfe: Blue Team = Verteidiger. Erkennt und verhindert Angriffe. Blau = Verteidigungs-Farbe.","Audits and Assessments","","","","","0","0","1510","1","2500","0","0","1777740526670"
"1729785886535","LtNM^w4EV|_2","sy0-701-objective-5-5","5.5 Audits and Assessments","M5-029: Which term is the full details of all the systems which are part of a Penetration Test?
A: Attestation
B: Blue Team
C: Anomalous Behavior
D: Known Environment",">> CORRECT: D | Known Environment

Known Environment ist der passende Security+-Begriff für diese Beschreibung: A Known Environment is the full details of all the systems which are part of a Penetration Test. Die anderen Optionen sind echte verwandte Begriffe, treffen diese Beschreibung aber nicht.

 

 Merkhilfe: Known Environment = White Box. Tester hat alle Details. Full Knowledge Penetration Test.","Audits and Assessments","","","","","0","0","1512","1","2500","0","0","1777740526670"
"1729785920415","B[qP>qpipT_1","sy0-701-objective-5-5","5.5 Audits and Assessments","M5-026: Which term is when a penetration tester is only given some of the information about the systems involved with the test?
A: Passive Reconnaissance
B: Anomalous Behavior
C: Blue Team
D: Partially Known Environment",">> CORRECT: D | Partially Known Environment

Partially Known Environment ist der passende Security+-Begriff für diese Beschreibung: Partially Known Environment is when a penetration tester is only given some of the information about the systems involved with the test. Die anderen Optionen sind echte verwandte Begriffe, treffen diese Beschreibung aber nicht.

 

 Merkhilfe: Partially Known = Gray Box. Tester bekommt teilweise Info. Realistischer als White Box Test.","Audits and Assessments Security Monitoring","","","","","0","0","1513","1","2500","0","0","1777740526670"
"1729786008395","tcmBhjQ1:%_2","sy0-701-objective-5-5","5.5 Audits and Assessments","M5-031: Which term refers to gathering information from sources not directly connected to the target network?
A: Audit Committee
B: Partially Known Environment
C: Passive Reconnaissance
D: Attestation",">> CORRECT: C | Passive Reconnaissance

Passive Reconnaissance ist der passende Security+-Begriff für diese Beschreibung: Passive Reconnaissance refers to gathering information from sources not directly connected to the target network. Die anderen Optionen sind echte verwandte Begriffe, treffen diese Beschreibung aber nicht.

 

 Merkhilfe: Passiv = kein Kontakt mit Ziel. OSINT, LinkedIn, Google. Keine Spuren hinterlassen.","Audits and Assessments","","","","","0","0","1515","1","2500","0","0","1777740526670"
"1729786075246","Dj{_S93<qT_2","sy0-701-objective-5-5","5.5 Audits and Assessments","M5-027: Which term is when an attacker goes into the network to gain information, risking exposure?
A: Active Reconnaissance
B: Attestation
C: Passive Reconnaissance
D: Partially Known Environment",">> CORRECT: A | Active Reconnaissance

Active Reconnaissance ist der passende Security+-Begriff für diese Beschreibung: Active Reconnaissance is when an attacker goes into the network to gain information, risking exposure. Die anderen Optionen sind echte verwandte Begriffe, treffen diese Beschreibung aber nicht.

 

 Merkhilfe: Aktiv = Kontakt mit Ziel. Port-Scan, Ping. Hinterlässt Spuren → Risiko der Entdeckung.","Audits and Assessments","","","","","0","0","1516","1","2500","0","0","1777740526670"
"1729786475642","x.Ud4L6z%d_2","sy0-701-objective-5-6","5.6 Security Awareness","M5-032: Which term is behavior that is out of the norm for a particular user, device, system, etc?
A: Passive Reconnaissance
B: Red Team
C: Anomalous Behavior
D: Attestation",">> CORRECT: C | Anomalous Behavior

Anomalous Behavior ist der passende Security+-Begriff für diese Beschreibung: Anomalous Behavior is behavior that is out of the norm for a particular user, device, system, etc. Die anderen Optionen sind echte verwandte Begriffe, treffen diese Beschreibung aber nicht.

 

 Merkhilfe: Anomalie = Ausreißer. Abweichung vom normalen Muster = Hinweis auf Kompromittierung oder Insider-Threat.","Security Awareness Security Monitoring","","","","","0","0","1519","1","2500","0","0","1777740526670"
"1729786793022","wg41l[elx>_2","sy0-701-objective-5-6","5.6 Security Awareness","M5-033: Which term is responsible for creating and presenting IT security materials?
A: Known Environment
B: Security Awareness Team
C: Risk Tolerance
D: Sarbanes-Oxley Act",">> CORRECT: B | Security Awareness Team

Security Awareness Team ist der passende Security+-Begriff für diese Beschreibung: The Security Awareness Team is responsible for creating and presenting IT security materials. Die anderen Optionen sind echte verwandte Begriffe, treffen diese Beschreibung aber nicht.

 

 Merkhilfe: Security Awareness = Schulungs-Team. Erstellt Phishing-Simulationen, Trainings, Awareness-Kampagnen.","Security Awareness Risk Management","","","","","0","0","1526","1","2500","0","0","1777740526670"
"1772576356263","d-!dz_P(@.","1773008953575","01_General_Security_Concepts","64: Valerie's organization has deployed a zero-trust solution, and Valerie receives an authentication prompt when she is attempting to access a file server. What component of the zero-trust architecture is she interacting with?
A: A policy enforcement point
B: A policy administrator
C: The policy engine
D: The trust manager",">> CORRECT: A | Valerie interagiert mit einem PEP (Policy Enforcement Point). Der PEP ist die Komponente, die den Zugang zu Ressourcen kontrolliert und Anfragen an die Policy Engine weiterleitet.

 

 Merkhilfe: PEP = ""Türsteher"" der Zero-Trust-Architektur. Er lässt niemanden durch, ohne vorher die Policy Engine zu fragen. Policy Administrator konfiguriert, Policy Engine entscheidet, PEP setzt durch. Trust Manager ist kein typisches ZT-Konzept.","Identity and Access Management","","","","","2","2","20603","3","4831","17","11","1775943217105"
"1772576382622","x0Nt]B:X_/","1773008953575","01_General_Security_Concepts","66: Quentin wants to deploy a single sign-on system to allow his users to log in to cloud services. Which of the following technologies is he most likely to deploy?
A: OpenID
B: Kerberos
C: LDAP
D: TACACS+",">> CORRECT: A | OpenID ist ein offener Standard für dezentrale Authentifizierung, der von vielen Cloud-Anbietern genutzt wird.

 

 Merkhilfe: OpenID = ""Open"" → Cloud/Internet. Kerberos = On-Premises (Windows AD). LDAP (Lightweight Directory Access Protocol) = Verzeichnisdienst (On-Prem). TACACS+ (Terminal Access Controller Access-Control System Plus) = Netzwerkgeräte-Authentifizierung (On-Prem).","Identity and Access Management Architecture Models","","","","","2","2","20609","27","533","2","0","1775943217105"
"1772576410584","haQG~tqao>","1773008953575","01_General_Security_Concepts","68: What important encryption feature is not supported by symmetric encryption?
A: Confidentiality
B: Integrity
C: Nonrepudiation
D: Authentication",">> CORRECT: C | Symmetrische Verschlüsselung unterstützt keine Nichtabstreitbarkeit (Nonrepudiation), da beide Parteien denselben Schlüssel besitzen.

 

 Merkhilfe: Nonrepudiation = ""Ich kann nicht leugnen, dass ICH das war."" Bei symmetrischer Verschlüsselung teilen sich beide den gleichen Schlüssel → keiner kann beweisen, WER von beiden die Nachricht geschickt hat. Nur asymmetrische Verschlüsselung (mit privatem Schlüssel) ermöglicht das.","Cryptographic Solutions Identity and Access Management","","","","","2","2","20609","27","533","2","0","1775943217105"
"1772576473178","J|xas~+`Bi","1773008953575","01_General_Security_Concepts","71: Amanda's organization wants to use a decentralized blockchain to store data. Which of the following is true about a decentralized blockchain?
A: No individual or group controls the blockchain.
B: Only cryptocurrency-related data can be stored in a blockchain.
C: Blockchain data can be changed after being stored by the original submitter.
D: Blockchain ledgers are stored on central servers chosen by regular elections among blockchain participants.",">> CORRECT: A | In einer dezentralisierten Blockchain kontrolliert keine einzelne Person oder Gruppe die Blockchain.

 

 Merkhilfe: Dezentral = niemand hat die Kontrolle. Blockchains können viele Datentypen speichern (nicht nur Kryptowährungen). Daten sind unveränderlich (immutable) nach dem Speichern. Ledger werden auf allen Teilnehmer-Nodes gespeichert, nicht auf zentralen Servern.","Cryptographic Solutions","","","","","2","2","20678","71","500","3","0","1775943217105"
"1772576852434","d?AJ#00NIk","1773008953575","01_General_Security_Concepts","72: What role does a subordinate CA have in a CA hierarchy?
A: Subordinate CAs issue certificates based on subdomains.
B: Subordinate CAs provide control over certificate issuance while avoiding the cost of being a root CA.
C: Subordinate CAs validate root CA activities to ensure auditability.
D: Subordinate CAs review certificate signing requests before forwarding them to the root CA.",">> CORRECT: B | Subordinate CAs (Certificate Authorities) vermeiden die Kosten einer Root CA (Certificate Authority) und ermöglichen gleichzeitig Kontrolle über die Zertifikatsausstellung.

 

 Merkhilfe: Root CA = Tresor im Bunker (offline, teuer). Subordinate CA = Filialen, die im Auftrag der Zentrale Zertifikate ausstellen. Sie unterstützen verschiedene Zertifikatstypen wie SSL (Secure Sockets Layer) und S/MIME (Secure/Multipurpose Internet Mail Extensions).","Cryptographic Solutions","","","","","2","2","20612","11","500","6","2","1775943217105"
"1772576869480","M~hA5Wo[/+","1773008953575","01_General_Security_Concepts","78: Skip wants to implement a deterrent (Abschreckend) control to prevent physical security issues for his organization. Which of the following controls should he select?
A: A fence
B: A generator
C: Access badges
D: A camera system",">> CORRECT: A | Ein Zaun (Fence) ist eine abschreckende (deterrent) Kontrollmaßnahme, die potenzielle Eindringlinge entmutigt.

 

 Merkhilfe: Deterrent = Abschreckung. Ein Zaun sagt: ""Hier kommt man nicht einfach rein."" Generator = Verfügbarkeitskontrolle. Access Badges = präventive Kontrolle. Kamera = detektive Kontrolle (erkennt, schreckt aber auch ab – primär jedoch detektiv).","Security Controls","","","","","2","2","20608","7","1600","6","4","1775943217105"
"1772576883873","o7Xr;[y8Qe","1773008953575","01_General_Security_Concepts","79: What holds the position of the root of trust in a certificate chain?
A: A hardened hardware device
B: A TPM
C: A root certificate
D: A wildcard certificate",">> CORRECT: C | Das Root-Zertifikat ist die Vertrauensgrundlage (Root of Trust) in einer Zertifikatskette.

 

 Merkhilfe: Zertifikatskette: Root CA (Certificate Authority) → Subordinate CA → Server-/Clientzertifikate. Das Root-Zertifikat steht an der Spitze. TPM (Trusted Platform Module) = Hardware-Chip. HSM (Hardware Security Module) = kryptografisches Hardwaremodul. Wildcard-Zertifikat = *.domain.com.","Cryptographic Solutions","","","","","2","2","20608","5","1067","4","2","1775943217105"
"1772576902230","i`K&?zI<m|","1773008953575","01_General_Security_Concepts","80: Jill needs to explain the concept of open public ledgers to her organization as management wants to adopt a blockchain-based system. What should she tell them about access to the ledger (Transaktionsregister)?
A: Members must be added by a vote of all current members.
B: Anyone can join at any time.
C: Members must be added by a vote of more than 51 percent of current members.
D: Ledgers are public but membership is private and controlled by the creator of the ledger.",">> CORRECT: B | Per Definition sind offene öffentliche Ledger offen und öffentlich – jeder kann jederzeit beitreten.

 

 Merkhilfe: ""Open Public"" = offen + öffentlich = jeder kann beitreten. Kein Voting nötig, keine Mitgliedschaftskontrolle. Private/Permissioned Blockchains dagegen beschränken den Zugang.","Identity and Access Management Architecture Models","","","","","2","2","20607","41","533","2","0","1775943217105"
"1772576924487","Ib8H~$Ejy$","1773008953575","01_General_Security_Concepts","91: The web server that Angela's organization manages was recently compromised and the SSL certificate's private key was accessed by attackers. Angela's team has completed remediation and has created a new CSR including a new private key that they have secured. What type of control best describes the creation of a new key and certificate in this circumstance?
A: Corrective
B: Compensating
C: Deterrent
D: Detective",">> CORRECT: A | Das Erstellen eines neuen Schlüssels und Zertifikats nach einer Kompromittierung ist eine korrektive (corrective) Kontrollmaßnahme.

 

 Merkhilfe: Corrective = behebt ein Problem NACH dem Vorfall. Angelas Team reagiert auf die Kompromittierung, indem sie den Schaden reparieren. Preventive = vorher verhindern. Detective = erkennen. Compensating = alternative Kontrolle.","Cryptographic Solutions","","","","","2","2","20607","5","1067","4","2","1775943217105"
"1772576942307","d%>^/9,jm4","1773008953575","01_General_Security_Concepts","95: What operating system is commonly associated with secure enclaves?
A: Windows
B: iOS
C: Linux
D: Android",">> CORRECT: B | iOS ist am häufigsten mit Secure Enclaves assoziiert.

 

 Merkhilfe: Apple hat den SEP (Secure Enclave Processor) in iOS-Geräten eingeführt – für Touch ID, Face ID und Apple Pay. Die Secure Enclave ist ein hardware-isolierter Bereich im Prozessor, der kryptografische Schlüssel und biometrische Daten schützt, selbst wenn das OS (Operating System) kompromittiert wird.","Security Techniques","","","","","2","2","20604","39","533","2","0","1775943217105"
"1772576990007","K>WX3/P$nJ","1773008953575","01_General_Security_Concepts","97: Christina wants to implement access badges printed with picture IDs for her organization but she wants to use a wireless reader. What access badge technology is commonly implemented in scenarios like this?
A: Wi-Fi-enabled access badges
B: RFID access badges
C: Bluetooth-enabled access badges
D: NFC access badges",">> CORRECT: B | RFID (Radio-Frequency Identification) Badges sind die am häufigsten implementierte drahtlose Ausweistechnologie.

 

 Merkhilfe: RFID = Standard für kontaktlose Zugangsausweise in Unternehmen. NFC (Near Field Communication) ist eine Unterart von RFID mit kürzerer Reichweite, aber weniger verbreitet für Zugangskontrollen. Wi-Fi und Bluetooth werden typischerweise nicht für Zugangsbadges verwendet.","Security Controls Security Monitoring","","","","","2","2","20607","16","800","3","1","1775943217105"
"1772577707360","N0n1y:Q<=4","1773008953575","01_General_Security_Concepts","99: Which of the following is not a common factor in adaptive authentication for zero trust?
A: Where the user is logging in from
B: Whether the user has logged in recently from another device
C: What device the user is logging in from
D: If the device is configured correctly",">> CORRECT: B | ""Ob der Benutzer sich kürzlich von einem anderen Gerät eingeloggt hat"" ist KEIN typischer Faktor der adaptiven Authentifizierung.

 

 Merkhilfe: Adaptive Auth prüft: WO (Geolocation/IP (Internet Protocol)), WAS (bekanntes Gerät?), WANN (ungewöhnliche Uhrzeit?), WIE (Verhaltensmuster). ""Kürzlich von anderem Gerät eingeloggt"" ist kein Standard-Risikosignal in Zero-Trust-Umgebungen.","Architecture Models Identity and Access Management","","","","","2","2","20615","8","2901","4","1","1775943217105"
"1772577720165","B+m}&DYI`Q","1773008953575","01_General_Security_Concepts","103: Rachel wants to select an obfuscation method that will allow her customer service representatives to validate customer identities without providing full access to customer data. What should she select?
A: Tokenization
B: Data masking
C: Steganography
D: Hashing",">> CORRECT: B | Data Masking verbirgt Teile von Daten (z.B. **** 1234) und ermöglicht so Validierung ohne vollen Datenzugriff.

 

 Merkhilfe: Masking = ""Maske"" → Teile werden verdeckt, aber der Rest bleibt sichtbar. Tokenization ersetzt Daten komplett durch Token. Steganography versteckt Daten in anderen Daten. Hashing ist eine Einwegfunktion ohne Rückgewinnung.","Cryptographic Solutions","","","","","2","2","20610","5","4978","12","6","1775943217105"
"1772577736023","w#KBH:Oetk","1773008953575","01_General_Security_Concepts","106: How many keypairs are required for four individuals to communicate securely using asymmetric encryption?
A: 1
B: 4
C: 8
D: 12",">> CORRECT: B | 4 Schlüsselpaare sind erforderlich – bei asymmetrischer Verschlüsselung braucht jede Person genau ein Schlüsselpaar.

 

 Merkhilfe: Asymmetrisch: Jeder hat 1 Paar (Public + Private Key). 4 Personen = 4 Paare. Vergleich symmetrisch: n×(n-1)/2 = 4×3/2 = 6 Schlüssel nötig. Asymmetrisch skaliert besser!","Cryptographic Solutions","","","","","2","2","20607","3","1067","4","2","1775943217105"
"1772577751989","kkyk]yfn8]","1773008953575","01_General_Security_Concepts","107: Michelle wants to store secrets for her organization in a cloud service. She wants to ensure the greatest level of security and is willing to spend more money to provide that security. What solution should she look for?
A: A shared cloud TPM
B: A shared cloud HSM
C: A dedicated hardware cloud TPM
D: A dedicated hardware cloud HSM",">> CORRECT: D | Ein dediziertes Hardware Cloud HSM (Hardware Security Module) bietet die höchste Sicherheitsstufe für das Speichern von Secrets.

 

 Merkhilfe: Dediziert > Shared (keine Mitnutzer). HSM > TPM (Trusted Platform Module) (HSM = Enterprise-Tresor, TPM = Gerätechip). Shared = Multi-Tenant → geringere Sicherheit. TPM ist für einzelne Geräte, nicht für Cloud-Workloads.","Cryptographic Solutions","","","","","2","2","20602","3","1067","4","2","1775943217105"
"1772577765991","gk*t7{-Dh>","1773008953575","01_General_Security_Concepts","109: What information is necessary for a certificate to be identified properly in an OCSP request?
A: The domain name
B: The original requestor's name
C: The certificate's serial number
D: The identifier for the open public ledger entry",">> CORRECT: C | Die Seriennummer des Zertifikats wird für OCSP (Online Certificate Status Protocol)-Anfragen benötigt.

 

 Merkhilfe: OCSP prüft: ""Ist dieses Zertifikat widerrufen?"" → braucht die eindeutige Seriennummer der CA (Certificate Authority). Domainname ist nicht eindeutig (mehrere Zertifikate möglich). Antragstellername ist irrelevant. Public Ledger = Blockchain-Konzept.","Cryptographic Solutions","","","","","2","2","20625","19","2027","3","0","1775943217105"
"1772577788201","-{XVv=Brs","1773008953575","01_General_Security_Concepts","114: Gary is preparing change management documentation for an application restart after patching. What step should immediately follow the application restart?
A: Validation testing
B: Documenting the change occurred
C: Updating version control
D: Vulnerability scanning",">> CORRECT: A | Validierungstests sollten unmittelbar nach dem Neustart der Anwendung durchgeführt werden.

 

 Merkhilfe: Reihenfolge: Planen → Patch installieren → Neustart → Validieren → Dokumentieren → Ticket schließen. Erst prüfen, ob alles funktioniert, dann dokumentieren.","Change Management","","","","","2","2","20608","1","5000","15","10","1775943217105"
"1772577810390","E:ZA`hdI}F","1773008953575","01_General_Security_Concepts","116: When is data on a drive that uses full-disk encryption at the greatest risk?
A: During the system boot process
B: When the system is off
C: When the system is logged in and in use
D: When the system is being shut down",">> CORRECT: C | Daten sind am meisten gefährdet, wenn das System eingeloggt und in Benutzung ist.

 

 Merkhilfe: FDE (Full Disk Encryption) schützt Daten im Ruhezustand (at rest). Nach dem Login werden Schlüssel im RAM (Random Access Memory) geladen → Daten sind effektiv entschlüsselt. System aus = sicherster Zustand. Boot = Schlüssel noch nicht geladen. Herunterfahren = Schlüssel werden gelöscht.","Cryptographic Solutions","","","","","2","2","20602","3","1067","4","2","1775943217105"
"1772577825530","J@7Wq~?%fV","1773008953575","01_General_Security_Concepts","119: Frank configures an access control list to ensure that only specific IP addresses are able to connect to a service. What type of control has he deployed?
A: Managerial
B: Physical
C: Technical
D: Operational",">> CORRECT: C | Eine ACL (Access Control List) ist eine technische (Technical) Kontrollmaßnahme.

 

 Merkhilfe: ACL = Software/Firmware → Technical Control. Technical = Technologie (Firewalls, ACLs, Verschlüsselung, MFA (Multi-Factor Authentication)). Managerial = Richtlinien/Oversight. Operational = tägliche Prozeduren. Physical = Schlösser/Zäune.","Identity and Access Management","","","","","2","2","20627","20","2027","3","0","1775943217105"
"1772577838735","kD2MD_-2Fd","1773008953575","01_General_Security_Concepts","120: Annie has recently implemented a video surveillance system for her organization. What is the largest driver for new ongoing costs for an unmonitored video surveillance system?
A: Camera maintenance
B: The ongoing cost of storage
C: Security guards
D: Licensing",">> CORRECT: B | Die laufenden Speicherkosten sind der größte Kostentreiber bei unbewachten Videoüberwachungssystemen.

 

 Merkhilfe: Video = 24/7 Aufnahme = riesige Datenmengen. Speicher (NVR, Festplatten, Cloud) ist die größte wiederkehrende Ausgabe. Kamerawartung = selten. Security Guards = nicht nötig (unbewacht). Lizenzen = einmalig/jährlich, aber geringer.","Security Controls","","","","","2","2","20602","3","1067","4","2","1775943217105"
"1772577855036","oZGfBPq#-d","1773008953575","01_General_Security_Concepts","121: Henry's organization has recently experienced a ransomware attack and is restoring backups from a secure backup system. What type of security control is Henry using?
A: A preventive control
B: A directive control
C: A compensating control
D: A corrective control",">> CORRECT: D | Das Wiederherstellen von Backups nach einem Ransomware-Angriff ist eine korrektive (corrective) Kontrolle.

 

 Merkhilfe: Corrective = behebt Schaden NACH dem Vorfall. Backup-Restore = System in bekannt-guten Zustand zurücksetzen. Preventive = verhindert vorher (Antivirus). Detective = erkennt (IDS (Intrusion Detection System)). Compensating = alternative Kontrolle.","Security Controls","","","","","2","2","20608","7","730","4","1","1775943217105"
"1772577903029","p%yd_mv$8N","1773008953575","01_General_Security_Concepts","123: What challenge drives the need for key exchange mechanisms?
A: The number of keys required for symmetric encryption
B: The need to determine if a key is public
C: The need to exchange keys in a way that prevents others from obtaining a copy
D: The need to securely return keys to their owner after they are traded",">> CORRECT: C | Das Problem ist, Schlüssel sicher auszutauschen, ohne dass Dritte eine Kopie erhalten.

 

 Merkhilfe: Symmetrische Verschlüsselung: Beide brauchen denselben Schlüssel. Wie schickt man ihn sicher? Key-Exchange-Mechanismen wie DH (Diffie-Hellman) lösen das: Beide einigen sich auf ein Geheimnis, ohne es direkt zu übertragen.","Cryptographic Solutions","","","","","2","2","20686","87","500","3","0","1775943217105"
"1772578430967","Q[mInh&8r]","1773008953575","01_General_Security_Concepts","127: Which of the following is not a step taken when a transaction is entered in a blockchain?
A: The value of the block is determined.
B: The transaction is sent to a peer-to-peer network of computers.
C: The transaction is validated using equations.
D: A transaction history is maintained as part of the blockchain.",">> CORRECT: A | Die Wertbestimmung eines Blocks ist kein Schritt bei einer Blockchain-Transaktion.

 

 Merkhilfe: Blockchain-Schritte: Transaktion senden (B) → P2P (Peer-to-Peer)-Netzwerk validiert mit Gleichungen (C) → Transaktionshistorie wird gespeichert (D). ""Wert bestimmen"" existiert nicht im Blockchain-Prozess.","Cryptographic Solutions","","","","","2","2","20609","9","1067","4","2","1775943217105"
"1772578458651","J}p4;,F;yW","1773008953575","01_General_Security_Concepts","131: Gary has implemented record-level encryption for his database. How many keys will he use in a typical implementation of record-level encryption?
A: One key per record
B: One key per column
C: One key per table
D: One key per database",">> CORRECT: A | Bei Record-Level Encryption wird ein Schlüssel pro Datensatz (Record) verwendet.

 

 Merkhilfe: Record-Level = ein Schloss pro Ordner im Aktenschrank. Column-Level = ein Schloss pro Schublade. Table-Level = ein Schloss pro Schrank. Database-Level = ein Schloss für den ganzen Raum.","Cryptographic Solutions","","","","","2","2","20605","6","1333","5","3","1775943217105"
"1772578485545","HkAEvdZkh7","1773008953575","01_General_Security_Concepts","132: Justin's laptop is part of his organization's zero-trust architecture. What term is used to refer to a device like a laptop, desktop, or mobile device in a zero-trust design?
A: A subject
B: A policy engine
C: A service provider
D: A policy application point",">> CORRECT: A | In einem Zero-Trust-Design wird ein Gerät wie Laptop, Desktop oder Mobilgerät als ""Subject"" bezeichnet.

 

 Merkhilfe: Subject = jeder/alles, was Zugang anfordert (Person ODER Gerät). Policy Engine = entscheidet. Policy Administrator = konfiguriert. Policy Enforcement Point = setzt durch.","Security Techniques","","","","","2","2","20608","9","500","8","3","1775943217105"
"1772578569652","n!s&dEJ!@J","1773008953575","01_General_Security_Concepts","137: What happens if a mistake is made and an incorrect transaction is entered into the open public ledger in a blockchain?
A: The transaction is reversed once it is discovered, and the original transaction is removed from the record.
B: A new transaction must be processed, and both transactions remain in the record.
C: The original transaction is updated and becomes the new record.
D: An error block must be mined and labeled with the transaction number and error details.",">> CORRECT: B | Bei einem Fehler in der Blockchain muss eine neue Korrektur-Transaktion erstellt werden – beide bleiben im Record.

 

 Merkhilfe: Blockchain = unveränderlich (immutable). Wie mit Permanentmarker in einem Buch schreiben, von dem tausende Kopien existieren. Fehler kann nicht gelöscht werden → neue Korrekturbuchung erstellen.","Architecture Models","","","","","2","2","20603","5","1333","5","3","1775943217105"
"1772578597098","mX_:dp%qUm","1773008953575","01_General_Security_Concepts","138: Which of the following activities will not typically result in a need to update policies and procedures?
A: Deploying a new application
B: Installing patches for an existing application
C: Conducting a lessons learned exercise after an incident
D: Changes in regulations",">> CORRECT: B | Das Installieren von Patches erfordert typischerweise KEINE Aktualisierung von Richtlinien und Verfahren.

 

 Merkhilfe: Patches = Routine-Wartung (wie Ölwechsel). Man schreibt nicht das Mitarbeiterhandbuch neu, wenn ein Windows-Update installiert wird. Neue Apps (A), Lessons Learned (C) und Gesetzesänderungen (D) erfordern dagegen Richtlinienänderungen.","Incident Response","","","","","2","2","20610","9","1853","3","1","1775943217105"
"1772578619549","o$27IAm618","1773008953575","01_General_Security_Concepts","140: Julia wants to detect if an intruder enters a space using a sensor system. Welche Sensor-Technologie wird laut SY0-701 Objective 1.2 (Physical Security Sensors) NICHT gelistet?
A: Infrared sensors
B: Pressure sensors
C: Radar sensors
D: Ultrasonic sensors",">> CORRECT: C | Radar sensors

SY0-701 Objective 1.2 listet unter Physical Security -> Sensors genau vier Technologien: Infrared, Pressure, Microwave, Ultrasonic. Radar ist eine reale Perimeter-Detection-Technologie, steht aber NICHT im Objective.

Merkhilfe: IR / Druck / Mikrowelle / Ultraschall = die vier offiziellen SY0-701-Sensoren. Alles andere (Radar, Lidar, Magnet-Kontakte) ist ausserhalb des Objectives.","Architecture Models Security Monitoring","","","","","2","2","20609","1","2895","3","1","1775943217105"
"1772578644726","xS8ngc)l7>","1773008953575","01_General_Security_Concepts","147: Bob conducts a periodic risk assessment of his organization. What category of security control is this?
A: Technical
B: Managerial
C: Operational
D: Physical",">> CORRECT: B | Eine periodische Risikobewertung ist eine managerielle (Managerial) Kontrolle.

 

 Merkhilfe: Managerial = menschliche Oversight und Entscheidungsfindung (Risikoanalysen, Audits, Richtlinien). Technical = Firewalls/Software. Operational = tägliche Prozeduren. Physical = Schlösser/Zäune. Bob's Risk Assessment = Management-Entscheidung.","Security Controls Audits and Assessments","","","","","2","2","20609","10","500","5","2","1775943217105"
"1772578672162","zWWlE#zW}y","1773008953575","01_General_Security_Concepts","149: What can a root SSL) certificate do?
A: Remove a certificate from a CRL
B: Generate a signing key and use it to sign a new certificate
C: Authorize new CA users
D: Allow key stretching",">> CORRECT: B | Ein Root-SSL-Zertifikat kann einen Signaturschlüssel erzeugen und damit neue Zertifikate signieren.

 

 Merkhilfe: Root CA (Certificate Authority) = offizieller Notar. Ihre Aufgabe: andere Zertifikate signieren (""stempeln"") und so die Vertrauenskette bilden. Nicht: CRL (Certificate Revocation List)-Einträge löschen (A), Benutzer verwalten (C) oder Key Stretching (D).","Cryptographic Solutions","","","","","2","2","20686","88","500","3","0","1775943217105"
"1772662005001","Wj0aUJ2tgB","1773008942620","02_Threats_Vulnerabilities_Mitigations","Brent's organization is profiling threat actors that may target their infrastructure and systems. Which of the following is most likely a motivation for a nation-state actor?
A: Financial gain
B: Blackmail
C: Espionage
D: Financial gain",">> CORRECT: C | Spionage bezieht sich auf staatliche Akteure, die gezielt Informationen für Nationalstaaten sammeln.","Security Data Sources","","","","","2","2","20599","1","2124","3","1","1775943256131"
"1772662005002","FC3WZYI2ag","1773008942620","02_Threats_Vulnerabilities_Mitigations","2: Ahmed is a sales manager with a major insurance company. He has received an email encouraging him to click on a link and fill out a survey. The email mentions a major insurance association, making him think it might be legitimate. Which of the following best describes this attack?
A: Phishing
B: Social engineering
C: Spear phishing
D: Trojan horse",">> CORRECT: C | Spear-Phishing zielt gezielt auf bestimmte Personen oder Organisationen ab und nutzt personalisierte Informationen.

 

 Merkhilfe: Spear = Zielgerichtet. Phishing (allgemein) vs. Spear-Phishing (spezifisch auf eine Person). Malware im Anhang ist möglich, aber nicht das Hauptmerkmal.","Malicious Activity Indicators","","","","","2","2","20608","24","889","3","0","1775943256131"
"1772662005004","NzX2Zu4wF9","1773008942620","02_Threats_Vulnerabilities_Mitigations","4: The company that Yarif works for uses a third-party IT support company (MSP) to manage their cloud-hosted web application infrastructure. How can Yarif best address concerns about potential threat vectors via the MSP?
A: Conduct regular vulnerability scans
B: Use shared incident response exercises to prepare
C: Ensure appropriate contractual coverage for issues
D: Require the MSP to have an annual pentest",">> CORRECT: C | Managed Service Provider (MSP) benötigen vertraglich festgelegte Sicherheitsanforderungen und Haftungsregelungen.

 

 Merkhilfe: MSP (Managed Service Provider) = Vertrag regelt Sicherheit. Vertragsliche Verpflichtungen sind die Kontrolle über externe Dienstleister.","Vulnerability Management","","","","","2","2","20610","11","533","2","0","1775943256131"
"1772662005012","1UfIRpXlrX","1773008942620","02_Threats_Vulnerabilities_Mitigations","12: Jack purchases ads on a site that staff members of his target organization frequently visit. Once ads display, he replaces the underlying code with attack code that redirects visitors to a fake login page matching the organization's internal website. What type of attack has Jack attempted?
A: A misinformation attack
B: A watering hole attack
C: A disinformation attack
D: A business website compromise attack",">> CORRECT: B | Watering Hole Attack = Angreifer kompromittiert eine beliebte Website, die von Zielgruppen besucht wird.

 

 Merkhilfe: Watering Hole = Wasserstelle. Tiere (Ziele) kommen zur Wasserstelle (Website) → Angreifer wartet dort. Zielt auf Gruppen ab, nicht auf Einzelne.","Threat Vectors and Attack Surfaces","","","","","2","2","20610","33","533","2","0","1775943256131"
"1772662005013","MYSkOuf2qH","1773008942620","02_Threats_Vulnerabilities_Mitigations","13: Which of the following is not a common concern related to the hardware vendor supply chain?
A: Malware preinstalled on hardware
B: Lack of availability of hardware
C: Third-party hardware modifications
D: Malicious firmware modifications",">> CORRECT: C | Hardwaremodifikationen durch Dritte (Hardware Supply Chain) sind eine seltene, aber mögliche Bedrohung.

 

 Merkhilfe: Supply Chain Threat = Manipulation vor dem Verkauf. Nicht alltäglich, aber vorstellbar. Firmware-Updates, nicht Hardware, sind häufiger.","Risk Management","","","","","2","2","20598","1","2057","3","2","1775943256131"
"1772662005014","ThFDner0EX","1773008942620","02_Threats_Vulnerabilities_Mitigations","14: Ben wants to conduct a credential replay attack. What should he do first to enable the attack?
A: Create a phishing email
B: Conduct an on-path attack
C: Use a brute-force password attack
D: Conduct an injection attack",">> CORRECT: B | On-Path Attack (früher: Man-in-the-Middle) ermöglicht das Abfangen und Wiedereinspielen von Anmeldedaten.

 

 Merkhilfe: On-Path = Im Pfad des Verkehrs. MITM liest Credentials mit → Replay-Angriff auf ein anderes System.","Threat Vectors and Attack Surfaces Identity and Access Management","","","","","2","2","20606","22","800","3","1","1775943256131"
"1772662005015","u52pB5fMVp","1773008942620","02_Threats_Vulnerabilities_Mitigations","15: Nick is assessing internal threat actors and considering what motivations are likely to drive them. Which of the following is the most likely motivation for an internal threat actor?
A: Espionage
B: Blackmail
C: War
D: Political beliefs",">> CORRECT: B | Erpressung (Blackmail) ist eine klassische Taktik von internen Bedrohungsakteuren mit Zugriff auf sensible Daten.

 

 Merkhilfe: Blackmail = Erpressung. Intern = hat bereits Zugang und Wissen. Motiv: Finanzieller Gewinn oder Rache.","Threat Actors","","","","","2","2","20601","15","1245","4","1","1775943256131"
"1772662005023","yWBlxmzuzZ","1773008942620","02_Threats_Vulnerabilities_Mitigations","23: Lucia's organization has adopted open source software provided by a third-party vendor as part of their web application. What concern should she express about her software supply chain?
A: Lack of vendor support
B: Lack of code auditability
C: Lack of control over open source dependencies
D: Lack of updates",">> CORRECT: C | Open Source Code unter Lizenz → Abhängigkeiten können Sicherheitslücken enthalten, die nicht kontrolliert werden können.

 

 Merkhilfe: Open Source Abhängigkeiten = externe Komponenten. Keine vollständige Kontrolle über deren Sicherheit. Lizenzen ≠ Sicherheit.","Risk Management","","","","","2","2","20598","1","3983","11","8","1775943256131"
"1772662005024","i1iurrtNBO","1773008942620","02_Threats_Vulnerabilities_Mitigations","24: Alice wants to prevent server-side request forgery (SSRF) attacks. Which of the following will not be helpful for preventing them?
A: Removing all SQL code from submitted HTTP queries
B: Blocking hostnames like 127.0.0.1 and localhost
C: Blocking sensitive URLs like /admin
D: Applying allow list–based input filters",">> CORRECT: A | Server-Side Request Forgery (SSRF) = Problem im Server selbst. SQL (Structured Query Language)-Code zu entfernen schützt nicht davor.

 

 Merkhilfe: SSRF (Server-Side Request Forgery) = Server wird als Waffe benutzt. SQL-Code ist irrelevant. WAF (Web Application Firewall)-Regeln für Server-Verhalten nötig.","Enterprise Security","","","","","2","2","20598","1","2057","3","2","1775943256131"
"1772662005026","nsjIrXUVt9","1773008942620","02_Threats_Vulnerabilities_Mitigations","26: Mahmoud has determined that the most prevalent threat to his university network are attackers who wish to breach the system simply to prove they can, or for low-level crime such as changing a grade. Which term best describes this type of attacker?
A: Hacktivist
B: Nation-state
C: Insider
D: Unskilled attacker",">> CORRECT: D | Unskilled Attacker = Anfänger ohne tiefes technisches Wissen, aber kann durch Trial & Error Schaden anrichten.

 

 Merkhilfe: Unskilled = wenig Wissen. Script Kiddies benutzen fertige Tools. Threat Level: niedrig. Nation-States = hoch.","Threat Actors","","","","","2","2","20598","1","2057","3","2","1775943256131"
"1772662005028","mpgzWKtd6r","1773008942620","02_Threats_Vulnerabilities_Mitigations","28: Selah includes a question in her procurement RFP asking how long the vendor has been in business and how many existing clients they have. What common issue is this practice intended to help prevent?
A: Supply chain security issues
B: Lack of vendor support
C: Outsourced code development issues
D: System integration problems",">> CORRECT: B | Mangelnde Herstellerunterstützung = Sicherheits-Patches und Updates sind nicht mehr verfügbar, Geräte veralten.

 

 Merkhilfe: Vendor Support = sicherheitskritisch. Keine Patches = Sicherheitslücken bleiben offen. EOL (End of Life) = große Gefahr.","Asset Management","","","","","2","2","20603","23","533","2","0","1775943256131"
"1772662005029","L4OQRqfss0","1773008942620","02_Threats_Vulnerabilities_Mitigations","29: Frank discovers that several machines on his network are infected with malware that is sending a flood of packets to an external target. What best describes this attack?
A: SYN flood
B: DDoS
C: Botnet
D: Backdoor",">> CORRECT: B | Mehrere infizierte Maschinen, die gemeinsam ein externes Ziel mit Paketen überfluten = DDoS (Distributed Denial of Service). ""Distributed"" = viele Quellen gleichzeitig.

 

 Merkhilfe: DDoS = Distributed (viele Quellen) + DoS (Dienstverweigerung). SYN Flood (A) ist eine spezifische DDoS-TECHNIK, nicht der Oberbegriff. Botnet (C) beschreibt das WERKZEUG (die infizierten PCs), nicht den Angriff selbst. Backdoor (D) ermöglicht heimlichen Zugang, aber keine Flut-Attacke.","Threat Vectors and Attack Surfaces","","","","","2","2","20597","1","3792","6","2","1775943256131"
"1772662005033","SX1ifFkfMv","1773008942620","02_Threats_Vulnerabilities_Mitigations","33: You have noticed that when in a crowded area, you sometimes get a stream of unwanted text messages. The messages end when you leave the area. What describes this attack?
A: Bluejacking
B: Bluesnarfing
C: Evil twin
D: Rogue access point",">> CORRECT: A | Bluejacking = das Senden unerwünschter Nachrichten (z.B. Visitenkarten, Texte) über Bluetooth an Geräte in der Nähe. Es ist KEIN Datenzugriff!

 

 Merkhilfe: Bluejacking = ""Hijacking"" der Nachrichtenanzeige (nur Spam, kein Datenklau). Bluesnarfing = ""Snarfing"" (Stehlen) von Daten über Bluetooth – DAS ist der unbefugte Zugriff! Evil Twin = gefälschter WLAN-Hotspot (kein Bluetooth). Rogue AP = unautorisierter Access Point im Netzwerk.","Threat Vectors and Attack Surfaces","","","","","2","2","20606","15","800","3","1","1775943256131"
"1772662005034","dsL0X5VqA2","1773008942620","02_Threats_Vulnerabilities_Mitigations","34: Dennis uses an on-path attack to cause a system to send traffic to his system and then forwards it to the actual server the traffic is intended for. What information will be visible from his system as it passes through?
A: All traffic meant for remote systems
B: All traffic meant for local systems
C: Only unencrypted traffic
D: Only unencrypted traffic meant for his system",">> CORRECT: A | Bei einem On-Path-Angriff (früher: Man-in-the-Middle) leitet der Angreifer den gesamten Datenverkehr über sein System. Da Dennis ALLEN Traffic weiterleitet, kann er auch ALLEN Traffic sehen – sowohl verschlüsselt als auch unverschlüsselt.

 

 Merkhilfe: On-Path = Angreifer sitzt ""im Pfad"" des Netzwerkverkehrs wie ein Postbote, der alle Briefe liest. Er sieht ALLES, was durchgeht. ""Only unencrypted"" (C) klingt verlockend, aber die Frage fragt was ""visible"" ist – verschlüsselter Traffic ist sichtbar, nur nicht lesbar. B (local) ist falsch, weil der Traffic für remote Systeme bestimmt ist. D ist zu einschränkend.","Cryptographic Solutions","","","","","2","2","20606","10","1910","4","0","1775943256131"
"1772662005045","NtbGRr4GCg","1773008942620","02_Threats_Vulnerabilities_Mitigations","45: Scott discovers malware on a system. Shortly afterward, passwords used by the assigned user are found to be in use by attackers. What type of malicious program should Scott look for on the compromised system?
A: A rootkit
B: A keylogger
C: A worm
D: None of the above",">> CORRECT: B | Ein Keylogger zeichnet ALLE Tastatureingaben auf – Passwörter, E-Mails, Nachrichten. Dass Passwörter kurz nach der Malware-Entdeckung bei Angreifern auftauchen, ist ein klassisches Keylogger-Symptom.

 

 Merkhilfe: Key = Taste, Logger = Aufzeichner → zeichnet jeden Tastendruck auf. Rootkit (A) = versteckt sich tief im System, aber stiehlt nicht gezielt Passwörter. Worm (C) = verbreitet sich selbst, hat aber keine Passwort-Diebstahl-Funktion. ""None of the above"" (D) ist falsch, da Keylogger genau dieses Szenario beschreibt.","Malicious Activity Indicators","","","","","2","2","20610","23","533","2","0","1775943256131"
"1772662005047","dQ0NZZAVG0","1773008942620","02_Threats_Vulnerabilities_Mitigations","47: Naomi is preparing a laptop for a traveling salesperson who frequently connects to untrusted hotel networks. What hardening technique provides the greatest protection against network-based attacks on untrusted networks?
A: Install an endpoint detection and response tool
B: Install a host-based firewall
C: Install an extended detection and response tool
D: Install a disk encryption tool",">> CORRECT: B | Eine Host-basierte Firewall bietet den besten Schutz gegen netzwerkbasierte Angriffe in unsicheren Netzwerken, da sie den ein- und ausgehenden Verkehr direkt auf dem Gerät kontrolliert – unabhängig vom Netzwerk.

 

 Merkhilfe: Hotel-WLAN = kein Perimeter-Schutz → der Laptop braucht eigenen Schutz! Host-based Firewall = ""persönlicher Türsteher"". EDR (Endpoint Detection and Response) (A) erkennt Bedrohungen, blockiert aber nicht proaktiv Netzwerkverkehr. XDR (Extended Detection and Response) (C) ist eine Enterprise-Lösung, nicht laptop-spezifisch. Disk Encryption (D) schützt Daten bei Diebstahl, nicht gegen Netzwerkangriffe.","Security Techniques","","","","","2","2","20604","23","533","2","0","1775943256131"
"1772662005055","8nDaVqTeq2","1773008942620","02_Threats_Vulnerabilities_Mitigations","55: Which of the following protocols is most commonly associated with credential relaying attacks?
A: RDP
B: NTLM Manager)
C: SQL
D: TLS",">> CORRECT: B | NTLM (NT LAN Manager) ist ein veraltetes Windows-Authentifizierungsprotokoll, das besonders anfällig für Credential-Relay-Angriffe ist, da es Challenge-Response ohne ausreichenden Schutz gegen Weiterleitung verwendet.

 

 Merkhilfe: NTLM = ""Never Trust Legacy Methods"" → anfällig für Pass-the-Hash und Relay-Angriffe. RDP (A) ist ein Remote-Desktop-Protokoll, kein Auth-Protokoll. SQL (Structured Query Language) (C) ist eine Datenbanksprache. TLS (Transport Layer Security) (D) schützt sogar gegen Relay-Angriffe durch Verschlüsselung. Kerberos ist der sichere NTLM-Nachfolger (Tickets statt Hashes).","Cryptographic Solutions Enterprise Security","","","","","2","2","20603","23","533","2","0","1775943256131"
"1772662005058","wIq8Z5TUOv","1773008942620","02_Threats_Vulnerabilities_Mitigations","58: Ashley's organization suffered a DNS outage. Requests to her DNS servers were sent to open DNS resolvers using spoofed IPs, resulting in very large responses sent to the spoofed address. What type of attack targeted Ashley's organization?
A: A reflected DDoS
B: A DNS flood
C: A mirrored DDoS
D: A supersized query attack",">> CORRECT: A | Reflected DDoS = Angreifer sendet Anfragen von Reflektoren, die den Verkehr zum Opfer weiterleiten.

 

 Merkhilfe: Reflected = reflektiert zurück. Dritte Server = Reflektoren. Amplification = verstärkt die Last.","Enterprise Security Threat Vectors and Attack Surfaces","","","","","2","2","20602","23","533","2","0","1775943256131"
"1772662005060","xVVzhVOHt0","1773008942620","02_Threats_Vulnerabilities_Mitigations","60: Kara wants to protect against the most common means of firmware-based exploits. Which of the following is not a common firmware defense mechanism for vendors?
A: Using signed firmware updates
B: Using input validation for user input
C: Encrypting firmware
D: Code review processes for firmware",">> CORRECT: C | Firmware-Verschlüsselung ist KEINE gängige Verteidigungsmaßnahme gegen Firmware-Exploits. Die üblichen Schutzmaßnahmen sind: signierte Updates (A), Input-Validierung (B) und Code-Reviews (D).

 

 Merkhilfe: Firmware-Schutz = Signieren + Validieren + Reviewen. Verschlüsselung schützt Firmware vor dem Lesen, aber nicht vor dem Ausführen von Exploits. Secure Boot prüft Signaturen, nicht Verschlüsselung. Vendor-seitige Defenses konzentrieren sich auf Integrität (ist die Firmware unverändert?), nicht auf Vertraulichkeit.","Security Techniques","","","","","2","2","20597","1","2057","3","2","1775943256131"
"1772662005062","rURicUeNpL","1773008942620","02_Threats_Vulnerabilities_Mitigations","62: Ines is concerned about messaging through tools like Discord and Slack as attack vectors. What can she do to most effectively limit the attack surface?
A: Deploy EDR tools to all workstations and devices
B: Deploy an organizational communication tool or instance instead of using public tools
C: Deploy messaging-aware firewalls
D: Deploy messaging-aware IPS systems",">> CORRECT: B | Eine organisationseigene Kommunikationsplattform (z.B. eine selbst gehostete Slack-Instanz oder Microsoft Teams) reduziert die Angriffsfläche, da sie zentral verwaltet und gesichert werden kann.

 

 Merkhilfe: Öffentliche Tools (Discord, Slack Free) = unkontrolliert, Links von Fremden möglich. Eigene Instanz = kontrollierter Zugang, DLP (Data Loss Prevention)-Integration möglich. EDR (Endpoint Detection and Response) (A) erkennt Angriffe, verhindert aber nicht die Angriffsfläche durch Messaging. Messaging-aware Firewalls (C) und IPS (Intrusion Prevention System) (D) existieren nicht als Standardprodukte.","Threat Vectors and Attack Surfaces Security Techniques","","","","","2","2","20608","23","1245","4","1","1775943256131"
"1772662005066","nuV5JYqCua","1773008942620","02_Threats_Vulnerabilities_Mitigations","66: Mary discovers that a web application used by her company does not always handle multithreading properly — multiple threads can access the same variable simultaneously, potentially crashing the server. What type of error has Mary discovered?
A: Buffer overflow
B: Logic bomb
C: Race conditions
D: Improper error handling",">> CORRECT: C | Race Conditions = zwei Prozesse greifen gleichzeitig auf eine Ressource zu, unkontrolliertes Ergebnis.

 

 Merkhilfe: Race Condition = Wettkampf. Wer zuerst? Ergebnis unvorhersehbar. Time-of-check ≠ Time-of-use Problem.","Vulnerabilities","","","","","2","2","20601","36","533","2","0","1775943256131"
"1772662005073","nQtvamm3CW","1773008942620","02_Threats_Vulnerabilities_Mitigations","73: What type of attack exploits the trust that a website has for an authenticated user to attack that website by spoofing requests from the trusted user?
A: Cross-site scripting
B: Cross-site request forgery
C: Bluejacking
D: Evil twin",">> CORRECT: B | CSRF (Cross-Site Request Forgery) = Angreifer zwingt Benutzer, unbemerkt Aktionen auf einer anderen Website auszuführen.

 

 Merkhilfe: CSRF = Gefälschte Anfrage. Benutzer ist angemeldet (Session-Cookie), Angreifer missbraucht das. Token-Schutz: CSRF-Token.","Threat Vectors and Attack Surfaces","","","","","2","2","20597","1","2895","3","1","1775943256131"
"1772662005076","IFjeFfExSV","1773008942620","02_Threats_Vulnerabilities_Mitigations","76: You have discovered a web application that allows a user to attempt to put a 64-bit value into a 4-byte integer variable. What is this type of flaw?
A: Memory overflow
B: Buffer overflow
C: Variable overflow
D: Integer overflow",">> CORRECT: D | Integer Overflow = ganze Zahlen überschreiten ihren Maximalwert, führen zu unerwartetem Verhalten.

 

 Merkhilfe: Integer Overflow = Zahl zu groß. Max (32-bit) = 2147483647 → +1 = negativ. Buffer Overflow = zu viele Bytes.","Vulnerabilities","","","","","2","2","20597","1","3500","5","4","1775943256131"
"1772662005077","YSZ1RHh09q","1773008942620","02_Threats_Vulnerabilities_Mitigations","77: Keith's company uses a backoff algorithm that increases the time between allowed login attempts. Keith finds his account locked out for 15 minutes after failed attempts. What should security admins do to find potential indicators of malicious activity?
A: Review authentication logs
B: Interview Keith about his recent logins
C: Change Keith's password and check error logs
D: Report an incident and start the incident response process",">> CORRECT: A | Authentifizierungslogs überprüfen = erkennt Anmeldeversuche, fehlgeschlagene Logins, ungewöhnliche Aktivitäten.

 

 Merkhilfe: Auth Logs = wer, wann, wo angemeldet. Kompromittiertes Konto = verdächtige Login-Muster sichtbar.","Identity and Access Management","","","","","2","2","20606","12","2725","5","3","1775943256131"
"1772662005079","cQlhjokjxZ","1773008942620","02_Threats_Vulnerabilities_Mitigations","79: Jack's team in HR is paying for an SaaS tool using expense account credit cards without the knowledge of central IT. What type of threat actor does this make Jack's HR team?
A: Shadow IT
B: An inadvertent threat
C: Internal espionage actors
D: An insider threat",">> CORRECT: A | Shadow IT bezeichnet IT-Systeme und -Dienste, die ohne Wissen oder Genehmigung der IT-Abteilung eingesetzt werden. Jacks HR-Team nutzt eigenständig ein SaaS (Software as a Service)-Tool – klassische Shadow IT.

 

 Merkhilfe: Shadow = ""Schatten"" → unsichtbar für die IT-Abteilung. Inadvertent Threat (B) wäre ein versehentlicher Fehler, aber hier handeln sie bewusst. Espionage (C) impliziert böswillige Absicht. Insider Threat (D) ist zu allgemein – Shadow IT ist die präzisere Bezeichnung für nicht genehmigte IT-Nutzung.","Threat Actors Architecture Models","","","","","0","0","1772661684","0","2500","0","0","1775943256131"
"1772662005081","gsiyhe5XXp","1773008942620","02_Threats_Vulnerabilities_Mitigations","81: Jared's Linux servers are vulnerable to CVE-2018-5703: a kernel function allows attackers to cause a denial of service (slab out-of-bounds write). What is Jared's best option to remediate this kernel vulnerability?
A: Patch the application
B: Install a HIPS with appropriate rules
C: Segment the systems away from the Internet
D: Patch the operating system",">> CORRECT: D | Betriebssystem patchen = behebt bekannte Sicherheitslücken durch Hersteller-Updates.

 

 Merkhilfe: Patching = SicherheitsUpdates. OS-Patches = grundlegend. Regelmäßig updaten = beste Defense.","Vulnerabilities","","","","","0","0","1772661685","0","2500","0","0","1775943256131"
"1772662005082","IyFLd2sZKE","1773008942620","02_Threats_Vulnerabilities_Mitigations","82: What is the likely outcome of a cryptographic collision attack?
A: Attackers can decrypt a file without the private key
B: Two files that have the same encrypted output but are different files
C: Two files that both have the same hash but have different contents
D: Attackers can decrypt the file without the public key",">> CORRECT: C | Eine Kollisionsattacke erzeugt zwei verschiedene Dateien mit dem GLEICHEN Hash-Wert – das untergräbt die Integritätsprüfung, da man eine Datei gegen eine andere austauschen kann, ohne dass der Hash sich ändert.

 

 Merkhilfe: Collision = ""Zusammenstoß"" zweier unterschiedlicher Inhalte beim gleichen Hash. A/D (Entschlüsselung) betrifft Verschlüsselung, nicht Hashing. B (gleicher verschlüsselter Output) verwechselt Verschlüsselung mit Hashing. MD5 und SHA-1 sind anfällig für Kollisionen → SHA-256+ verwenden!","Cryptographic Solutions","","","","","0","0","1772661686","0","2500","0","0","1775943256131"
"1772662005084","QVXpUKWaE6","1773008942620","02_Threats_Vulnerabilities_Mitigations","84: What technique most effectively prevents resource reuse concerns for storage in a virtual environment?
A: Firmware updates
B: Volume encryption
C: Minimizing cluster size
D: Reformatting drives",">> CORRECT: B | Vollverschlüsselung (Full Disk Encryption / FDE (Full Disk Encryption)) = gesamte Festplatte verschlüsselt, schützt vor physischem Zugriff.

 

 Merkhilfe: Volume Encryption = komplettes Volume (Laufwerk). AES, BitLocker, FileVault = Standard-Tools.","Cryptographic Solutions","","","","","0","0","1772661687","0","2500","0","0","1775943256131"
"1772662005090","JQbJgkuwUA","1773008942620","02_Threats_Vulnerabilities_Mitigations","90: Erica wants to conduct an amplified DDoS attack against a system. What key step is required as part of her attack?
A: Reversing the target's IP address
B: Spoofing the target's IP address
C: Conducting an on-path attack to send traffic to the target
D: Spoofing responses from the amplification system to the target",">> CORRECT: B | Für einen Amplified DDoS muss der Angreifer die IP-Adresse des Ziels fälschen (spoofing), damit die verstärkten Antworten der Amplification-Server an das Opfer gesendet werden.

 

 Merkhilfe: Amplified DDoS = Angreifer sendet kleine Anfrage mit gefälschter Absender-IP (Opfer) → Amplifier antwortet mit RIESIGER Antwort an das Opfer. IP-Reversing (A) ist kein realer Begriff. On-Path (C) wäre ein separater Angriff. Response-Spoofing (D) – der Angreifer spooft die Anfrage, nicht die Antwort.","Threat Vectors and Attack Surfaces","","","","","0","0","1772661688","0","2500","0","0","1775943256131"
"1772662005092","vHt9tauAh4","1773008942620","02_Threats_Vulnerabilities_Mitigations","92: Which of the following human vectors are most likely to be part of a voice call-based attack?
A: A watering hole attack
B: Pretexting
C: Disinformation
D: BEC",">> CORRECT: B | Pretexting = erfundener Vorwand / Geschichte, um Vertrauen zu gewinnen und Informationen zu erhalten.

 

 Merkhilfe: Pretext = Vorwand. ""Ich bin von IT-Support"" = Pretexting. Social Engineering mit erfundener Identität.","Threat Vectors and Attack Surfaces","","","","","0","0","1772661689","0","2500","0","0","1775943256131"
"1772662005096","TMrKc1V57M","1773008942620","02_Threats_Vulnerabilities_Mitigations","96: Which of the following best describes a zero-day vulnerability?
A: A vulnerability that the vendor is not yet aware of
B: A vulnerability that has not yet been breached
C: A vulnerability that can be quickly exploited (i.e., in zero days)
D: A vulnerability that will give the attacker brief access (i.e., zero days)",">> CORRECT: A | Zero-Day = Sicherheitslücke, die dem Hersteller noch nicht bekannt ist, keine Patches verfügbar.

 

 Merkhilfe: Zero-Day = Null Tage = Hersteller weiß nichts. Vendor unaware = kritisch. Exploit im Umlauf, aber kein Fix.","Vulnerability Management","","","","","0","0","1772661690","0","2500","0","0","1775943256131"
"1772662005097","JebOIZVcu6","1773008942620","02_Threats_Vulnerabilities_Mitigations","97: You have discovered that entries in your network's DNS server point legitimate domains to unknown, potentially harmful IP addresses. What best describes this type of attack?
A: A backdoor
B: An APT
C: DNS poisoning
D: A Trojan horse",">> CORRECT: C | DNS-Poisoning = falsche DNS-Einträge werden eingespielt, leiten Benutzer auf gefälschte Websites.

 

 Merkhilfe: Poisoning = vergiften. DNS = Namensauflösung. Falsche IP → falscher Server → Phishing / Daten-Klau.","Threat Vectors and Attack Surfaces Architecture Models","","","","","0","0","1772661691","0","2500","0","0","1775943256131"
"1772662005101","n9kEjGioyo","1773008942620","02_Threats_Vulnerabilities_Mitigations","101: You are responsible for educating end users on social engineering. Which of the following best defines social engineering?
A: Illegal copying of software
B: Gathering information from discarded manuals and printouts
C: Using people skills to obtain proprietary information
D: Phishing emails",">> CORRECT: C | Social Engineering = Manipulation von Menschen, um Zugang oder Informationen zu erhalten (nicht technisch).

 

 Merkhilfe: Social = Mensch. Engineering = Manipulation. Psychologische Tricks, kein Code-Hack.","Security Awareness Threat Vectors and Attack Surfaces","","","","","0","0","1772661692","0","2500","0","0","1775943256131"
"1772662005105","KQiq2QnNU1","1773008942620","02_Threats_Vulnerabilities_Mitigations","105: Michelle discovers that systems throughout her organization are connecting to changing remote systems on TCP port 6667. She believes the systems are infected with malware. What is the most likely cause?
A: An alternate service port for web traffic
B: Botnet command-and-control via IRC
C: Downloads via a peer-to-peer network
D: Remote-access Trojans",">> CORRECT: B | TCP Port 6667 = IRC (Internet Relay Chat). Malware nutzt IRC häufig für Botnet Command & Control (C2), um infizierte Systeme zentral zu steuern.

 

 Merkhilfe: Port 6667 = IRC = klassischer Botnet-C2-Kanal. ""Wechselnde Remote-Systeme"" = typisch für IRC-basierte Botnets (Channel-Hopping). Web-Traffic (A) nutzt Port 80/443. P2P (C) nutzt andere Ports. RAT (D) nutzt typischerweise andere Ports und wäre auf EINEN C2-Server fixiert, nicht wechselnd.","Threat Vectors and Attack Surfaces Enterprise Security","","","","","0","0","1772661693","0","2500","0","0","1775943256131"
"1772662005106","rIcR7JOZTQ","1773008942620","02_Threats_Vulnerabilities_Mitigations","106: Susan performs a vulnerability scan and discovers that the organization's consumer-grade wireless router has a vulnerability in its web server. What issue should she address in her findings?
A: Firmware patch management
B: Default configuration issues
C: An unsecured administrative account
D: Weak encryption settings",">> CORRECT: A | Firmware Patch Management = regelmäßiges Aktualisieren von Firmware auf Geräten (Router, IoT (Internet of Things), etc.).

 

 Merkhilfe: Firmware = Code auf Hardware. Patching = Aktualisieren. Sicherheits-Updates für Firmware sind oft vergessen.","Vulnerabilities","","","","","0","0","1772661694","0","2500","0","0","1775943256131"
"1772662005110","qaIBodOrgc","1773008942620","02_Threats_Vulnerabilities_Mitigations","110: What two files are commonly attacked using offline brute-force attacks?
A: The Windows Registry and the Linux /etc/passwd file
B: The Windows SAM and the Linux /etc/passwd file
C: The Windows SAM and the Linux /etc/shadow file
D: The Windows Registry and the Linux /etc/shadow file",">> CORRECT: C | Windows SAM + Linux /etc/shadow = Passwort-Hashes lokal gespeichert, wenn gestohlen = Offline-Angriffe möglich.

 

 Merkhilfe: SAM (Security Accounts Manager) = Windows. /etc/shadow = Linux. Hashes = offline-Cracking-Ziel.","Threat Vectors and Attack Surfaces","","","","","0","0","1772661695","0","2500","0","0","1775943256131"
"1772662005112","ToPx4PUCez","1773008942620","02_Threats_Vulnerabilities_Mitigations","112: Which of the following situations is not associated with race conditions?
A: Time-of-check
B: Time-of-change
C: Target-of-evaluation
D: Time-of-use",">> CORRECT: B | ""Time-of-Change"" ist KEIN Begriff im Zusammenhang mit Race Conditions. Die bekannten Race-Condition-Begriffe sind: Time-of-Check (TOC) und Time-of-Use (TOU) → zusammen TOCTOU.

 

 Merkhilfe: TOCTOU = Time-of-Check vs. Time-of-Use → zwischen Prüfung und Nutzung ändert sich etwas. ""Change"" klingt ähnlich, ist aber kein etablierter Begriff. Target-of-Evaluation (C) = TOE, ein Begriff aus Common Criteria (Zertifizierung), nicht Race Conditions – aber er IST mit Race Conditions assoziiert in manchen Kontexten.","Threat Vectors and Attack Surfaces","","","","","0","0","1772661696","0","2500","0","0","1775943256131"
"1772662005115","U9TuI0zSDU","1773008942620","02_Threats_Vulnerabilities_Mitigations","115: Charles sets permissions on the /etc directory on a Linux system to 777 using chmod. If Alex later discovers this, what should he report his finding as?
A: Open or weak permissions
B: Improper file handling
C: A privilege escalation attack
D: None of the above",">> CORRECT: A | Offene / schwache Berechtigungen = Dateien/Ordner für unbefugte Benutzer zugreifbar.

 

 Merkhilfe: Permissions = 777 (offen für alle) = Sicherheitsrisiko. Principle of Least Privilege = minimale Rechte.","Security Concepts","","","","","0","0","1772661697","0","2500","0","0","1775943256131"
"1772662005120","jC1yA8SRxn","1773008942620","02_Threats_Vulnerabilities_Mitigations","120: Ryan needs to verify that no unnecessary ports and services are available on his systems, but cannot run a vulnerability scanner. What is his best option?
A: Passive network traffic capture to detect services
B: A configuration review
C: Active network traffic capture to detect services
D: Log review",">> CORRECT: B | Konfigurationsüberprüfung = Überprüfung der Sicherheitseinstellungen auf Systemen und Geräten.

 

 Merkhilfe: Configuration Review = Sicherheitsaudit. Fehlanpassungen finden und korrigieren. Baseline = Standard-Config.","Vulnerability Management Vulnerabilities","","","","","0","0","1772661698","0","2500","0","0","1775943256131"
"1772662005125","Y6XXSuPCi9","1773008942620","02_Threats_Vulnerabilities_Mitigations","125: Tori believes a system she is investigating may have a rootkit. What type of behavior is most likely to indicate a rootkit's presence?
A: Unusual network traffic
B: Network scanning
C: Displaying a ransom notice
D: Deletion of files",">> CORRECT: A | Ungewöhnlicher Netzwerkverkehr = Erkennungszeichen für Rootkit oder Malware-Aktivität.

 

 Merkhilfe: Rootkit = Unsichtbar für Benutzer, aber netzwerkaktiv. Traffic-Analyse = Anomalien erkennen.","Malicious Activity Indicators Security Monitoring","","","","","0","0","1772661699","0","2500","0","0","1775943256131"
"1772662005128","RKkB807894","1773008942620","02_Threats_Vulnerabilities_Mitigations","128: What is the most common file-based threat vector?
A: Phishing
B: BEC
C: Malware
D: XSS",">> CORRECT: C | Malware = dateibasierte Bedrohung (Trojaner, Würmer, etc. sind ausführbare Dateien).

 

 Merkhilfe: Malware = böse Software. File-based = .exe, .jar, etc. Fileless Malware = im RAM (seltener).","Threat Vectors and Attack Surfaces","","","","","0","0","1772661700","0","2500","0","0","1775943256131"
"1772662005130","jjRRX8HQER","1773008942620","02_Threats_Vulnerabilities_Mitigations","130: Clay is decommissioning a server. Once the drives have been wiped or destroyed, what step typically comes next?
A: Wiping memory
B: Removing the system from inventory
C: Removing the system from management
D: Removing memory",">> CORRECT: B | Entfernung aus dem Bestand = Asset nicht mehr im System registriert, aber nicht zerstört.

 

 Merkhilfe: Removal from Inventory = Bestandsverwaltung. Zerstörung ≠ Asset-Verwaltung. Erst inventarisieren, dann entsorgen.","Data Protection","","","","","0","0","1772661701","0","2500","0","0","1775943256131"
"1772662005134","ibWCEIVuqD","1773008942620","02_Threats_Vulnerabilities_Mitigations","134: Eden wants to check errors related to a new security tool installed on her Windows workstation. What log file in Windows contains errors with installed software?
A: The application log
B: The security log
C: The setup log
D: The system log",">> CORRECT: A | Das Windows Application Log enthält Fehler und Ereignisse von installierten Anwendungen – genau der richtige Ort für Probleme mit einem neuen Security-Tool.

 

 Merkhilfe: Windows Event Viewer hat drei Haupt-Logs: Application (Software-Fehler), Security (Login/Audit-Events), System (OS/Treiber-Events). Setup Log (C) = nur während Installation. Security Log (B) = Anmeldereignisse und Zugriffe. System Log (D) = Hardware/Treiber/OS-Kern. Software-Fehler → Application Log!","Security Data Sources","","","","","0","0","1772661702","0","2500","0","0","1775943256131"
"1772662005138","UyrmMjiAyS","1773008942620","02_Threats_Vulnerabilities_Mitigations","138: Nora queried an AI model for scientific references. The AI provided citations that, upon searching, did not exist. How would this be classified?
A: As phishing
B: As misinformation
C: As disinformation
D: As brand impersonation",">> CORRECT: B | Missinformation weil die KI das nicht absichtlich macht.

 

 Merkhilfe: Misinformation = falsch. AI-generiert = überzeugend. Deep Fakes, ChatGPT-Missbrauch = reale Gefahren.","Threat Vectors and Attack Surfaces","","","","","0","0","1772661703","0","2500","0","0","1775943256131"
"1772662005139","CTzqkZWaUA","1773008942620","02_Threats_Vulnerabilities_Mitigations","139: Sandeep wants to prevent impersonation attacks against her helpdesk. What technique is most likely to prevent impersonation attacks from being successful with support staff?
A: Require callers to verify their identity using non-public information
B: Avoid publishing the help desk's phone number externally
C: Require users to complete awareness training
D: Require callers to provide a callback number and call back before completing tasks",">> CORRECT: A | Identität überprüfen mit nicht-öffentlichen Infos = Bestätigung durch geheime Fragen/Daten gegen Impersonation.

 

 Merkhilfe: Out-of-band Verification = anderer Kanal. Private Info = nur User weiß das. Schutz vor Social Engineering.","Security Awareness Threat Vectors and Attack Surfaces","","","","","0","0","1772661704","0","2500","0","0","1775943256131"
"1772662005142","QXu6HHgVGD","1773008942620","02_Threats_Vulnerabilities_Mitigations","142: Louis discovers unknown software on a computer that seems to be opening a port and allowing remote connections. It appears to have been installed at the same time as a small shareware application. Which of the following best describes this malware?
A: Trojan
B: Worm
C: Logic bomb
D: Rootkit",">> CORRECT: A | Ein Trojaner tarnt sich als legitime Software (hier: die Shareware-App), enthält aber versteckten Schadcode (hier: Port öffnen für Remote-Zugriff). Die gleichzeitige Installation mit der Shareware ist das Schlüsselsignal.

 

 Merkhilfe: Trojaner = ""Trojanisches Pferd"" – sieht harmlos aus, enthält Böses. Worm (B) verbreitet sich selbstständig ohne Benutzerinteraktion. Logic Bomb (C) wartet auf ein bestimmtes Ereignis/Datum. Rootkit (D) versteckt sich tief im System, wird aber nicht typischerweise mit Shareware gebündelt.","Malicious Activity Indicators Cryptographic Solutions","","","","","0","0","1772661705","0","2500","0","0","1775943256131"
"1772662005146","YLGYPcUNEr","1773008942620","02_Threats_Vulnerabilities_Mitigations","146: Zoie wants to check for instances of concurrent session usage for her web application. Where should she look for these indicators?
A: Her firewall logs
B: Her antivirus (AV) logs
C: Her authentication logs
D: Her web application server logs",">> CORRECT: D | Web-Anwendungsserver-Logs = Logs vom Webserver (Apache, Nginx, etc.), HTTP-Anfragen und Fehler.

 

 Merkhilfe: Web App Server = Frontend-Server. Logs = Anfragen, Fehler, Status-Codes (404, 500, etc.).","Security Techniques Identity and Access Management","","","","","0","0","1772661706","0","2500","0","0","1775943256131"
"1772662005154","tPURiatWjA","1773008942620","02_Threats_Vulnerabilities_Mitigations","154: Chuck wants to help his organization protect against business email compromise (BEC). Which of the following is not a common best practice to defend against BEC?
A: Delete all attachments from emails
B: Use two-factor authentication
C: Review suspicious email carefully for typos and other indicators
D: Don't click URLs in unsolicited emails—visit URLs manually",">> CORRECT: A | Das Löschen ALLER Anhänge ist KEINE Best Practice gegen BEC (Business Email Compromise). BEC-Angriffe nutzen primär Social Engineering im E-Mail-Text (z.B. gefälschte CEO-Anweisungen), nicht Anhänge.

 

 Merkhilfe: BEC = Business Email Compromise = Identitätstäuschung per Text, nicht per Datei. 2FA (B) schützt Konten vor Übernahme. Typo-Prüfung (C) erkennt gefälschte Domains. URL-Vorsicht (D) verhindert Phishing-Klicks. Alle Anhänge zu löschen würde den Geschäftsbetrieb lahmlegen und BEC trotzdem nicht verhindern.","Threat Vectors and Attack Surfaces","","","","","2","2","20605","9","800","3","1","1775943256131"
"1772662005158","ASXOiVQh0L","1773008942620","02_Threats_Vulnerabilities_Mitigations","158: Geoff believes a workstation may have been the target of an on-path attack on a local network segment. What indicator is most likely to confirm this?
A: External DNS resolution shows an improper result
B: The ARP table shows an alternate address for the gateway
C: Encrypted traffic has been forced to use a less secure algorithm
D: A website's URL has been modified",">> CORRECT: B | Die ARP-Tabelle zeigt bei einem On-Path-Angriff eine falsche MAC (Mandatory Access Control)-Adresse für das Gateway – der Angreifer hat per ARP-Spoofing seine eigene MAC-Adresse eingetragen.

 

 Merkhilfe: ARP (Address Resolution Protocol) = IP → MAC-Zuordnung. On-Path im LAN = ARP-Poisoning → Gateway-IP zeigt auf Angreifer-MAC. DNS (A) = betrifft Namensauflösung, nicht lokales Routing. Verschlüsselungs-Downgrade (C) = SSL-Stripping, ein separater Angriff. URL-Änderung (D) = eher Phishing/DNS-basiert.","Threat Vectors and Attack Surfaces","","","","","2","2","20605","11","1917","3","0","1775943256131"
"1772662005161","McFRD92gea","1773008942620","02_Threats_Vulnerabilities_Mitigations","161: Frank is connecting to an unsecured wired network in his hotel. Which of the following is not a common threat he should consider preventing while on an unsecured hotel wired network?
A: Network packet capture
B: Network-based attacks
C: Evil twins
D: Worms",">> CORRECT: C | Evil Twins = böse Wireless Access Points (Wi-Fi-Bedrohung), nicht Kabelbedrohung im Hotel-Netz.

 

 Merkhilfe: Evil Twin = fake WLAN. Wired = Kabel ≠ Funk. Rogue AP = böses Access Point.","Threat Vectors and Attack Surfaces","","","","","2","2","20605","11","2984","7","4","1775943256131"
"1772662005162","Mz7YcLW3mi","1773008942620","02_Threats_Vulnerabilities_Mitigations","162: An attacker sends users a link to a new game with a hacked license code program. The game files also include code giving the attacker access to any machine it is installed on. What type of attack is this?
A: Rootkit
B: Trojan horse
C: Spyware
D: Boot sector virus",">> CORRECT: B | Trojanisches Pferd = legitim aussehende Datei (gehacktes Spiel) mit verstecktem Code.

 

 Merkhilfe: Trojan Horse = berühmteste Malware-Form. Legit-aussehend + Backdoor. Benutzer installiert freiwillig.","Malicious Activity Indicators","","","","","2","2","20567","1","2001","7","4","1775943256131"
"1772662005164","0M3Vu0jhSs","1773008942620","02_Threats_Vulnerabilities_Mitigations","164: Jack wants to sideload applications to his Android phone. What does he need to do first to allow this?
A: Jailbreak the phone
B: Transfer the files to the phone
C: Install a package manager
D: Disable antimalware protection",">> CORRECT: B | Für Sideloading muss die APK-Datei zuerst auf das Gerät übertragen werden – das ist der erste notwendige Schritt. Danach kann sie installiert werden (nach Aktivierung von ""Unknown Sources"").

 

 Merkhilfe: Sideload = ""seitlich laden"" = App von außerhalb des App Stores installieren. Jailbreak (A) = iOS-Konzept, nicht Android. Package Manager (C) ist bereits auf Android vorhanden. Antimalware deaktivieren (D) ist keine Voraussetzung und wäre unsicher.","Threat Vectors and Attack Surfaces","","","","","2","2","20563","1","1857","2","1","1775943256131"
"1772662005165","yvWUNJ6n2p","1773008942620","02_Threats_Vulnerabilities_Mitigations","165: Jill uses the following SQL injection query against a web application:
SELECT * FROM users WHERE category = 'customers' OR 1=1--
What data will she see if it succeeds?
A: A list of all customers.
B: A list of all customers whose userID is 1 or larger
C: A list of all customers whose userID is 1
D: A list of all users",">> CORRECT: D | Die SQL (Structured Query Language)-Injection ""OR 1=1"" macht die WHERE-Klausel immer wahr → ALLE Zeilen der ""users""-Tabelle werden zurückgegeben, nicht nur Kunden. Das ""--"" kommentiert den Rest der Query aus.","Vulnerabilities","","","","","2","2","20601","8","3025","9","6","1775943256131"
"1772662005168","kt53lapZqi","1773008942620","02_Threats_Vulnerabilities_Mitigations","168: Which of the following is not a common attribute of organized crime threat actors?
A: Internal
B: Well resourced
C: Sophisticated
D: External",">> CORRECT: A | Internal = Interne Bedrohungsakteuren sind nicht typisch für organisierte Verbrechen (Nation-States, Cybercrime-Gruppen).

 

 Merkhilfe: Insider Threat = Mitarbeiter / Zugriff-Träger. Organized Crime = externe Verbrechersyndikate. Motiv unterschiedlich.","Threat Actors","","","","","2","2","20609","11","533","2","0","1775943256131"
"1772662005171","RO8RutdjTZ","1773008942620","02_Threats_Vulnerabilities_Mitigations","171: Vicki is reviewing common BEC attack methods. Which of the following is not a common BEC technique?
A: Using compromised email accounts
B: Using slightly modified spoofed email addresses
C: Sending email from the user's personal email account
D: Using malware to access email accounts",">> CORRECT: C | Private E-Mail-Adressen = keine typische BEC (Business Email Compromise)-Technique, BEC nutzt corporate E-Mail oder Spoofing.

 

 Merkhilfe: BEC = Business Email. Private Mail = nicht täuschend genug. Domain-Spoofing / Look-alike ist typisch.","Threat Vectors and Attack Surfaces","","","","","2","2","20563","1","3295","5","3","1775943256131"
"1772662005183","IU5jhXq8ZM","1773008942620","02_Threats_Vulnerabilities_Mitigations","183: Brian wants to protect files that are regularly sent via email as part of business practice. What type of encryption is best suited to this type of usage?
A: Full-disk encryption
B: File-level encryption
C: Volume encryption
D: Transport encryption",">> CORRECT: B | File-level Encryption verschlüsselt einzelne Dateien individuell – ideal für E-Mail-Anhänge, da die Verschlüsselung mit der Datei ""mitreist"", egal wohin sie gesendet wird.

 

 Merkhilfe: File-level = Schutz ""klebt"" an der Datei (z.B. PGP, S/MIME-Anhänge). Full-Disk Encryption (A) schützt nur die lokale Festplatte – beim Versand ist die Datei entschlüsselt. Volume Encryption (C) = ganzes Laufwerk, nicht portabel. Transport Encryption (D) schützt nur den Übertragungsweg (TLS (Transport Layer Security)), nicht die Datei selbst.","Cryptographic Solutions","","","","","2","2","20605","10","2451","5","2","1775943256131"
"1772662005185","0fVvhcJQiN","1773008942620","02_Threats_Vulnerabilities_Mitigations","185: Jill is concerned about supply chain attacks against her SaaS service providers. Which should be her most significant supply chain concern?
A: Compromise of the SaaS vendor, leading to access to her data
B: Attacks against the SaaS vendor, leading to hours of downtime
C: Lack of availability of hardware from her SaaS vendor for delivery
D: Software vulnerabilities in tools provided by the vendor",">> CORRECT: A | Die Kompromittierung des SaaS (Software as a Service)-Anbieters ist das größte Risiko, da Angreifer dadurch direkten Zugang zu Kundendaten erhalten – ein Supply-Chain-Angriff auf Cloud-Ebene.

 

 Merkhilfe: SaaS = Daten liegen beim Anbieter → Anbieter gehackt = DEINE Daten betroffen (z.B. SolarWinds-Hack). Downtime (B) ist ärgerlich, aber weniger kritisch als Datenverlust. Hardware-Verfügbarkeit (C) ist bei SaaS irrelevant (kein physischer Versand). Software-Schwachstellen (D) sind ein Risiko, aber Kompromittierung (A) ist das gravierendste Szenario.","Architecture Models","","","","","2","2","20602","2","3883","6","2","1775943256131"
"1772922529731","GL^2k}C1];","1773008984598","05_Security_Program_Management_Oversight","001: The company that Scott works for has experienced a data breach, and the personal information of thousands of customers has been exposed. Which of the following impact categories is not a concern?
A: Reputation
B: Financial
C: Availability loss
D: Data loss",">> CORRECT: C | Verfügbarkeitsverlust ist bei einem Datenbreach KEINE typische Sorge – das Problem ist Vertraulichkeit (Daten wurden exponiert), nicht Verfügbarkeit (Systeme laufen weiter).

 

 Merkhilfe: Data Breach = CIA-Dreieck: Vertraulichkeit (C) verletzt, Integrität (I) möglicherweise betroffen, Verfügbarkeit (A) typischerweise NICHT betroffen. Reputation (A) = Vertrauensverlust. Financial (B) = Kosten für Response, Strafen. Data Loss (D) = Daten exponiert.","Resilience and Recovery","","","","","0","0","3655","0","2500","0","0","1775943280113"
"1772922529732","iZrFhaNc+3","1773008984598","05_Security_Program_Management_Oversight","3: Jill's organization wants to ensure that services and systems are back online and functioning normally within 4 hours of an event or incident. What term best describes this goal?
A: An RTO
B: An MTTR
C: An RPO
D: An MTBF",">> CORRECT: A | RTO (Recovery Time Objective) = die maximale akzeptable Zeit, bis ein System nach einem Ausfall wieder funktionsfähig ist. ""Innerhalb von 4 Stunden wieder online"" = RTO von 4 Stunden.

 

 Merkhilfe: RTO = Recovery Time = ""Wie lange darf es dauern?"" MTTR (Mean Time to Repair) (B) = Mean Time To Repair = Durchschnitt der tatsächlichen Reparaturzeit (nicht das Ziel, sondern der Messwert). RPO (Recovery Point Objective) (C) = Recovery Point Objective = ""Wie viel Datenverlust ist akzeptabel?"" MTBF (Mean Time Between Failures) (D) = Mean Time Between Failures = Zuverlässigkeitsmetrik.","Resilience and Recovery","","","","","0","0","3656","0","2500","0","0","1775943280113"
"1772922529733","tS0/-MC1!]","1773008984598","05_Security_Program_Management_Oversight","13: Governance at Selah's organization is delegated to business units. This allows the units to determine how to balance their operational needs against their governance processes. What type of governance is this?
A: Centralized
B: Board-based
C: Decentralized
D: Committee-based",">> CORRECT: C | Dezentralisierte Governance delegiert Entscheidungsbefugnis an einzelne Geschäftseinheiten – sie können ihre Betriebsanforderungen selbst mit Governance-Prozessen abwägen.

 

 Merkhilfe: Dezentral = ""jede Abteilung entscheidet selbst."" Centralized (A) = eine zentrale Stelle entscheidet alles. Board-based (B) = Vorstand trifft Entscheidungen. Committee-based (D) = ein Ausschuss entscheidet. Die Schlüsselphrase ist ""delegated to business units"" → dezentral.","Security Governance","","","","","0","0","3657","0","2500","0","0","1775943280113"
"1772922529734","Up_spB0y/","1773008984598","05_Security_Program_Management_Oversight","14: Sharon's organization needs to understand risks that w it wil experience due to a acquiring a new subsidiary, but it needs to conduct the assements  quickly while leveraging industry expertise. Which risk assessment option should Sharon recommend?
A: Conduct an ad hoc risk assessment
B: Conduct a one-time risk assessment
C: Conduct a third-party risk assessment
D: Build a continuous risk assessment process",">> CORRECT: B | Eine einmalige (one-time) Risikobewertung ist ideal für eine spezifische Situation wie eine Akquisition – schnell durchführbar und auf den konkreten Anlass zugeschnitten.

 

 Merkhilfe: One-time = ""einmal für diesen Zweck."" Ad hoc (A) = ungeplant/reaktiv, nicht systematisch genug. Third-party (C) = beschreibt WER bewertet, nicht WANN/WIE OFT. Continuous (D) = langfristiger Prozess, nicht ""quickly."" Die Schlüsselwörter: ""quickly"" + einmalige Akquisition → einmalige Bewertung.","Risk Management Cryptographic Solutions","","","","","0","0","3658","0","2500","0","0","1775943280113"
"1772922529735","N{5bF@z6^L","1773008984598","05_Security_Program_Management_Oversight","18: Pedro's RTOS is unsupported and has a known vulnerability, but the machines are critical and expensive. What risk process would Pedro follow to retain the devices despite the risk?
A: Transfer the risk
B: Seek an exception
C: Document the risk
D: Mitigate the risk",">> CORRECT: B | Wenn ein unsupportetes System trotz bekannter Schwachstelle behalten werden muss (kritisch + teuer), muss eine formelle Ausnahme (Exception) beantragt werden – mit Dokumentation und Genehmigung durch das Management.

 

 Merkhilfe: Exception = ""Erlaubnis, von der Regel abzuweichen."" Transfer (A) = Risiko auf Versicherung/Dritte übertragen. Document (C) = nur dokumentieren reicht nicht, es braucht Genehmigung. Mitigate (D) = das Risiko verringern, aber hier kann man nicht patchen (unsupported).","Architecture Models","","","","","0","0","3659","0","2500","0","0","1775943280113"
"1772922529736","c3u)7FJ#2j","1773008984598","05_Security_Program_Management_Oversight","19: Jake's new role includes classifying each data element gathered about customers. What is Jake's role in the data handling process?
A: Controller
B: Custodian
C: Owner
D: Processor",">> CORRECT: C | Der Data Owner ist verantwortlich für die Klassifizierung von Daten und bestimmt, welchen Schutz sie benötigen. ""Classifying each data element"" ist die Kernaufgabe des Owners.

 

 Merkhilfe: Owner = ""Besitzer"" = entscheidet über Klassifizierung (public, internal, confidential). Controller (A) = bestimmt ZWECK und MITTEL der Verarbeitung (DSGVO-Rolle). Custodian (B) = kümmert sich um die tägliche Verwaltung/Speicherung. Processor (D) = verarbeitet Daten im Auftrag des Controllers.","Data Protection","","","","","0","0","3660","0","2500","0","0","1775943280113"
"1772922529737","PXYisMj1%A","1773008984598","05_Security_Program_Management_Oversight","21: Julie's marketing team gathers customer data. A third-party analytics company uses this data to identify trends. What data role does this third-party company play?
A: Data owner
B: Data processor
C: Data controller
D: Data custodian",">> CORRECT: B | Die Drittfirma verarbeitet Kundendaten im Auftrag von Julies Marketing-Team → Data Processor. Sie bestimmt nicht den Zweck, sondern führt nur die Analyse durch.

 

 Merkhilfe: Processor = ""Verarbeiter im Auftrag."" Data Owner (A) = Julie's Team, die die Daten gesammelt hat. Data Controller (C) = bestimmt Zweck und Mittel (auch Julie's Org). Data Custodian (D) = kümmert sich um Speicherung/Backup. Die Drittfirma ""uses data to identify trends"" = Verarbeitung = Processor.","Security Governance","","","","","0","0","3661","0","2500","0","0","1775943280113"
"1772922529738",".5cGDwKLx","1773008984598","05_Security_Program_Management_Oversight","24: Augie is responsible for implementing business rules related to data, storage, and use of datasets. What data-related role does Augie hold?
A: Data owner
B: Data custodian
C: Data processor
D: Data subject",">> CORRECT: B | Der Data Custodian implementiert Business Rules für Datenspeicherung und -nutzung – er ist der ""Aufpasser"" der Daten im täglichen Betrieb.

 

 Merkhilfe: Custodian = ""Hüter/Verwalter"" = implementiert technisch, was der Owner vorgibt. Data Owner (A) = klassifiziert und entscheidet über Schutzlevel. Data Processor (C) = externe Verarbeitung im Auftrag. Data Subject (D) = die Person, über die die Daten sind (z.B. der Kunde selbst).","Data Protection","","","","","0","0","3662","0","2500","0","0","1775943280113"
"1772922529739","hG}uDjs=In","1773008984598","05_Security_Program_Management_Oversight","28: Marcus determines what organizationally owned data is used for a given purpose and how it is processed. What data role does he have?
A: He is a data controller
B: He is a supervisory authority
C: He is a data protection officer
D: He is a data processor",">> CORRECT: A | Marcus bestimmt ZWECK und MITTEL der Datenverarbeitung → Data Controller. Er entscheidet, WARUM und WIE Daten verarbeitet werden.

 

 Merkhilfe: Controller = ""Steuermann"" = bestimmt Richtung und Zweck. Supervisory Authority (B) = Aufsichtsbehörde (z.B. Datenschutzbehörde) – überwacht, steuert aber nicht. DPO (C) = Data Protection Officer = berät und überwacht Compliance. Processor (D) = führt Verarbeitung aus, bestimmt aber nicht den Zweck.","Security Compliance","","","","","0","0","3663","0","2500","0","0","1775943280113"
"1772922529740","Dh-ix.MTW!","1773008984598","05_Security_Program_Management_Oversight","29: Colleen's organization deployed WAFs to protect their web services from impacted by a known SQL injection attack. What risk management strategy has the organization adopted?
A: Transfer
B: Accept
C: Avoid
D: Mitigate",">> CORRECT: D | Mitigate

Eine WAF (Web Application Firewall) reduziert Wahrscheinlichkeit und Impact von SQL-Injection durch Request-Filterung, OHNE den Web-Service abzuschalten - das ist die Definition von Mitigation (NIST SP 800-39 §2.4 ""Responding to Risk"", ISO 31000:2018 §6.5.3). Avoid wuerde bedeuten, den Web-Service als Risikoquelle komplett zu eliminieren.

Merkhilfe (Obj 5.2): Transfer = Versicherung/Dritter. Accept = bewusst hinnehmen. Avoid = Aktivitaet abschalten. Mitigate = Control einziehen, Service laeuft weiter (= WAF, IDS, Patching).","Vulnerabilities Enterprise Security","","","","","0","0","3664","0","2500","0","0","1775943280113"
"1772922529741","uc=ev8J#fQ","1773008984598","05_Security_Program_Management_Oversight","36: Liz wants to assess critical business functions, failure likelihood, outage duration, and recovery objectives. What process should she engage in?
A: A quantitative risk assessment
B: A business impact analysis
C: A qualitative risk assessment
D: A penetration test",">> CORRECT: B | Eine Business Impact Analysis (BIA (Business Impact Analysis)) bewertet kritische Geschäftsfunktionen, Ausfallwahrscheinlichkeit, Ausfallzeiten und Wiederherstellungsziele – genau das, was Liz braucht.

 

 Merkhilfe: BIA = ""Was passiert, wenn X ausfällt?"" → bewertet AUSWIRKUNGEN auf das Geschäft. Quantitative Risk Assessment (A) = berechnet finanzielle Risikozahlen (ALE (Annualized Loss Expectancy), SLE (Single Loss Expectancy)). Qualitative RA (C) = bewertet Risiken beschreibend (hoch/mittel/niedrig). Penetration Test (D) = testet Sicherheit aktiv, bewertet keine Geschäftsfunktionen.","Risk Management","","","","","0","0","3665","0","2500","0","0","1775943280113"
"1772922529742","ecbB=MOoS/","1773008984598","05_Security_Program_Management_Oversight","40: Macon conducts active reconnaissance. Which of the following is NOT a typical part of this role?
A: Looking up information in shodan
B: Conducting a nmap scan.
C: Using public information to gather information
D: Using tools like traceroute to map the organization",">> CORRECT: C | Öffentlich verfügbare Informationen nutzen = PASSIVE Aufklärung (OSINT (Open Source Intelligence)). Aktive Aufklärung beinhaltet direkte Interaktion mit dem Zielsystem.

 

 Merkhilfe: Aktiv = ""du berührst das Ziel"" (Nmap-Scan, Traceroute). Passiv = ""du schaust nur von außen"" (Google, WHOIS, LinkedIn). Shodan (A) ist eine Grauzone, wird aber oft als aktive Recon betrachtet, da die Daten durch aktives Scannen gewonnen wurden. Nmap (B) = aktiver Port-Scan. Traceroute (D) = aktives Routing-Mapping.","Threat Actors","","","","","0","0","3666","0","2500","0","0","1775943280113"
"1772922529743","f(E]-)5i@0","1773008984598","05_Security_Program_Management_Oversight","43: Leon's company experienced a malware infection and segmented the network to prevent further spread. What risk mitigation strategy have they chosen?
A: Avoid
B: Transfer
C: Accept
D: Mitigate",">> CORRECT: D | Netzwerksegmentierung nach einer Malware-Infektion = Mitigation. Man reduziert die Ausbreitung und den Schaden, eliminiert aber nicht das Risiko komplett.

 

 Merkhilfe: Mitigate = ""Schaden begrenzen."" Avoid (A) = Risiko ganz eliminieren (z.B. System abschalten). Transfer (B) = Risiko auf Dritte übertragen (Versicherung). Accept (C) = Risiko akzeptieren und nichts tun. Segmentierung = aktive Gegenmaßnahme → Mitigation.","Risk Management","","","","","0","0","3667","0","2500","0","0","1775943280113"
"1772922529744","wQa6)]A7V{","1773008984598","05_Security_Program_Management_Oversight","53: Which of the following is NOT a typical part of an offboarding process?
A: Returning company equipment
B: Copying files to a USB drive for the departing employee
C: Disabling or removing accounts
D: Changing passwords on shared accounts",">> CORRECT: B | Dateien auf einen USB-Stick kopieren ist KEIN ordnungsgemäßes Offboarding. Es verstößt gegen Data-Loss-Prevention-Richtlinien und ist ein Sicherheitsrisiko.

 

 Merkhilfe: USB-Kopie beim Offboarding = Datenabfluss-Risiko! Equipment zurückgeben (A) = Standard. Accounts deaktivieren (C) = verhindert weiteren Zugang. Shared-Passwörter ändern (D) = schließt gemeinsam genutzte Zugänge. USB-Kopie = Firmendaten verlassen unkontrolliert das Unternehmen.","Identity and Access Management","","","","","0","0","3668","0","2500","0","0","1775943280113"
"1772922529745","IDkDGD_ym9","1773008984598","05_Security_Program_Management_Oversight","55: Charlene has been provided with all of the organization's information about systems, services, and configurations for a penetration test. What type of test is she conducting?
A: A partially known environment test
B: An unknown environment test
C: A known environment test
D: A third-party test",">> CORRECT: C | Alle Informationen bereitgestellt (Systeme, Services, Konfigurationen) = Known Environment Test (früher: White Box). Der Tester hat vollständiges Wissen.

 

 Merkhilfe: Known = ""bekannt"" = Tester weiß alles. Partially Known (A) = Grey Box = nur teilweise Infos. Unknown (B) = Black Box = keine Infos. Third-party Test (D) beschreibt WER testet, nicht WIE VIEL der Tester weiß.","Vulnerability Management","","","","","0","0","3669","0","2500","0","0","1775943280113"
"1772922529746","PW)K7DaCBF","1773008984598","05_Security_Program_Management_Oversight","57: Alex wants to hire a penetration tester who will simulate an attacker's potential attacks with no prior knowledge of the environment. What type of test best fits this model?
A: A partially known environment test
B: An unknown environment test
C: A known environment test
D: A third-party test",">> CORRECT: B | Kein Vorwissen über die Umgebung = Unknown Environment Test (früher: Black Box). Der Tester simuliert einen echten externen Angreifer.

 

 Merkhilfe: Unknown = ""unbekannt"" = Tester weiß nichts → realistischstes Angriffsszenario. Partially Known (A) = Grey Box = Tester bekommt einige Infos. Known (C) = White Box = volle Transparenz. Third-party (D) beschreibt nur den Anbieter, nicht die Testmethodik.","Vulnerability Management","","","","","0","0","3670","0","2500","0","0","1775943280113"
"1772922529747","CtLz)QQ0Lv","1773008984598","05_Security_Program_Management_Oversight","61: Risk assessments required for regulatory compliance are most frequently conducted in which mode?
A: As ad hoc risk assessments
B: As one-time risk assessments
C: As recurring risk assessments
D: As continuous risk assessments",">> CORRECT: C | Regulatorische Compliance erfordert WIEDERKEHRENDE (recurring) Risikobewertungen – regelmäßig geplant (z.B. jährlich), um Änderungen in der Bedrohungslandschaft zu erfassen.

 

 Merkhilfe: Recurring = ""regelmäßig wiederkehrend"" (z.B. jährlich für PCI DSS (Payment Card Industry Data Security Standard)). Ad hoc (A) = ungeplant, bei Bedarf. One-time (B) = einmalig, nicht ausreichend für Compliance. Continuous (D) = ständig/automatisiert – häufiger als für die meisten Regulierungen nötig.","Security Compliance","","","","","0","0","3671","0","2500","0","0","1775943280113"
"1772922529748","u4(a#Mw{RX","1773008984598","05_Security_Program_Management_Oversight","62: Jack's organization provided penetration testers with a list of target systems, OS, and software. What type of penetration test is being conducted?
A: A partially known environment test
B: An unknown environment test
C: A known environment test
D: A third-party test",">> CORRECT: A | Eine Liste von Zielsystemen, OS und Software = teilweise Informationen → Partially Known Environment Test (Grey Box). Nicht alles, aber einige Infos.

 

 Merkhilfe: Grey Box = ""Grauzone"" zwischen viel und wenig Wissen. Tester bekommt Basics, muss Rest selbst herausfinden. Unknown (B) = Black Box = gar keine Infos. Known (C) = White Box = ALLE Infos inkl. Quellcode. Third-party (D) = beschreibt den Tester, nicht die Methode.","Vulnerability Management","","","","","0","0","3672","0","2500","0","0","1775943280113"
"1772922529749","xGIPxdXBAe","1773008984598","05_Security_Program_Management_Oversight","66: How is exposure factor (EF) expressed for risk calculations?
A: As a calculation of ALE multiplied by ARO
B: As the likelihood of loss
C: As a potential percentage of loss
D: As a calculation of SLE multiplied by ARO",">> CORRECT: C | Der Exposure Factor (EF) wird als Prozentsatz ausgedrückt – er zeigt, welcher Anteil eines Assets bei einem Vorfall verloren geht (z.B. 50% = halber Wert zerstört).

 

 Merkhilfe: EF = Prozent des Verlusts (0-100%). Formeln: SLE (Single Loss Expectancy) = AV × EF | ALE (Annualized Loss Expectancy) = SLE × ARO (Annualized Rate of Occurrence). A (ALE × ARO) und D (SLE / EF) sind falsche Formeln. B (""likelihood of loss"") beschreibt die ARO, nicht den EF. Merke: EF beantwortet ""Wie viel Prozent geht kaputt?""","Risk Management","","","","","0","0","3673","0","2500","0","0","1775943280113"
"1772922529750","Bfe}51w,w(","1773008984598","05_Security_Program_Management_Oversight","68: Valerie wants to test the effectiveness of access control vestibule, ID card system, and guards. What type of penetration test should she use?
A: Physical
B: Offensive
C: Defensive
D: Integrated",">> CORRECT: D | Ein integrierter Penetrationstest kombiniert physische UND logische Tests. Valerie testet Zugangskontrollen (Vestibule, ID-Karten, Guards) zusammen mit IT-Systemen für ein realistisches Bild.

 

 Merkhilfe: Integrated = ""kombiniert"" physisch + logisch/digital. Physical (A) testet NUR physische Barrieren. Offensive (B) = Angriffsperspektive (Red Team). Defensive (C) = Verteidigungsperspektive (Blue Team). Integrated = beides zusammen für ein Gesamtbild.","Architecture Models Security Monitoring","","","","","0","0","3674","0","2500","0","0","1775943280113"
"1772922529751","5kKG9&$a|","1773008984598","05_Security_Program_Management_Oversight","72: Shane's organization has determined they can accept up to $10,000,000 per year in risk-related loss. What term best describes this?
A: Risk acceptance
B: Risk appetite
C: Ad hoc risk
D: A conservative risk tolerance",">> CORRECT: B | Risk Appetite = das Gesamtausmaß an Risiko, das eine Organisation bereit ist zu akzeptieren, um ihre Ziele zu erreichen. ""$10M pro Jahr"" = definierter Risk Appetite.

 

 Merkhilfe: Appetite = ""Appetit"" = Wie viel Risiko will die Org ""essen""? Risk Acceptance (A) = Einzelentscheidung für ein spezifisches Risiko. Ad hoc Risk (C) = kein Standardbegriff. Conservative Risk Tolerance (D) = $10M/Jahr ist nicht unbedingt konservativ – Tolerance beschreibt die Bandbreite innerhalb des Appetits.","Risk Management","","","","","0","0","3675","0","2500","0","0","1775943280113"
"1772922529752","N)]XgdEK:q","1773008984598","05_Security_Program_Management_Oversight","77: Irene's organization needs to follow PCI DSS standards. She engages a third party to assess this. What type of audit is being performed?
A: An internal regulatory audit
B: An external regulatory audit
C: An internal compliance audit
D: An external compliance audit",">> CORRECT: D | Irene engagiert eine Drittpartei für PCI DSS (Payment Card Industry Data Security Standard) → External Compliance Audit. Es geht um Compliance (nicht regulatorisch), durchgeführt von Externen.

 

 Merkhilfe: External = Drittpartei, Compliance = Einhaltung von Standards (PCI DSS). Internal Regulatory (A) = intern + behördlich = Widerspruch. External Regulatory (B) = durch Behörden, aber PCI DSS ist ein Industriestandard, keine Regulierung. Internal Compliance (C) = wäre ein internes Audit, Irene nutzt aber eine Drittpartei.","Security Compliance","","","","","0","0","3676","0","2500","0","0","1775943280113"
"1772922529753","x0?{&N)lv>","1773008984598","05_Security_Program_Management_Oversight","79: What organization typically includes an audit committee for a company?
A: The security office
B: The shareholders
C: The board of directors
D: The third-party assessors",">> CORRECT: C | Der Board of Directors (Vorstand) hat typischerweise einen Audit Committee, der Risiken, interne Kontrollen und Compliance auf höchster Ebene überwacht.

 

 Merkhilfe: Audit Committee = Unterausschuss des Boards. Security Office (A) = operativ, nicht Governance-Ebene. Shareholders (B) = Eigentümer, haben keinen Audit-Ausschuss. Third-party Assessors (D) = externe Prüfer, nicht Teil der Org-Struktur.","Security Governance","","","","","0","0","3677","0","2500","0","0","1775943280113"
"1772922529754","bVaU~eMZmm","1773008984598","05_Security_Program_Management_Oversight","81: Cristobal wants to ensure a vendor's SOC 2 Type 2 audit is reliable and reveals critical issues. What should be done?
A: An internal audit with attestation by the CEO
B: An independent, third-party audit
C: A self-assessment
D: A third-party penetration test with attestation",">> CORRECT: B | SOC (Security Operations Center) 2 Type 2 Audits MÜSSEN von unabhängigen, zugelassenen CPA-Firmen (Wirtschaftsprüfern) durchgeführt werden – ein internes Audit oder Self-Assessment ist nicht akzeptabel.

 

 Merkhilfe: SOC 2 = immer durch unabhängige Dritte. Internal + CEO-Attestation (A) = nicht unabhängig genug. Self-Assessment (C) = kein Audit, keine Objektivität. Pentest (D) = testet Sicherheit, ist aber kein SOC-Audit. Type 2 = über einen Zeitraum, Type 1 = zu einem Zeitpunkt.","Audits and Assessments","","","","","0","0","3678","0","2500","0","0","1775943280113"
"1772922529755","1u::O8dNZ","1773008984598","05_Security_Program_Management_Oversight","85: Marek's system needs a deviation from a defined security process. What best practice should he follow?
A: Conduct a risk assessment and document the results
B: Remove the system from the network segment
C: Ensure the deviation is approved through change management processes
D: All of the above",">> CORRECT: C | Abweichungen von definierten Sicherheitsprozessen müssen durch Change-Management-Prozesse genehmigt werden – dokumentiert, bewertet und formal genehmigt.

 

 Merkhilfe: Change Management = ""kontrollierte Abweichung."" Risk Assessment (A) ist ein TEIL des Prozesses, aber nicht ausreichend allein. System entfernen (B) = zu drastisch und nicht gefragt. ""All of the above"" (D) ist falsch, weil B keine Best Practice ist.","Risk Management Architecture Models","","","","","0","0","3679","0","2500","0","0","1775943280113"
"1772922529756","BRbR[mFK/t","1773008984598","05_Security_Program_Management_Oversight","86: What is the key difference between a business continuity plan and a business continuity policy?
A: The plan describes how the org will respond; the policy outlines high-level intent
B: The plan includes detailed steps for response; the policy outlines high-level intent
C: The plan describes high-level intent; the IR policy describes how the org will respond
D: They are the same; the terms are interchangeable",">> CORRECT: A | Der Plan beschreibt WIE die Organisation reagiert (konkrete Schritte). Die Policy beschreibt die allgemeine Absicht und Richtung (High-Level-Ziele).

 

 Merkhilfe: Plan = ""Wie?"" (konkrete Aktionen). Policy = ""Was und Warum?"" (Absichtserklärung). B klingt ähnlich, unterscheidet sich aber: ""detailed steps"" vs ""how the org will respond"" – A ist die breitere, korrektere Beschreibung. C vertauscht Plan und Policy. D ist falsch – sie sind NICHT austauschbar.","Security Governance","","","","","0","0","3680","0","2500","0","0","1775943280113"
"1772922529757","G5_?E7v&&b","1773008984598","05_Security_Program_Management_Oversight","95: Kyle's company suffered a major breach with millions of customer records exposed and was found to be intentionally negligent. What consequence is most critical to ongoing operations when considering the customer base?
A: Fines
B: Due diligence
C: Reputational damage
D: Contractual impacts",">> CORRECT: C | Reputationsschaden ist die kritischste Folge für den laufenden Betrieb mit Blick auf die KUNDENBASIS. Kunden verlieren Vertrauen → Kundenverlust → Umsatzrückgang.

 

 Merkhilfe: Reputation = schwer zu reparieren, Kunden wechseln zur Konkurrenz. Fines (A) = einmalige Zahlung, überlebbar. Due Diligence (B) = ist eine Praxis, keine Konsequenz. Contractual Impacts (D) = betrifft Verträge, aber Reputationsschaden trifft die gesamte Kundenbasis – breiter und nachhaltiger.","Risk Management","","","","","0","0","3681","0","2500","0","0","1775943280113"
"1772922529758","eS;l3M#IUu","1773008984598","05_Security_Program_Management_Oversight","99: Melissa's organization wants to establish a metric that defines how much data could be lost if an issue occurs. What should they set?
A: An RTO
B: An MTTR
C: An RPO
D: An MTBF",">> CORRECT: C | RPO (Recovery Point Objective) = die maximale akzeptable Datenverlustmenge, gemessen in Zeit. ""Wie viel Daten dürfen wir verlieren?"" = RPO.

 

 Merkhilfe: RPO = Recovery Point = ""Bis zu welchem Zeitpunkt können wir wiederherstellen?"" RTO (Recovery Time Objective) (A) = Recovery Time = ""Wie schnell muss es wieder laufen?"" MTTR (Mean Time to Repair) (B) = tatsächliche durchschnittliche Reparaturzeit. MTBF (Mean Time Between Failures) (D) = durchschnittliche Zeit zwischen Ausfällen (Zuverlässigkeit).","Resilience and Recovery","","","","","0","0","3682","0","2500","0","0","1775943280113"
"1772922529759","o1?EJtSnpD","1773008984598","05_Security_Program_Management_Oversight","100: What common terms are used to categorize anomalous behavior?
A: Risky, unexpected, and unintentional
B: Recurring, occasional, and unique
C: Unintentional, insider, and accidental
D: Active, passive, and integrated",">> CORRECT: A | Anomales Verhalten wird kategorisiert als: risky (riskant), unexpected (unerwartet) und unintentional (unbeabsichtigt) – diese drei Kategorien helfen bei der Einordnung und Reaktion.

 

 Merkhilfe: R-U-U: Risky, Unexpected, Unintentional. B (Recurring, Occasional, Unique) = Häufigkeitskategorien, nicht Verhaltenskategorien. C (Unintentional, Insider, Accidental) = vermischt Rollen und Verhalten. D (Active, Passive, Integrated) = Pentest-Kategorien, nicht Verhaltensanalyse.","Security Monitoring Risk Management","","","","","0","0","3683","0","2500","0","0","1775943280113"
"1772922529760","GcSqLoBV>e","1773008984598","05_Security_Program_Management_Oversight","104: Dani's organization uses journaling to protect database transactions. Which metric does journaling impact the most?
A: An RTO
B: An MTTR
C: An RPO
D: An MTBF",">> CORRECT: C | Journaling (Transaktionsprotokollierung) beeinflusst vor allem den RPO (Recovery Point Objective), da es ermöglicht, Daten bis zum letzten protokollierten Zustand wiederherzustellen – minimaler Datenverlust.

 

 Merkhilfe: Journaling = ""Tagebuch"" für Datenbank-Transaktionen → jede Änderung wird festgehalten. RPO wird besser (weniger Datenverlust). RTO (Recovery Time Objective) (A) = Zeit bis zur Wiederherstellung – davon nicht direkt betroffen. MTTR (Mean Time to Repair) (B) = Reparaturzeit. MTBF (Mean Time Between Failures) (D) = Ausfallhäufigkeit – Journaling verhindert keine Ausfälle.","Resilience and Recovery","","","","","0","0","3684","0","2500","0","0","1775943280113"
"1772922529761","BY5-xl;FyH","1773008984598","05_Security_Program_Management_Oversight","106: Valerie's datacenter power infrastructure has an MTTR of 24 hours. A warm site can be activated in 12 hours. A critical failure occurred and the org needs to be back online ASAP. What should she do?
A: Wait to see if recovery can be done in less than 24 hours
B: Immediately begin a move to the warm site
C: Wait 12 hours, then begin the move
D: Wait to see if recovery can be done in less than 12 hours",">> CORRECT: B | MTTR (Mean Time to Repair) des Hauptrechenzentrums (24h) > Warm-Site-Aktivierungszeit (12h) + Kritischer Ausfall + ""ASAP"" → sofort zur Warm Site wechseln ist die schnellste Option.

 

 Merkhilfe: 12h < 24h → Warm Site ist SCHNELLER! Warum nicht warten? (A, C, D): Jede Stunde Downtime kostet Geld und schadet dem Geschäft. ""ASAP"" in der Frage = keine Zeit zum Abwarten. Warm Site = teilweise vorkonfiguriert, schneller als Cold Site, günstiger als Hot Site.","Resilience and Recovery","","","","","0","0","3685","0","2500","0","0","1775943280113"
"1772922529762","Ag-M#1U9vK","1773008984598","05_Security_Program_Management_Oversight","109: Amanda's organization needs a risk assessment prioritizing timely completion over rigorous detail. What type should she select?
A: Internal
B: External
C: Qualitative
D: Quantitative",">> CORRECT: C | Qualitative Risikobewertung priorisiert Geschwindigkeit über Detailgenauigkeit – sie nutzt beschreibende Kategorien (hoch/mittel/niedrig) statt exakter Zahlen.

 

 Merkhilfe: Qualitativ = ""schnell und beschreibend"" (Expertenurteil). Quantitativ (D) = ""genau aber zeitaufwändig"" (Zahlen, ALE (Annualized Loss Expectancy), SLE (Single Loss Expectancy)). Internal (A) vs. External (B) beschreibt WER die Bewertung macht, nicht WIE schnell/genau sie ist. Die Frage fragt nach ""timely completion"" → qualitativ.","Risk Management","","","","","0","0","3686","0","2500","0","0","1775943280113"
"1772922529763","GKNDq}LwAA","1773008984598","05_Security_Program_Management_Oversight","111: Shawna's organization has undertaken reasonable steps to meet compliance requirements for data handling. What is this called?
A: Data stewardship
B: Due diligence
C: Attestation
D: Data sanctioning",">> CORRECT: B | Due Diligence = ""angemessene Sorgfalt"" – die Organisation unternimmt vernünftige Schritte, um Compliance-Anforderungen zu erfüllen. Das zeigt Verantwortungsbewusstsein.

 

 Merkhilfe: Due Diligence = ""sorgfältige Pflichterfüllung"" VORHER. Due Care = ""sorgfältige Durchführung"" WÄHRENDDESSEN. Data Stewardship (A) = Datenverwaltung. Attestation (C) = formelle Bestätigung durch Dritte. Data Sanctioning (D) = kein Standardbegriff.","Security Compliance","","","","","0","0","3687","0","2500","0","0","1775943280113"
"1772922529764","qC.kVL!%<i","1773008984598","05_Security_Program_Management_Oversight","114: Waylon ensures that risks related to customer data in the primary application are managed appropriately. What is his role?
A: Board member
B: Data processor
C: Auditor
D: Risk owner",">> CORRECT: D | Ein Risk Owner ist die Person, die für die Verwaltung und das Management eines spezifischen Risikos verantwortlich und rechenschaftspflichtig ist.

 

 Merkhilfe: Risk Owner = ""Risiko-Verantwortlicher"" für ein bestimmtes Risiko. Board Member (A) = Governance-Ebene, nicht operativ. Data Processor (B) = Datenverarbeitung, nicht Risikomanagement. Auditor (C) = prüft und bewertet, verwaltet aber nicht das Risiko.","Security Governance","","","","","0","0","3688","0","2500","0","0","1775943280113"
"1772922529765","J@j.}a07s8","1773008984598","05_Security_Program_Management_Oversight","115: Nathaniel reviews noncompliance consequences. Which of the following would create the most significant operational harm?
A: Reputational damage
B: Loss of license
C: Contractual impacts
D: Fines",">> CORRECT: B | Lizenzverlust verursacht den größten operativen Schaden – ohne Lizenz kann die Organisation ihren Geschäftsbetrieb nicht fortsetzen (z.B. Bank ohne Banklizenz).

 

 Merkhilfe: Ohne Lizenz = KEIN Geschäft möglich → existenzbedrohend! Reputational Damage (A) = schlimm, aber Geschäft kann weiterlaufen. Contractual Impacts (C) = einzelne Verträge betroffen, nicht das gesamte Geschäft. Fines (D) = finanzielle Belastung, aber zahlbar. Lizenzverlust = Geschäft STOPPT.","Security Governance","","","","","0","0","3689","0","2500","0","0","1775943280113"
"1772922529766","N*#e!i;=rn","1773008984598","05_Security_Program_Management_Oversight","123: Charlene writes a business continuity (BC) plan. Which of the following will a BC plan best handle?
A: How to respond during a person-made disaster
B: How to keep the organization running during a system outage
C: How to respond during a natural disaster
D: All of the above",">> CORRECT: B | Ein Business Continuity Plan konzentriert sich darauf, wie die Organisation während eines Systemausfalls weiter funktioniert – den Betrieb aufrechterhalten, nicht nur auf Katastrophen reagieren.

 

 Merkhilfe: BC = Business Continuity = ""Weitermachen!"" Fokus auf Betriebsfortführung. Disaster Recovery (DR) = Wiederherstellung NACH einer Katastrophe. Die Frage fragt spezifisch nach BC, nicht DR. ""All of the above"" (D) klingt richtig, aber BC ist spezifisch für Betriebsfortführung während Ausfällen, nicht für jede Art von Disaster.","Resilience and Recovery","","","","","0","0","3690","0","2500","0","0","1775943280113"
"1772922529767","Ji<3#z0@sG","1773008984598","05_Security_Program_Management_Oversight","124: Alana wants to assess how secure a cloud service provider is. Which method can she realistically use?
A: Ask for permission to vulnerability scan the vendor's production service
B: Conduct an audit of the organization
C: Review an existing SOC audit
D: Hire a third party to audit the organization",">> CORRECT: C | Einen bestehenden SOC (Security Operations Center)-Audit zu überprüfen ist der realistischste Weg, die Sicherheit eines Cloud-Providers zu bewerten – Cloud-Anbieter erlauben normalerweise keine direkten Vuln-Scans oder Audits.

 

 Merkhilfe: Cloud-Provider = ""ihre Infrastruktur, ihre Regeln."" Vuln-Scan (A) = Provider erlaubt das nicht auf ihrer Produktionsumgebung. Eigenes Audit (B) = zu aufwändig und oft nicht erlaubt. Third-party Audit beauftragen (D) = unnötig, SOC-Berichte existieren bereits. SOC = Service Organization Control → standardisierter Nachweis.","Risk Management","","","","","0","0","3691","0","2500","0","0","1775943280113"
"1772922529768","Oydyz72Gu,","1773008984598","05_Security_Program_Management_Oversight","129: Which principle stipulates that multiple changes to a computer system should not be made at the same time?
A: Due diligence
B: Acceptance
C: Change management
D: Due care",">> CORRECT: C | Change Management schreibt vor, dass Änderungen einzeln vorgenommen werden – so kann man bei Problemen genau identifizieren, welche Änderung das Problem verursacht hat.

 

 Merkhilfe: Change Management = ""Eine Änderung nach der anderen!"" Due Diligence (A) = Sorgfaltspflicht (allgemeiner Begriff). Acceptance (B) = Risikoakzeptanz. Due Care (D) = sorgfältige Durchführung. Nur Change Management beschreibt das Prinzip der einzelnen, kontrollierten Änderungen.","Change Management","","","","","0","0","3692","0","2500","0","0","1775943280113"
"1772922529769","ke3%S5|Qzj","1773008984598","05_Security_Program_Management_Oversight","132: Which technique attempts to predict the likelihood a threat will occur and assigns monetary values should a loss occur?
A: Change management
B: Vulnerability assessment
C: Qualitative risk assessment
D: Quantitative risk assessment",">> CORRECT: D | Quantitative Risikobewertung nutzt Zahlen: Wahrscheinlichkeiten und monetäre Werte (SLE (Single Loss Expectancy), ARO (Annualized Rate of Occurrence), ALE (Annualized Loss Expectancy)) für objektive Risikobewertung.

 

 Merkhilfe: Quantitativ = ""Zahlen und Geld."" Qualitativ = ""hoch/mittel/niedrig."" Change Management (A) = Prozess für Systemänderungen. Vulnerability Assessment (B) = Schwachstellensuche. Qualitative RA (C) = beschreibend, ohne Geldwerte. Die Schlüsselphrase ist ""assigns monetary values"" → quantitativ.","Risk Management","","","","","0","0","3693","0","2500","0","0","1775943280113"
"1772922529770","P#j;P[@Q(J","1773008984598","05_Security_Program_Management_Oversight","133: Which agreement is less formal than a traditional contract but still has importance to all parties involved?
A: SLA
B: BPA
C: ISA
D: MOU",">> CORRECT: D | Ein Memorandum of Understanding (MOU (Memorandum of Understanding)) ist weniger formal als ein Vertrag, aber dennoch wichtig – es dokumentiert gegenseitige Absichten und Vereinbarungen.

 

 Merkhilfe: MOU = ""Absichtserklärung"" = Handschlag auf Papier. SLA (Service Level Agreement) (A) = Service Level Agreement = definiert messbare Servicequalität. BPA (Business Partnership Agreement) (B) = Business Partners Agreement = partnerschaftliche Vereinbarung. ISA (C) = Interconnection Security Agreement = Sicherheit bei Netzwerkverbindungen. MOU = am wenigsten formal von allen.","Third-Party Risk","","","","","0","0","3694","0","2500","0","0","1775943280113"
"1772922529771","vK*NG~ZhA2","1773008984598","05_Security_Program_Management_Oversight","135: You identify a security risk, continue with the current plan, but develop a contingency plan. Which risk response technique is this?
A: Accept
B: Transfer
C: Avoid
D: Mitigate",">> CORRECT: A | Das Risiko akzeptieren und einen Notfallplan entwickeln = Risk Acceptance mit Contingency Planning. Man akzeptiert das Risiko, bereitet sich aber auf den Ernstfall vor.

 

 Merkhilfe: ""Continue with current plan"" = wir ändern nichts → Acceptance. Transfer (B) = Risiko auf Versicherung/Dritte übertragen. Avoid (C) = Aktivität einstellen. Mitigate (D) = aktive Gegenmaßnahmen ergreifen. Contingency Plan ≠ Mitigation, sondern Vorbereitung für den Fall, dass das akzeptierte Risiko eintritt.","Risk Management","","","","","0","0","3695","0","2500","0","0","1775943280113"
"1772922529772","l$*!-!h1ST","1773008984598","05_Security_Program_Management_Oversight","139: Luna wants an ongoing relationship with a vendor, with the ability to create SOWs as needed. What agreement type should they create?
A: An MOU
B: An SLA
C: An MSA
D: A BPA",">> CORRECT: C | Ein Master Service Agreement (MSA) ist ein Rahmenvertrag für langfristige Geschäftsbeziehungen – einzelne SOWs (Statements of Work) können darunter erstellt werden.

 

 Merkhilfe: MSA = ""Dachvertrag"" → SOWs = ""Einzelprojekte"" darunter. MOU (Memorandum of Understanding) (A) = unverbindliche Absichtserklärung, nicht für SOWs geeignet. SLA (Service Level Agreement) (B) = definiert Service-Qualität, nicht die Gesamtbeziehung. BPA (Business Partnership Agreement) (D) = Business Partners Agreement = für Geschäftspartner, nicht Vendor-Beziehungen.","Third-Party Risk","","","","","0","0","3696","0","2500","0","0","1775943280113"
"1772922529773","r)h1:wiRXM","1773008984598","05_Security_Program_Management_Oversight","140: Pedro's RTOS is unsupported with a known vulnerability, but the machines are critical and expensive. What risk process would Pedro follow to retain the devices despite the risk?
A: Transfer the risk
B: Seek an exception
C: Document the risk
D: Mitigate the risk",">> CORRECT: D | Mitigation = zusätzliche Kontrollen implementieren, um das Risiko zu verringern (z.B. Netzwerksegmentierung, IPS (Intrusion Prevention System)-Regeln), obwohl das Gerät nicht gepatcht werden kann.

 

 Merkhilfe: Mitigate = ""Schaden begrenzen, auch wenn man nicht patchen kann."" Transfer (A) = Versicherung, passt nicht für technische Geräte. Exception (B) = Ausnahme beantragen (anderes Szenario). Document (C) = nur dokumentieren reicht nicht. Mitigationsbeispiele: Firewall-Regeln, IDS (Intrusion Detection System)/IPS, Netzsegmentierung um das unsupportete System.","Security Monitoring Enterprise Security","","","","","0","0","3697","0","2500","0","0","1775943280113"
"1773007098185","60687e60a507063e","1773008984598","05_Security_Program_Management_Oversight","142: How do you calculate the annual loss expectancy (ALE) that may occur due to a threat?
A: Exposure factor (EF) / single loss expectancy (SLE)
B: Single loss expectancy (SLE) × annual rate of occurrence (ARO)
C: Asset value (AV) × exposure factor (EF)
D: Single loss expectancy (SLE) / exposure factor (EF)",">> CORRECT: B | ALE (Annualized Loss Expectancy) = SLE (Single Loss Expectancy) × ARO (Annualized Rate of Occurrence). Die jährliche Verlusterwartung (ALE) ergibt sich aus dem Einzelverlust (SLE) multipliziert mit der Häufigkeit pro Jahr (ARO).

 

 Merkhilfe: Formeln-Kette: AV × EF = SLE → SLE × ARO = ALE. A (EF / SLE) = falsche Formel. C (AV × EF) = das ist die SLE-Formel, nicht ALE. D (SLE / EF) = falsche Formel. Merke: Asset Value → SLE → ALE, immer in dieser Reihenfolge.","Risk Management","","","","","2","2","20600","1","3295","5","3","1775943280113"
"1773007098186","2e9359271b6e1ba6","1773008984598","05_Security_Program_Management_Oversight","151: Visa's published documentation for ""What to Do if Compromised"" includes requirements to notify Visa within 3 days of an incident, to provide notice to other relevant parties, and to conduct forensic investigations while preserving evidence. What type of document is this?
A: A policy
B: A playbook
C: A checklist
D: A procedure",">> CORRECT: D | Visas Dokument mit konkreten Schritten (Benachrichtigung innerhalb 3 Tagen, Forensik durchführen, Beweise sichern) = eine Procedure. Schritt-für-Schritt-Anleitung für einen spezifischen Vorfall.

 

 Merkhilfe: Procedure = ""Tu dies, dann das, dann jenes"" = konkrete Schritte. Policy (A) = High-Level-Richtlinie (""wir schützen Daten""). Playbook (B) = umfassendere Sammlung von Procedures. Checklist (C) = Abhak-Liste ohne Erklärungen. Procedure = detaillierte Anweisungen mit Fristen.","Security Governance","","","","","2","2","20604","15","1924","2","0","1775943280113"
"1773007098190","4878bff3b96952d8","1773008984598","05_Security_Program_Management_Oversight","174: Elle works for a credit card company that handles credit card transactions for businesses around the world. What data privacy role does her company play?
A: A data controller
B: A data steward
C: A data custodian
D: A data processor",">> CORRECT: D | Das Kreditkartenunternehmen verarbeitet Zahlungsdaten im Auftrag der Händler → Data Processor. Es bestimmt nicht selbst den Zweck der Datenverarbeitung.

 

 Merkhilfe: Processor = ""verarbeitet im Auftrag anderer."" Controller (A) = bestimmt WARUM und WIE Daten verarbeitet werden (hier: die Händler). Steward (B) = kümmert sich um Datenqualität und Governance. Custodian (C) = tägliche technische Verwaltung. Das Kreditkartenunternehmen = Dienstleister = Processor.","Security Governance","","","","","2","2","20604","15","1924","2","0","1775943280113"
"1773007098191","69ccf7c73af66b4b","1773008984598","05_Security_Program_Management_Oversight","179: Mohammed wants to show his organization's senior leadership the impact of their risk management process over time. What risk reporting method effectively conveys this in an easily digestible visual format?
A: Ad hoc reports
B: Risk registers
C: Risk trend analysis
D: Risk event reports",">> CORRECT: C | Risk Trend Analysis zeigt die Entwicklung des Risikoprofils ÜBER ZEIT in einem visuellen Format – ideal für Senior Leadership, um Fortschritte zu sehen.

 

 Merkhilfe: Trend = ""Verlauf über Zeit"" → Grafiken, Diagramme. Ad hoc Reports (A) = ungeplante Einzelberichte. Risk Registers (B) = Liste aller Risiken (nicht visuell/zeitlich). Risk Event Reports (D) = Berichte über einzelne Vorfälle. Die Schlüsselphrase ist ""over time"" + ""visual format"" → Trend Analysis.","Risk Management","","","","","0","0","6","0","2500","0","0","1775943280113"
"1773007098192","5141b82579b282c2","1773008984598","05_Security_Program_Management_Oversight","180: Presenting certification that a third-party organization has validated a vendor's practices against ISO 27001 is an example of what practice?
A: Internal audit
B: Vendor assesment
C: Vulnerability Scanning
D: Data Inventory",">> CORRECT: B | ISO 27001-Zertifizierung eines Vendors vorlegen = Vendor Assessment. Es bewertet die Sicherheitspraktiken des Lieferanten durch standardisierte Zertifizierungen.

 

 Merkhilfe: Vendor Assessment = ""Wie sicher ist mein Lieferant?"" Internal Audit (A) = prüft die EIGENE Organisation. Vulnerability Scanning (C) = technische Schwachstellensuche, nicht Vendor-Bewertung. Data Inventory (D) = Bestandsaufnahme der Daten, nicht der Lieferanten.","Security Compliance Vulnerability Management","","","","","0","0","7","0","2500","0","0","1775943280113"
"1773007098193","48d598fea9976287","1773008984598","05_Security_Program_Management_Oversight","181: What common limitations do IaaS vendors place on penetration testing by their customers?
A: It can only be done by third parties.
B: It must be prescheduled.
C: It can only be done by the customers themselves.
D: Notification must be sent immediately after it occurs.",">> CORRECT: B | IaaS (Infrastructure as a Service)-Anbieter verlangen, dass Penetrationstests vorher angemeldet und terminiert werden, da unangekündigte Tests als echte Angriffe interpretiert werden könnten.

 

 Merkhilfe: ""Prescheduled"" = vorab planen. Third-party only (A) = zu restriktiv. Customer only (C) = zu restriktiv. Nachträgliche Benachrichtigung (D) = zu spät, Provider muss VORHER wissen. AWS, Azure, GCP = alle verlangen Voranmeldung für Pentests.","Architecture Models","","","","","0","0","8","0","2500","0","0","1775943280113"
"1773007098194","2fd7972898fccdcb","1773008984598","05_Security_Program_Management_Oversight","183: Juan's company trains users to be cautious about revealing information about security controls, practices, configurations, and even the tools and software the company deploys. What is this practice known as?
A: Awareness training
B: Social engineering
C: An insider threat
D: Operational security",">> CORRECT: D | Operational Security (OPSEC) = Schutz von Informationen über Sicherheitskontrollen, -praktiken und -konfigurationen vor Offenlegung. Genau das, was Juans Training bezweckt.

 

 Merkhilfe: OPSEC = ""Halte deine Sicherheitsdetails geheim!"" Awareness Training (A) = allgemeines Sicherheitsbewusstsein (zu breit). Social Engineering (B) = Angriffstechnik, keine Verteidigungsmaßnahme. Insider Threat (C) = eine Bedrohung, kein Training-Konzept.","Security Awareness","","","","","0","0","9","0","2500","0","0","1775943280113"
"1773007098195","4142feac2e49e2f0","1773008984598","05_Security_Program_Management_Oversight","184: Mark's organization operates in the EU and sells products in multiple countries. It wants to determine its compliance requirements based on regulations. Which of the following regions should it focus its review of legal implications on?
A: Local
B: National
C: Global
D: All of the above",">> CORRECT: D | EU-Unternehmen mit globalem Verkauf müssen ALLE Ebenen prüfen: lokal (Stadtgesetze), national (Landesgesetze) und global (z.B. DSGVO gilt international).

 

 Merkhilfe: EU + weltweit = ALLE Regulierungsebenen relevant. Local (A) = nur ein Teil. National (B) = nur ein Teil. Global (C) = nur ein Teil. ""All of the above"" (D) = korrekt, da internationale Unternehmen JEDE Ebene berücksichtigen müssen.","Security Compliance","","","","","0","0","10","0","2500","0","0","1775943280113"
"1773007098196","40a6a67251c1e93e","1773008984598","05_Security_Program_Management_Oversight","187: The US Treasury Department regulates banks and their behaviors, including security-related regulations. What term best describes this type of governance structure?
A: Government entity–based
B: Shareholder driven
C: Board-based
D: Centralized",">> CORRECT: A | Das US Treasury Department als Regierungsbehörde reguliert Banken → Government Entity-Based Governance. Die Regulierung kommt direkt von einer staatlichen Stelle.

 

 Merkhilfe: Government Entity = ""Staatliche Behörde gibt Regeln vor."" Shareholder Driven (B) = Aktionäre bestimmen Governance. Board-based (C) = Vorstand entscheidet. Centralized (D) = beschreibt die Struktur, nicht die Quelle der Governance.","Risk Management Cryptographic Solutions","","","","","0","0","11","0","2500","0","0","1775943280113"
"1773007098197","3c112e3b96f92763","1773008984598","05_Security_Program_Management_Oversight","188: The company that Sandra wants to work with does not provide third-party audit statements. What should she request as part of her vendor assessment process prior to signing a contract?
A: A right-to-audit clause
B: A supply chain analysis
C: Evidence of internal audits
D: A due diligence statement",">> CORRECT: C | Wenn keine Third-Party-Audit-Berichte verfügbar sind, sollte Sandra Nachweise über interne Audits anfordern – das zeigt zumindest, dass der Vendor seine eigenen Kontrollen überprüft.

 

 Merkhilfe: Kein externes Audit? → Frage nach internen Audit-Nachweisen! Right-to-Audit (A) = wichtig, aber für NACH Vertragsabschluss. Supply Chain Analysis (B) = analysiert Lieferkette, nicht Vendor-Sicherheit. Due Diligence Statement (D) = zu vage. Internal Audits = konkreter Nachweis von Sicherheitskontrollen.","Third-Party Risk","","","","","0","0","12","0","2500","0","0","1775943280113"
"1773007098198","3d998c433d7e49b6","1773008984598","05_Security_Program_Management_Oversight","191: How do audits and examinations differ?
A: An examination is simpler and less costly.
B: Audits are external and examinations are internal.
C: Audits are internal and examinations are external.
D: An audit is simpler and less costly.",">> CORRECT: A | Examinations sind einfacher und kostengünstiger als vollständige Audits – sie prüfen nur bestimmte Aspekte, während Audits umfassend sind.

 

 Merkhilfe: Examination = ""Stichprobe"" (fokussiert, günstig). Audit = ""Gesamtprüfung"" (umfassend, teuer). B und C (intern/extern Zuordnung) sind falsch – beide können intern oder extern sein. D (Audit ist einfacher) = genau umgekehrt.","Audits and Assessments","","","","","0","0","13","0","2500","0","0","1775943280113"
"1773007098199","7aadd96f809ac66b","1773008984598","05_Security_Program_Management_Oversight","194: Dana wants to assess regulatory impacts on her organization's security policy. Which of the following is not a typical regulatory impact she will need to assess?
A: Global
B: National
C: Local
D: Corporate",">> CORRECT: D | ""Corporate"" ist KEINE regulatorische Ebene. Regulierung erfolgt auf drei Ebenen: Global, National und Local – ""Corporate"" ist eine interne Policy-Ebene, keine Regulierung.

 

 Merkhilfe: Regulierung = von AUSSEN (Staat/Behörde). Global (A) = z.B. DSGVO. National (B) = z.B. HIPAA. Local (C) = z.B. Stadtverordnungen. Corporate (D) = interne Regeln, nicht staatliche Regulierung.","Security Compliance","","","","","0","0","14","0","2500","0","0","1775943280113"
"1773007098200","657a8e25922f8865","1773008984598","05_Security_Program_Management_Oversight","195: Marty wants to ensure that his security policies are up-to-date and effective. Which of the following data sources is least likely to be useful as he reviews his organization's security policies?
A: Security system logs and reports
B: Staff feedback
C: NDAs
D: Review of regulations",">> CORRECT: C | NDAs (Non-Disclosure Agreements) sind am WENIGSTEN nützlich zur Überprüfung von Sicherheitsrichtlinien – sie schützen Vertraulichkeit, liefern aber keine Erkenntnisse über Richtlinieneffektivität.

 

 Merkhilfe: NDA (Non-Disclosure Agreement) = ""Geheimhaltungsvertrag"" → schützt Infos, bewertet keine Policies. Security Logs (A) = zeigen was passiert. Staff Feedback (B) = zeigt Praxisprobleme. Regulations Review (D) = zeigt Compliance-Lücken. NDAs = irrelevant für Policy-Review.","Third-Party Risk Security Compliance","","","","","0","0","15","0","2500","0","0","1775943280113"
"1773007098201","7dc08cb7541221ac","1773008984598","05_Security_Program_Management_Oversight","196: What term describes a formal document that outlines the terms and details of an agreement between two organizations, including the roles and responsibilities each will have?
A: A statement of work (SOW)
B: A business partners agreement (BPA)
C: A memorandum of agreement (MOA)
D: A service level agreement (SLA)",">> CORRECT: C | Ein Memorandum of Agreement (MOA) ist ein formales Dokument, das Rollen, Verantwortlichkeiten und Bedingungen zwischen zwei Organisationen festlegt – verbindlicher als ein MOU (Memorandum of Understanding).

 

 Merkhilfe: MOA = formaler Vertrag mit konkreten Verpflichtungen. SOW (A) = Leistungsbeschreibung für ein spezifisches Projekt. BPA (Business Partnership Agreement) (B) = Partnerschaftsvereinbarung (andere Struktur). SLA (Service Level Agreement) (D) = Service Level Agreement = definiert Servicequalität/Metriken, nicht Rollen und Verantwortlichkeiten.","Third-Party Risk","","","","","0","0","16","0","2500","0","0","1775943280113"
"1773007098202","848ca7ee31d376c","1773008984598","05_Security_Program_Management_Oversight","197: Victoria wants to understand a potential vendor's security practices. Which of the following is the simplest way for her to gather that information from multiple potential vendors?
A: Third-party audits
B: Questionnaires
C: Penetration testing
D: OSINT",">> CORRECT: B | Questionnaires (Fragebögen) sind der EINFACHSTE Weg, Sicherheitspraktiken von MEHREREN Vendors gleichzeitig zu bewerten – standardisiert, skalierbar, kostengünstig.

 

 Merkhilfe: Fragebogen = ""Massenvergleich"" für Vendors. Third-party Audits (A) = teuer und zeitaufwändig. Pentesting (C) = sehr aufwändig, nicht für Erstbewertung. OSINT (Open Source Intelligence) (D) = öffentliche Infos, nicht tiefgreifend. ""Simplest"" + ""multiple vendors"" → Questionnaires.","Vulnerability Management","","","","","0","0","17","0","2500","0","0","1775943280113"
"1773007098203","1db6280a66a3556d","1773008984598","05_Security_Program_Management_Oversight","199: Blaine wants to ensure that his organization consistently meets PCI DSS requirements. What should he implement to meet this goal?
A: Annual PCI DSS internal audits
B: Automated compliance monitoring
C: Annual PCI DSS external audits
D: Compliance KPIs",">> CORRECT: B | Automatisierte Compliance-Überwachung sorgt für KONSISTENTE und KONTINUIERLICHE Einhaltung von PCI DSS (Payment Card Industry Data Security Standard), ohne manuelle Lücken zwischen Audits.

 

 Merkhilfe: ""Consistently meets"" = dauerhaft, nicht nur bei Audits. Annual Internal Audits (A) = jährlich = Lücken dazwischen. Annual External Audits (C) = auch nur jährlich. KPIs (D) = messen Leistung, erzwingen aber keine Compliance. Automated Monitoring = 24/7 Compliance-Sicherung.","Security Compliance","","","","","0","0","18","0","2500","0","0","1775943280113"
"1773007098204","256be6472ca95c2d","1773008984598","05_Security_Program_Management_Oversight","202: Mark is responsible for the execution of his organization's security awareness program. Why might he deploy multiple training methods like workshops, online training, and simulations?
A: To meet compliance requirements
B: To address learning preferences
C: To decrease costs for training
D: To meet KPIs",">> CORRECT: B | Mehrere Trainingsmethoden (Workshops, Online, Simulationen) adressieren unterschiedliche Lernpräferenzen – manche lernen visuell, andere praktisch, andere auditiv.

 

 Merkhilfe: Verschiedene Methoden = verschiedene Lerntypen erreichen. Compliance (A) = erfordert Training, aber nicht verschiedene Methoden. Kosten senken (C) = mehrere Methoden sind TEURER, nicht günstiger. KPIs (D) = Leistungsindikatoren, nicht der Grund für Methodenvielfalt.","Security Awareness","","","","","0","0","19","0","2500","0","0","1775943280113"
"1773007098205","608f7006c8b3916f","1773008984598","05_Security_Program_Management_Oversight","203: Natasha wants to establish a vendor monitoring practice for her organization. What should she establish to ensure that her vendor is performing as expected?
A: A MOU
B: Ongoing compliance audits
C: Regulatory requirements
D: KPIs",">> CORRECT: D | KPIs (Key Performance Indicators) sind messbare Kennzahlen, die zeigen, ob ein Vendor die erwartete Leistung liefert – ideal für laufende Überwachung.

 

 Merkhilfe: KPI = ""Ist der Vendor gut?"" → messbare Metriken. MOU (Memorandum of Understanding) (A) = Absichtserklärung, kein Monitoring-Tool. Compliance Audits (B) = periodisch, nicht ""ongoing monitoring."" Regulatory Requirements (C) = externe Vorgaben, nicht Vendor-spezifisch. KPIs = kontinuierliche, messbare Leistungsüberwachung.","Third-Party Risk Security Compliance","","","","","0","0","20","0","2500","0","0","1775943280113"
"1773007098206","5ee2e56f67b6ba","1773008984598","05_Security_Program_Management_Oversight","213: Greg wants to classify anomalous behavior he has observed. The behavior involves a user's workstation sending large volumes of data to an off-site web server. How should he classify this behavior?
A: Risky
B: Unexpected
C: Unintentional
D: An insider threat",">> CORRECT: B | Große Datenmengen an einen externen Server = unerwartetes Verhalten (Unexpected). Es ist nicht typisch für diesen Arbeitsplatz und weicht vom normalen Muster ab.

 

 Merkhilfe: Unexpected = ""nicht erwartet"" → Anomalie im Netzwerkverkehr. Risky (A) = bewusst riskantes Verhalten (z.B. unsichere Website besuchen). Unintentional (C) = versehentlich (z.B. falsche Datei gesendet). Insider Threat (D) = eine Klassifizierung, kein Verhaltenstyp. Die Frage fragt nach VERHALTENSKATEGORIE.","Data Protection Security Monitoring","","","","","0","0","21","0","2500","0","0","1775943280113"
"1773007098207","5fc0f5740bd02f84","1773008984598","05_Security_Program_Management_Oversight","214: Amber is responsible for compliance with PCI DSS in her organization and wants to ensure ongoing compliance monitoring. Which of the following options will best help her achieve ongoing compliance?
A: Conduct quarterly audits.
B: Use compliance monitoring capabilities in scanning and management tools.
C: Conduct regular training on compliance requirements.
D: Require an auditor's attestation of compliance.",">> CORRECT: B | Use compliance monitoring capabilities in scanning and management tools.

Continuous Compliance Monitoring (Obj 5.4) heisst automatisierte, kontinuierliche Pruefung - typisch via SIEM, GRC-Plattformen und Vulnerability-Scanner. PDF listet ""Automation"" explizit als Element des Compliance-Monitoring. Audits (A) und Attestations (D) sind punktuelle Nachweise; Training (C, PCI Req 12.6) ist Awareness, nicht Monitoring.

Merkhilfe: ""Ongoing"" + ""monitoring"" -> Automation/Tools. Audits sind Stichtage, Training ist Awareness.","Security Compliance","","","","","0","0","22","0","2500","0","0","1775943280113"
"1773007098208","36ba8c4bf25d8199","1773008984598","05_Security_Program_Management_Oversight","217: Marzita wants to respond to a phishing campaign that is sending links to malware. What effective tactic can she use to react to these campaigns quickly?
A: Deploy a WAF to block suspicious links.
B: Subscribe to a threat feed and automatically block phishing campaign URLs.
C: Manually block phishing URLs as they are reported by users.
D: Implement user awareness training.",">> CORRECT: B | Ein Threat Feed mit automatischer URL-Blockierung ermöglicht die schnellste Reaktion auf Phishing-Kampagnen – automatisiert, sofort, ohne manuellen Aufwand.

 

 Merkhilfe: Threat Feed = ""automatischer Nachrichtendienst"" für Bedrohungen. WAF (Web Application Firewall) (A) = schützt Web-Apps, nicht E-Mail-Links. Manuelles Blocken (C) = zu langsam (""react quickly""). User Training (D) = langfristig wichtig, aber keine schnelle Reaktion auf aktive Kampagnen.","Threat Vectors and Attack Surfaces Security Awareness","","","","","0","0","23","0","2500","0","0","1775943280113"
"1773007098209","67bb6f583b1e3ca3","1773008984598","05_Security_Program_Management_Oversight","218: Amanda discovers that a member of her organization's staff has installed a remote access Trojan on their accounting software server and has been accessing it remotely. What type of threat has she discovered?
A: Zero-day
B: Insider threat
C: Misconfiguration
D: Weak encryption",">> CORRECT: B | Ein Mitarbeiter installiert absichtlich einen RAT auf dem Server = Insider Threat. Die Person hat legitimen Zugang und missbraucht ihn vorsätzlich.

 

 Merkhilfe: Insider = hat bereits Zugang + handelt bösartig. Zero-day (A) = unbekannte Schwachstelle, nicht relevant hier. Misconfiguration (C) = unbeabsichtigter Fehler, aber ein RAT installieren ist ABSICHTLICH. Weak Encryption (D) = Verschlüsselungsproblem, nicht relevant. Der Schlüssel: ""member of staff"" + absichtliche RAT-Installation.","Vulnerabilities","","","","","0","0","24","0","2500","0","0","1775943280113"
"1773007098210","1813a5c149cb3466","1773008984598","05_Security_Program_Management_Oversight","224: Myles wants to describe the impact of noncompliance with regulations on his organization's business. If his organization is not compliant, what impact is most likely to occur related to his customers?
A: Fines
B: Contractual impacts
C: Loss of license
D: Sanctions",">> CORRECT: B | Vertragliche Auswirkungen betreffen Kunden direkt – wenn die Organisation nicht compliant ist, können Kundenverträge und SLAs verletzt werden, was zu Vertragskündigungen führt.

 

 Merkhilfe: Die Frage fragt nach Impact auf KUNDEN. Fines (A) = betreffen die Org intern. Loss of License (C) = regulatorische Konsequenz. Sanctions (D) = staatliche Maßnahmen. Contractual Impacts = treffen Kunden direkt über ihre Verträge.","Security Compliance","","","","","0","0","25","0","2500","0","0","1775943280113"
"1773101490284","19cd51419cc","1773275633285","04_Security_Operations","6. CVE is an example of what type of feed?
A: A threat intelligence feed
B: A vulnerability feed
C: A critical infrastructure listing feed
D: A critical virtualization exploits feed",">> CORRECT: B | CVE (Common Vulnerabilities and Exposures) steht für Common Vulnerabilities and Exposures – eine Datenbank bekannter Schwachstellen.

 

 Merkhilfe: CVE = Common Vulnerabilities and Exposures → Das ""V"" steht direkt für ""Vulnerabilities"". Ein Threat Intelligence Feed wäre z.B. STIX/TAXII.","Vulnerability Management","","","","","2","2","20567","1","1857","2","1","1775943272884"
"1773101490285","19cd51419cd","1773275633285","04_Security_Operations","7. Amanda scans a Red Hat Linux server that she believes is fully patched and discovers that the Apache version on the server is reported as vulnerable to an exploit from a few months ago. When she checks to see if she is missing patches, Apache is fully patched. What has occurred?
A: A false positive
B: An automatic update failure
C: A false negative
D: An Apache version mismatch",">> CORRECT: A | Der Scanner meldet eine Schwachstelle, die gar nicht existiert. Der Server ist vollständig gepatcht, aber der Scanner erkennt das nicht korrekt.

 

 Merkhilfe: False Positive = Fehlalarm. Der Scanner ""lügt positiv"" – er sagt ""Gefahr!"", obwohl alles in Ordnung ist. Wie ein Rauchmelder, der bei Wasserdampf anspringt.","Vulnerability Management","","","","","0","0","1","0","2500","0","0","1775943272884"
"1773101490286","19cd51419ce","1773275633285","04_Security_Operations","8. Telnet, RSH, and FTP are all examples of what?
A: File transfer protocols
B: Unsecure protocols
C: Core protocols
D: Open ports",">> CORRECT: B | Alle drei übertragen Daten (inkl. Passwörter) im Klartext – ohne Verschlüsselung.

 

 Merkhilfe: Telnet → SSH, FTP → SFTP/FTPS, RSH → SSH. Wenn es eine sichere Alternative gibt, ist das Original unsicher. Merke: ""Wenn kein S drin ist, ist es nicht sicher.""","Enterprise Security","","","","","0","0","2","0","2500","0","0","1775943272884"
"1773101490287","19cd51419cf","1773275633285","04_Security_Operations","12. Ben knows a system has a vulnerability in the version of the web server it is running. The vulnerability scan does not show that issue when he reviews the report. What has Ben encountered?
A: A silent patch
B: A missing vulnerability update
C: A false negative
D: A false positive",">> CORRECT: C | Der Scanner übersieht eine tatsächlich vorhandene Schwachstelle – er meldet fälschlich ""alles ok"".

 

 Merkhilfe: False Negative = Der Scanner sagt ""Nein, kein Problem"" – aber es gibt eins! Gegenteil von False Positive. Denk daran: Negativ = ""Nein"" (aber falsch!).","Vulnerability Management","","","","","0","0","3","0","2500","0","0","1775943272884"
"1773101490288","19cd51419d0","1773275633285","04_Security_Operations","13. Angela reviews bulletins and advisories to determine what threats her organization is likely to face. What type of activity is this associated with?
A: Incident response
B: Threat hunting
C: Penetration testing
D: Vulnerability scanning",">> CORRECT: B | Threat Hunting ist das proaktive Suchen nach Bedrohungen, bevor sie zum Incident werden. Angela durchsucht aktiv Bulletins und Advisories.

 

 Merkhilfe: Angela ""jagt"" (hunts) proaktiv nach Bedrohungen durch Recherche. Incident Response wäre reaktiv (nach einem Vorfall). Pentest = aktives Angreifen. Vuln Scanning = automatisiertes Tool.","Security Data Sources Vulnerability Management","","","","","0","0","4","0","2500","0","0","1775943272884"
"1773101490289","19cd51419d1","1773275633285","04_Security_Operations","14. Frank is using the cloud hosting service's web publishing service rather than running his own web servers. Where will Frank need to look to review his logs to see what types of traffic his application is creating?
A: Syslog
B: Apache logs
C: The cloud service's web logs
D: None of the above",">> CORRECT: C | Da Frank keinen eigenen Webserver betreibt, sondern den Cloud-Dienst nutzt, muss er die Logs des Cloud-Anbieters prüfen.

 

 Merkhilfe: Kein eigener Server = keine eigenen Logs (kein Apache, kein Syslog). Die Logs liegen beim Cloud-Provider. Denk an: ""Wer den Server betreibt, hat die Logs.""","Architecture Models Security Monitoring","","","","","0","0","5","0","2500","0","0","1775943272884"
"1773101490290","19cd51419d2","1773275633285","04_Security_Operations","22. Chris is following the CIS Windows Server 2022 benchmark and notices that it recommends that Computer Configuration\Policies\Administrative Templates\Windows Components\Search\Allow indexing of encrypted files is set to disabled. What potential issue would this help to prevent?
A: Data leakage
B: Denial of service
C: Insecure service
D: Dark web access",">> CORRECT: A | Wenn verschlüsselte Dateien indiziert werden, könnte der Index die Inhalte im Klartext speichern → Datenleck!

 

 Merkhilfe: Verschlüsselung schützt Daten, aber der Suchindex speichert Inhalte unverschlüsselt. Das ist wie ein Tresor mit einer offenen Inventarliste davor. CIS-Benchmarks → Härtung → Datenschutz.","Security Techniques Cryptographic Solutions","","","","","0","0","6","0","2500","0","0","1775943272884"
"1773101490291","19cd51419d3","1773275633285","04_Security_Operations","23. Elizabeth wants to implement a cloud-based authorization system. Which of the following protocols is she most likely to use for that purpose?
A: OpenID
B: Kerberos
C: SAML
D: OAuth",">> CORRECT: D | OAuth ist DAS Protokoll für Autorisierung (Zugriffsberechtigung), besonders in Cloud-Umgebungen.

 

 Merkhilfe: OAuth = Open Authorization → Autorisierung! OpenID = Authentifizierung (Wer bist du?). SAML (Security Assertion Markup Language) = eher für SSO (Single Sign-On)/Enterprise. Kerberos = On-Premise (nicht Cloud). Merke: ""OAuth fragt nicht WER du bist, sondern WAS du darfst.""","Identity and Access Management","","","","","0","0","7","0","2500","0","0","1775943272884"
"1773101490292","19cd51419d4","1773275633285","04_Security_Operations","24. Tony wants to implement a biometric system for entry access in his organization. Which of the following systems is likely to be most accepted by members of his organization's staff?
A: Fingerprint
B: Retina
C: Iris
D: Voice",">> CORRECT: A | Fingerabdruckscanner sind am weitesten verbreitet und werden von Mitarbeitern am besten akzeptiert – sie sind schnell, einfach und nicht invasiv.

 

 Merkhilfe: Jeder kennt Fingerabdruck vom Smartphone → hohe Akzeptanz. Retina-Scan = unangenehm (Licht ins Auge). Iris = weniger verbreitet. Voice = unzuverlässig bei Lärm.","Identity and Access Management","","","","","0","0","8","0","2500","0","0","1775943272884"
"1773101490293","19cd51419d5","1773275633285","04_Security_Operations","25. What is the primary threat model against static codes used for multifactor authentication?
A: Brute force
B: Collisions
C: Theft
D: Clock mismatch",">> CORRECT: C | Statische Codes (z.B. Backup-Codes, PINs) ändern sich nicht und können gestohlen werden – durch Abfotografieren, Shoulder Surfing oder Phishing.

 

 Merkhilfe: ""Statisch"" = unveränderlich = kann kopiert/gestohlen werden. Im Gegensatz zu TOTP (Time-based One-Time Password) (zeitbasiert, dynamisch). Brute Force ist eher bei Passwörtern relevant. Clock Mismatch betrifft TOTP, nicht statische Codes.","Identity and Access Management Threat Vectors and Attack Surfaces","","","","","0","0","9","0","2500","0","0","1775943272884"
"1773101490296","19cd51419d8","1773275633285","04_Security_Operations","28. Charles has configured his multifactor system to require both a PIN and a password. How many effective factors does he have in place once he presents both of these and his username?
A: One
B: Two
C: Three
D: Four",">> CORRECT: A | PIN, Passwort und Username sind alle ""Something you know"" – also nur EIN Faktor!

 

 Merkhilfe: MFA (Multi-Factor Authentication) braucht verschiedene KATEGORIEN: Something you know / have / are. PIN + Passwort = beides ""Wissen"" = ein Faktor. Für echtes MFA bräuchte man z.B. Passwort (know) + Token (have). Viele PINs ≠ viele Faktoren!","Identity and Access Management","","","","","0","0","12","0","2500","0","0","1775943272884"
"1773101490297","19cd51419d9","1773275633285","04_Security_Operations","29. Naomi is designing her organization's wireless network and wants to ensure that the design places access points in areas where they will provide optimum coverage. She also wants to plan for any sources of RF interference as part of her design. What should Naomi do first?
A: Contact the FCC for a wireless map.
B: Conduct a site survey.
C: Disable all existing access points.
D: Conduct a port scan to find all existing access points.",">> CORRECT: B | Eine Site Survey analysiert die physische Umgebung auf optimale AP-Platzierung und identifiziert RF-Interferenzquellen.

 

 Merkhilfe: Vor dem Bauen kommt das Vermessen! Eine ""Standortbegehung"" (Site Survey) mit Heatmap-Tools zeigt, wo Signale stark/schwach sind und wo Störquellen liegen. FCC hat keine detaillierten Gebäudepläne. Port Scans sind für Netzwerke, nicht für WLAN-Planung.","Security Techniques","","","","","0","0","13","0","2500","0","0","1775943272884"
"1773101490298","19cd51419da","1773275633285","04_Security_Operations","30. Charlene wants to provision her organization's standard set of marketing information to mobile devices throughout her organization. What MDM feature is best suited to this task?
A: Application management
B: Remote wipe
C: Content management
D: Push notifications",">> CORRECT: C | Content Management in MDM (Mobile Device Management) ermöglicht das Verteilen und Verwalten von Dokumenten und Inhalten auf mobilen Geräten.

 

 Merkhilfe: ""Marketing-Inhalte verteilen"" → Content Management. Application Management verwaltet Apps. Remote Wipe löscht Geräte. Push Notifications sind nur Benachrichtigungen.","Security Techniques","","","","","0","0","14","0","2500","0","0","1775943272884"
"1773101490299","19cd51419db","1773275633285","04_Security_Operations","31. Denny wants to deploy antivirus for his organization and wants to ensure that it will stop the most malware. What deployment model should Denny select?
A: Install antivirus from the same vendor on individual PCs and servers to best balance visibility, support, and security.
B: Install antivirus from more than one vendor on all PCs and servers to maximize coverage.
C: Install antivirus from one vendor on PCs and from another vendor on the server to provide a greater chance of catching malware.
D: Install antivirus only on workstations to avoid potential issues with server performance.",">> CORRECT: C | Verschiedene AV-Engines erkennen unterschiedliche Malware. Durch verschiedene Hersteller auf Clients vs. Servern erhöht man die Erkennungsrate.

 

 Merkhilfe: ""Zwei Augenpaare sehen mehr als eins"" – aber NICHT zwei AV auf demselben Gerät (das verursacht Konflikte!). Stattdessen: Vendor A auf PCs, Vendor B auf Servern. So hat Malware zwei verschiedene Hürden.","Security Techniques","","","","","0","0","15","0","2500","0","0","1775943272884"
"1773101490300","19cd51419dc","1773275633285","04_Security_Operations","32. Madhuri's web application converts numbers that are input into fields by specifically typing them and then applies strict exception handling. It also sets a minimum and maximum length for the inputs that it allows and uses predefined arrays of allowed values for inputs like months or dates. What term describes the actions that Madhuri's application is performing?
A: Buffer overflow prevention
B: String injection
C: Input validation
D: (not visible)",">> CORRECT: C | Input Validation prüft alle Benutzereingaben auf Typ, Länge, Format und erlaubte Werte, bevor sie verarbeitet werden.

 

 Merkhilfe: Alles was Madhuri macht, sind klassische Validierungstechniken: Typprüfung, Längenprüfung, Whitelisting (erlaubte Werte). Das ist die Definition von Input Validation. Buffer Overflow Prevention ist nur ein Teilaspekt.","Vulnerabilities","","","","","0","0","16","0","2500","0","0","1775943272884"
"1773101490301","19cd51419dd","1773275633285","04_Security_Operations","34. Malware has been discovered on a workstation and the antivirus cannot currently detect it. What is the best way to test this malware?
A: Leave the malware on that workstation until it is tested.
B: Place the malware in a sandbox environment for testing.
C: It is not important to analyze or test it; just remove it from the machine.
D: Place the malware on a honeypot for testing.",">> CORRECT: B | Eine Sandbox ist eine isolierte Umgebung, in der Malware sicher ausgeführt und analysiert werden kann, ohne andere Systeme zu gefährden.

 

 Merkhilfe: Sandbox = ""Sandkasten"" – ein sicherer Spielplatz für gefährliche Software. Nicht auf dem Produktivsystem lassen (A)! Honeypots sind zum Anlocken, nicht zum Testen (D). Einfach löschen ohne Analyse (C) hilft nicht, die Bedrohung zu verstehen.","Security Techniques","","","","","0","0","17","0","2500","0","0","1775943272884"
"1773101490302","19cd51419de","1773275633285","04_Security_Operations","35. Isaac is reviewing his organization's secure coding practices document for customer-facing web applications and wants to ensure that their input validation recommendations are appropriate. Which of the following is not a common best practice for input validation?
A: Ensure validation occurs on a trusted server.
B: Validate all client-supplied data before it is processed.
C: Validate expected data types and ranges.
D: Ensure validation occurs on a trusted client.",">> CORRECT: D | Client-seitige Validierung ist NICHT sicher, da sie vom Benutzer umgangen werden kann. Validierung muss immer serverseitig erfolgen!

 

 Merkhilfe: ""Vertraue NIEMALS dem Client!"" – Client-Validierung kann mit Browser-DevTools oder Proxies (z.B. Burp Suite) umgangen werden. Server-seitig = sicher, Client-seitig = nur für UX, nicht für Sicherheit.","Security Techniques","","","","","0","0","18","0","2500","0","0","1775943272884"
"1773101490303","19cd51419df","1773275633285","04_Security_Operations","36. Isaac wants to prevent corporate mobile devices from being used outside of his company's buildings and corporate campus. What mobile device management (MDM) capability should he use to allow this?
A: Patch management
B: IP filtering
C: Geofencing
D: Network restrictions",">> CORRECT: C | Geofencing erstellt einen virtuellen geografischen Zaun. Geräte können außerhalb dieses Bereichs gesperrt oder eingeschränkt werden.

 

 Merkhilfe: Geo = Erde/Ort, Fencing = Zaun → ""Ortszaun"". Wie ein unsichtbarer Zaun um das Firmengelände. Sobald das Gerät den Bereich verlässt, greifen Einschränkungen. IP-Filtering filtert nach Netzwerk, nicht nach physischem Standort.","Security Techniques Architecture Models","","","","","0","0","19","0","2500","0","0","1775943272884"
"1773101490304","19cd51419e0","1773275633285","04_Security_Operations","38. Endpoint detection and response has three major components that make up its ability to provide visibility into endpoints. Which of the following is not one of those three parts?
A: Data search
B: Malware analysis
C: Data exploration
D: Suspicious activity detection",">> CORRECT: B | Die drei Kernkomponenten von EDR (Endpoint Detection and Response) sind: (1) Datensammlung/-aufzeichnung, (2) Datensuche/-exploration, (3) Erkennung verdächtiger Aktivitäten. Malware-Analyse gehört nicht dazu.

 

 Merkhilfe: EDR = Erkennen, Durchsuchen, Reagieren. EDR sammelt Daten, durchsucht sie und erkennt Anomalien. Malware-Analyse ist eine separate Disziplin (z.B. in einer Sandbox).","Security Techniques","","","","","0","0","20","0","2500","0","0","1775943272884"
"1773101490305","19cd51419e1","1773275633285","04_Security_Operations","39. Carl has been asked to set up access control for a server. The requirements state that users at a lower privilege level should not be able to see or access files or data at a higher privilege level. What access control model would best fit these requirements?
A: MAC
B: DAC
C: RBAC
D: SAML",">> CORRECT: A | MAC (Mandatory Access Control) = Mandatory Access Control – verwendet Sicherheitsstufen (z.B. Unclassified, Confidential, Secret, Top Secret). Nutzer können nur auf ihre Stufe und darunter zugreifen.

 

 Merkhilfe: MAC = Militär-Modell mit Sicherheitslevels. ""Niedrigere dürfen nicht nach oben schauen"" → Bell-LaPadula: ""No Read Up"". DAC (Discretionary Access Control) = Besitzer entscheidet. RBAC (Role-Based Access Control) = basiert auf Rollen. SAML (Security Assertion Markup Language) ist ein Protokoll, kein Access-Control-Modell.","Identity and Access Management","","","","","0","0","21","0","2500","0","0","1775943272884"
"1773101490306","19cd51419e2","1773275633285","04_Security_Operations","44. Tara is concerned about staff in her organization sending email with sensitive information like customer Social Security numbers (SSNs) included in it. What type of solution can she implement to help prevent inadvertent exposures of this type of sensitive data?
A: FDE
B: DLP
C: S/MIME
D: POP3S",">> CORRECT: B | DLP (Data Loss Prevention) erkennt sensible Datenmuster (wie SSN-Formate) in E-Mails und blockiert deren Versand.

 

 Merkhilfe: DLP = der ""Datenwächter"" an der Tür. FDE (Full Disk Encryption) verschlüsselt nur die Festplatte. S/MIME verschlüsselt E-Mails, verhindert aber nicht das Senden. POP3S ist nur ein E-Mail-Abrufprotokoll.","Data Protection","","","","","0","0","22","0","2500","0","0","1775943272884"
"1773101490307","19cd51419e3","1773275633285","04_Security_Operations","45. Mason is responsible for security at a company that has traveling salespeople. The company has been using ABAC for access control to the network. Which of the following is an issue that is specific to ABAC and might cause it to incorrectly reject logins?
A: Geographic location.
B: Wrong password.
C: Remote access is not allowed by ABAC.
D: Firewalls usually block ABAC.",">> CORRECT: A | ABAC (Attribute-Based Access Control) (Attribute-Based Access Control) trifft Zugriffsentscheidungen basierend auf Attributen – inkl. Standort. Reisende Mitarbeiter wechseln ständig den Standort, was zu fälschlichen Ablehnungen führen kann.

 

 Merkhilfe: ABAC prüft Attribute wie: Wer? Wo? Wann? Welches Gerät? Ein Vertriebler in Tokio hat ein anderes ""Wo"" als erwartet → Zugriff verweigert. Falsches Passwort (B) ist kein ABAC-spezifisches Problem.","Identity and Access Management","","","","","0","0","23","0","2500","0","0","1775943272884"
"1773101490308","19cd51419e4","1773275633285","04_Security_Operations","46. Darrell is concerned that users on his network have too many passwords to remember and might write down their passwords, thus creating a significant security risk. Which of the following would be most helpful in mitigating this issue?
A: Multifactor authentication
B: SSO
C: SAML
D: LDAP",">> CORRECT: B | SSO (Single Sign-On) (Single Sign-On) ermöglicht die Anmeldung mit EINEM Passwort für alle Systeme – weniger Passwörter = weniger aufgeschriebene Zettel.

 

 Merkhilfe: SSO = Single Sign-On = EIN Login für alles. Das Problem ist ""zu viele Passwörter"" → Lösung: weniger Passwörter! MFA (Multi-Factor Authentication) fügt Faktoren hinzu (löst nicht das ""zu viele""-Problem). SAML (Security Assertion Markup Language) und LDAP (Lightweight Directory Access Protocol) sind Technologien, nicht direkte Lösungen für den User.","Identity and Access Management","","","","","0","0","24","0","2500","0","0","1775943272884"
"1773101490309","19cd51419e5","1773275633285","04_Security_Operations","47. Frank is a security administrator for a large company. Occasionally, a user needs to access a specific resource that they don't have permission to access. Which access control methodology would be most helpful in this situation?
A: Mandatory access control (MAC)
B: Discretionary access control (DAC)
C: Role-based access control
D: Rule-based access control",">> CORRECT: D | RBAC (Rule-Based Access Control) ermöglicht es, Regeln zu definieren, die unter bestimmten Bedingungen temporären Zugriff gewähren.

 

 Merkhilfe: Rule-BAC = ""Wenn Bedingung X, dann Zugriff Y."" Ideal für Ausnahmefälle, da Regeln flexibel definiert werden können, ohne die grundlegende Zugriffsstruktur zu ändern. DAC (Discretionary Access Control) = Besitzer entscheidet. MAC (Mandatory Access Control) = Label-basiert. RBAC (Role-Based) = rollenbasiert, nicht regelbasiert.","Identity and Access Management","","","","","0","0","25","0","2500","0","0","1775943272884"
"1773101490310","19cd51419e6","1773275633285","04_Security_Operations","48. Oliver needs to explain the access control scheme used by both the Windows and Linux filesystems. What access control scheme do they implement by default?
A: Role-based access control
B: Mandatory access control
C: Rule-based access control
D: Discretionary access control",">> CORRECT: D | Sowohl Windows (NTFS-Berechtigungen) als auch Linux (chmod/chown) verwenden standardmäßig DAC (Discretionary Access Control) – der Dateibesitzer kann Berechtigungen vergeben.

 

 Merkhilfe: Linux: chmod 755 → der Owner setzt Rechte. Windows: Rechtsklick → Sicherheit → Owner vergibt Berechtigungen. In beiden Fällen entscheidet der Besitzer = DAC. MAC (Mandatory Access Control) wäre SELinux (nicht Standard).","Identity and Access Management","","","","","0","0","26","0","2500","0","0","1775943272884"
"1773101490311","19cd51419e7","1773275633285","04_Security_Operations","49. Stefan just became the new security officer for a university. He is concerned that student workers who work late on campus could try to log in with faculty credentials. Which of the following would be most effective in preventing this?
A: Time-of-day restrictions
B: Usage auditing
C: Password length
D: Credential management",">> CORRECT: A | Zeitbasierte Einschränkungen verhindern Logins außerhalb erlaubter Zeiten. Wenn Studenten nur abends arbeiten, können Faculty-Logins nachts gesperrt werden.

 

 Merkhilfe: Das Problem ist WANN jemand sich einloggt (spät abends). Die Lösung muss also zeitbasiert sein. Auditing erkennt es nur nachträglich (nicht präventiv). Passwortlänge schützt nicht, wenn jemand die Credentials hat.","Identity and Access Management","","","","","0","0","27","0","2500","0","0","1775943272884"
"1773101490312","19cd51419e8","1773275633285","04_Security_Operations","50. Chloe has noticed that users on her company's network frequently have simple passwords made up of common words. Thus, they have weak passwords. How could Chloe best mitigate this issue?
A: Increase minimum password length.
B: Have users change passwords more frequently.
C: Require password complexity.
D: Implement single sign-on (SSO).",">> CORRECT: C | Password Complexity erfordert eine Mischung aus Groß-/Kleinbuchstaben, Zahlen und Sonderzeichen – verhindert einfache Wörter als Passwort.

 

 Merkhilfe: Problem = ""einfache Wörter"" → Lösung = Komplexität erzwingen. Längere Passwörter helfen nicht, wenn es immer noch ""passwortpasswort"" ist. Häufiges Ändern führt zu schlechteren Passwörtern (Passwort1, Passwort2...). Complexity = Sonderzeichen, Zahlen, Groß/Klein.","Identity and Access Management","","","","","0","0","28","0","2500","0","0","1775943272884"
"1773101490313","19cd51419e9","1773275633285","04_Security_Operations","51. A companywide policy is being created to define various security levels. Which of the following systems of access control would use documented security levels like Confidential or Secret for information?
A: RBAC
B: MAC
C: DAC
D: BAC",">> CORRECT: B | MAC (Mandatory Access Control) (Mandatory Access Control) arbeitet mit formalen Sicherheitsstufen wie Unclassified, Confidential, Secret, Top Secret.

 

 Merkhilfe: MAC = Militär-Klassifizierung. Wenn du ""Confidential"" oder ""Secret"" hörst, denk sofort an MAC. Labels/Stufen = MAC. Rollen = RBAC (Role-Based Access Control). Besitzer-Entscheidung = DAC (Discretionary Access Control). BAC existiert nicht als Standardmodell.","Identity and Access Management","","","","","0","0","29","0","2500","0","0","1775943272884"
"1773101490314","19cd51419ea","1773275633285","04_Security_Operations","52. Users in your network are able to assign permissions to their own shared resources. Which of the following access control models is used in your network?
A: DAC
B: RBAC
C: MAC
D: ABAC",">> CORRECT: A | Bei DAC (Discretionary Access Control) (Discretionary Access Control) kann der Besitzer einer Ressource eigenständig entscheiden, wer Zugriff bekommt.

 

 Merkhilfe: ""User vergibt selbst Berechtigungen"" = DAC. Denk an einen Windows-Ordner: Rechtsklick → Freigabe → Du entscheidest, wer zugreifen darf. Bei MAC (Mandatory Access Control) entscheidet das System, bei RBAC (Role-Based Access Control) der Admin über Rollen.","Identity and Access Management","","","","","0","0","30","0","2500","0","0","1775943272884"
"1773101490315","19cd51419eb","1773275633285","04_Security_Operations","53. Cynthia is preparing a new server for deployment, and her process includes turning off unnecessary services, setting security settings to match her organization's baseline configurations, and installing patches and updates. What is this process known as?
A: OS hardening
B: Security uplift
C: Configuration management
D: Endpoint lockdown",">> CORRECT: A | OS Hardening = Betriebssystem härten durch: unnötige Dienste deaktivieren, Sicherheitseinstellungen konfigurieren, Patches installieren.

 

 Merkhilfe: ""Härten"" wie Stahl härten – man entfernt Schwachstellen und macht das System widerstandsfähiger. Die drei Schritte (Dienste aus, Config anpassen, Patches) sind die klassische Hardening-Checkliste.","Security Techniques","","","","","0","0","31","0","2500","0","0","1775943272884"
"1773101490316","19cd51419ec","1773275633285","04_Security_Operations","54. John is performing a port scan of a network as part of a security audit. He notices that the domain controller is using secure LDAP. Which of the following ports would lead him to that conclusion?
A: 53
B: 389
C: 443
D: 636",">> CORRECT: D | LDAPS (Secure LDAP (Lightweight Directory Access Protocol)) verwendet Port 636. Normales LDAP verwendet Port 389.

 

 Merkhilfe: Wichtige Ports merken: 53 = DNS, 389 = LDAP, 443 = HTTPS, 636 = LDAPS. Tipp: 636 = 389 + ""S""icherheit (einfach merken: die höhere Zahl ist die sichere Variante).","Architecture Models Identity and Access Management","","","","","0","0","32","0","2500","0","0","1775943272884"
"1773101490317","19cd51419ed","1773275633285","04_Security_Operations","55. Which of the following access control methods grants permissions based on the user's position in the organization?
A: MAC
B: RBAC
C: DAC
D: ABAC",">> CORRECT: B | RBAC (Role-Based Access Control) (Role-Based Access Control) vergibt Berechtigungen basierend auf der Rolle/Position des Benutzers in der Organisation.

 

 Merkhilfe: ""Position in der Organisation"" = Rolle = RBAC. Ein Buchhalter bekommt Zugriff auf Finanzdaten, ein HR-Mitarbeiter auf Personalakten – basierend auf ihrer Rolle. ABAC (Attribute-Based Access Control) nutzt mehrere Attribute (Standort, Zeit etc.), nicht nur die Position.","Identity and Access Management","","","","","0","0","33","0","2500","0","0","1775943272884"
"1773101490318","19cd51419ee","1773275633285","04_Security_Operations","56. Gary is designing his cloud infrastructure and needs to provide a firewall-like capability for the virtual systems he is running. Which of the following cloud capabilities acts like a virtual firewall?
A: Security groups
B: Dynamic resource allocation
C: VPC endpoints
D: Instance awareness",">> CORRECT: A | Security Groups in der Cloud (AWS, Azure) fungieren als virtuelle Firewalls, die den ein- und ausgehenden Datenverkehr für Instanzen kontrollieren.

 

 Merkhilfe: Security Group = ""Türsteher"" für Cloud-VMs. Sie definieren Regeln wie: ""Port 443 rein erlaubt, alles andere blockiert"" – genau wie eine Firewall. VPC Endpoints verbinden nur mit AWS-Services.","Architecture Models Security Awareness","","","","","0","0","34","0","2500","0","0","1775943272884"
"1773101490319","19cd51419ef","1773275633285","04_Security_Operations","57. Henry is an employee at Acme Company. The company requires him to change his password every three months. He has trouble remembering new passwords, so he keeps switching between just two passwords. Which policy would be most effective in preventing this?
A: Password complexity
B: Password history
C: Password length
D: Multifactor authentication",">> CORRECT: B | Password History speichert die letzten X Passwörter und verhindert deren Wiederverwendung.

 

 Merkhilfe: Henry wechselt zwischen 2 Passwörtern hin und her. Password History merkt sich z.B. die letzten 24 Passwörter → Henry kann nicht einfach zwischen zwei alternieren. Complexity und Length verhindern nicht die Wiederverwendung.","Identity and Access Management","","","","","0","0","35","0","2500","0","0","1775943272884"
"1773101490320","19cd51419f0","1773275633285","04_Security_Operations","63. Ted needs to preserve a server for forensic purposes. Which of the following should he not do?
A: Turn the system off to ensure that data does not change.
B: Remove the drive while the system is running to ensure that data does not change.
C: Leave the machine connected to the network so that users can continue to use it.
D: All of the above.",">> CORRECT: D | Alle drei Optionen sind problematisch für die forensische Sicherung:
• A: Ausschalten verliert volatile Daten (RAM)
• B: Laufende Festplatte entfernen kann Daten beschädigen
• C: Netzwerkverbindung ermöglicht Datenveränderung

 

 Merkhilfe: Forensik-Grundregel: Erst volatile Daten sichern (RAM), dann geordnet herunterfahren, dann Image erstellen. Keiner der genannten Schritte folgt diesem Protokoll.","Incident Response Architecture Models","","","","","0","0","36","0","2500","0","0","1775943272884"
"1773101490321","19cd51419f1","1773275633285","04_Security_Operations","64. Jessica wants to review the network traffic that her Windows system has sent to determine if a file containing sensitive data was uploaded from the system. What Windows log file can she use to find this information?
A: The application log
B: The network log
C: The security log
D: None of the above",">> CORRECT: D | Windows-Netzwerkverkehr wird nicht in Standard-Logdateien aufgezeichnet. Jessica müsste ein Netzwerk-Monitoring-Tool oder Packet Capture verwenden.

 

 Merkhilfe: Windows Event Logs (Security, Application, System) protokollieren Systemereignisse, aber NICHT den Netzwerk-Traffic-Inhalt. Für Netzwerkanalyse braucht man Tools wie Wireshark, NetFlow oder ein SIEM (Security Information and Event Management) mit Netzwerk-Monitoring.","Security Data Sources","","","","","0","0","37","0","2500","0","0","1775943272884"
"1773101490322","19cd51419f2","1773275633285","04_Security_Operations","65. What term is used to describe the documentation trail for control, analysis, transfer, and final disposition of evidence for digital forensic work?
A: Evidence log
B: Paper trail
C: Chain of custody
D: Digital footprint",">> CORRECT: C | Die Chain of Custody (Beweismittelkette) dokumentiert lückenlos, wer wann Zugriff auf Beweismittel hatte.

 

 Merkhilfe: ""Chain"" = Kette – jedes Glied ist eine Person/Übergabe. Wie bei einer Staffel: Wer hatte den Staffelstab wann? Lücken in der Kette = Beweis ungültig vor Gericht. Immer dokumentieren: Wer, Wann, Was, Wo.","Incident Response","","","","","0","0","38","0","2500","0","0","1775943272884"
"1773101490323","19cd51419f3","1773275633285","04_Security_Operations","66. Nathan needs to know how many times an event occurred and wants to check a log file for that event. Which of the following grep commands will tell him how many times the event happened if each occurrence is logged independently in the logfile.txt log file, and uses a unique event ID, event101?
A: grep logfile.txt -n 'event101'
B: grep -c 'event101' logfile.txt
C: grep logfile.txt -c 'event101'
D: grep -c event101 -i logfile.txt",">> CORRECT: B | Der grep-Flag -c zählt die Anzahl der Treffer. Die korrekte Syntax ist: grep [optionen] muster datei.

 

 Merkhilfe: -c = count (zählen). -n = number (Zeilennummern anzeigen, nicht zählen!). Option B hat die korrekte grep-Syntax: Optionen → Muster → Datei. Option C hat die Datei vor dem Flag (technisch funktioniert es manchmal, aber B ist korrekt).","Security Monitoring","","","","","0","0","39","0","2500","0","0","1775943272884"
"1773101490324","19cd51419f4","1773275633285","04_Security_Operations","67. Eric wants to determine how much bandwidth was used during a compromise and where the traffic was directed to. What technology can he implement before the event to help him see this detail and allow him to have an effective bandwidth monitoring solution?
A: A firewall
B: NetFlow
C: Packetflow
D: A DLP",">> CORRECT: B | NetFlow erfasst Metadaten über Netzwerkverkehr: Quelle, Ziel, Menge, Protokoll – ideal für Bandbreitenüberwachung und forensische Analyse.

 

 Merkhilfe: NetFlow = ""Netzwerk-Fluss"" – zeigt wohin der Traffic fließt und wie viel. Entwickelt von Cisco. Ähnlich wie ein Wasserzähler für Netzwerkverkehr. Firewalls blockieren, aber überwachen nicht detailliert. ""Packetflow"" existiert nicht als Standard-Tool.","Architecture Models Data Protection","","","","","0","0","40","0","2500","0","0","1775943272884"
"1773101490325","19cd51419f5","1773275633285","04_Security_Operations","68. Naomi has acquired an image of a drive as part of a forensic process. She wants to ensure that the drive image matches the original. What should she create and record to validate this?
A: A third image to compare to the original and new image
B: A directory listing to show that the directories match
C: A photographic image of the two drives to show that they match
D: A hash of the drives to show that their hashes match",">> CORRECT: D | Ein kryptografischer Hash (MD5, SHA-256) beweist mathematisch, dass das Image eine exakte 1:1-Kopie ist.

 

 Merkhilfe: Hash = digitaler Fingerabdruck. Wenn Original-Hash = Image-Hash → identisch (bit-für-bit). Das ist der Goldstandard in der Forensik. Verzeichnislisten zeigen nicht versteckte Dateien/Slack Space. Fotos beweisen nichts über den Inhalt.","Cryptographic Solutions","","","","","0","0","41","0","2500","0","0","1775943272884"
"1773101490326","19cd51419f6","1773275633285","04_Security_Operations","69. Ryan has been asked to run Nessus on his network. What type of tool has he been asked to run?
A: A fuzzer
B: A vulnerability scanner
C: A WAF
D: A protocol analyzer",">> CORRECT: B | Nessus ist einer der bekanntesten Vulnerability Scanner der Welt – er erkennt Schwachstellen in Systemen und Netzwerken.

 

 Merkhilfe: Nessus = Schwachstellenscanner (von Tenable). Andere bekannte: OpenVAS, Qualys. Fuzzer = sendet zufällige Daten. WAF (Web Application Firewall) = Web Application Firewall. Protocol Analyzer = z.B. Wireshark.","Vulnerability Management Vulnerabilities","","","","","0","0","42","0","2500","0","0","1775943272884"
"1773101490327","19cd51419f7","1773275633285","04_Security_Operations","70. Michelle wants to check for authentication failures on a RedHat Linux-based system. Where should she look for these event logs?
A: /var/log/auth.log
B: /var/log/fail
C: /var/log/events
D: /var/log/secure",">> CORRECT: D | RedHat/CentOS/Fedora nutzen /var/log/secure für Authentifizierungs-Logs. Debian/Ubuntu verwenden /var/log/auth.log.

 

 Merkhilfe: RedHat = /var/log/secure, Debian = /var/log/auth.log. Die Frage sagt explizit ""RedHat"" → also /var/log/secure! /var/log/fail und /var/log/events sind keine Standard-Linux-Logdateien.","Identity and Access Management","","","","","0","0","43","0","2500","0","0","1775943272884"
"1773101490328","19cd51419f8","1773275633285","04_Security_Operations","71. Nelson has discovered malware on one of the systems he is responsible for and wants to test it in a safe environment. Which of the following tools is best suited to that testing?
A: strings
B: scanless
C: Cuckoo
D: Sniper",">> CORRECT: C | Cuckoo Sandbox ist ein Open-Source-Tool zur automatisierten Malware-Analyse in einer isolierten Umgebung.

 

 Merkhilfe: Cuckoo = ""Kuckuck"" – wie ein Kuckucksei wird die Malware in ein fremdes Nest (Sandbox) gelegt und beobachtet. strings zeigt nur Text in Binärdateien. scanless ist für Port-Scans. Cuckoo ist DER Name für Malware-Sandboxing.","Threat Vectors and Attack Surfaces","","","","","0","0","44","0","2500","0","0","1775943272884"
"1773101490329","19cd51419f9","1773275633285","04_Security_Operations","73. Jason is conducting a forensic investigation and has retrieved artifacts in addition to drives and files. What should he do to document the artifacts he has acquired?
A: Image them using dd and ensure that a valid MD5sum is generated.
B: Take a picture of them, label them, and add them to the chain-of-custody documentation.
C: Contact law enforcement to properly handle the artifacts.
D: Engage legal counsel to advise him how to handle artifacts in an investigation.",">> CORRECT: B | Physische Artefakte (nicht nur digitale) müssen fotografiert, beschriftet und in die Chain of Custody aufgenommen werden.

 

 Merkhilfe: ""Artefakte"" (Hardware, USB-Sticks etc.) kann man nicht mit dd imagen – das ist für Festplatten. Fotografieren + Labeln + Chain of Custody = Standard-Forensik-Prozedur für physische Beweismittel.","Incident Response","","","","","0","0","45","0","2500","0","0","1775943272884"
"1773101490330","19cd51419fa","1773275633285","04_Security_Operations","74. Joseph is writing a forensic report and wants to be sure he includes appropriate detail. Which of the following would not typically be included while discussing analysis of a system?
A: Validation of the system clock's time settings
B: The operating system in use
C: The methods used to create the image
D: A picture of the person from whom the system was taken",">> CORRECT: D | Ein forensischer Bericht über die Systemanalyse enthält technische Details – kein Foto der Person, von der das System stammt.

 

 Merkhilfe: Forensischer Bericht = technisch! Systemuhr (A) → wichtig für Timeline. OS (B) → relevant für Analyse. Image-Methode (C) → Dokumentation der Vorgehensweise. Personenfoto (D) → hat mit der technischen Analyse nichts zu tun.","Security Techniques","","","","","0","0","46","0","2500","0","0","1775943272884"
"1773101490331","19cd51419fb","1773275633285","04_Security_Operations","75. Elaine wants to determine what websites a user has recently visited using the contents of a forensically acquired hard drive. Which of the following locations would not be useful for her investigation?
A: The browser cache
B: The browser history
C: The browser's bookmarks
D: Session data",">> CORRECT: C | Bookmarks zeigen nur gespeicherte Favoriten – nicht, welche Seiten kürzlich besucht wurden. Man kann eine Seite bookmarken, ohne sie kürzlich besucht zu haben.

 

 Merkhilfe: Browser History (B) = ""Wo war ich?"" ✓ Cache (A) = gespeicherte Dateien von besuchten Seiten ✓ Session Data (D) = aktive Sitzungen ✓ Bookmarks (C) = ""Was möchte ich mir merken?"" – sagt nichts über kürzliche Besuche aus!","Incident Response","","","","","0","0","47","0","2500","0","0","1775943272884"
"1773101490332","19cd51419fc","1773275633285","04_Security_Operations","76. Susan has discovered evidence of a compromise that occurred approximately five months ago. She wants to conduct an incident investigation but is concerned about whether the data will exist. What policy guides how long logs and other data are kept in most organizations?
A: The organization's data classification policy
B: The organization's backup policy
C: The organization's retention policy
D: The organization's legal hold policy",">> CORRECT: C | Die Retention Policy (Aufbewahrungsrichtlinie) legt fest, wie lange Logs, Backups und andere Daten gespeichert werden.

 

 Merkhilfe: Retention = Aufbewahrung. ""Wie lange behalten wir Daten?"" → Retention Policy. Backup Policy = wie oft gesichert wird (nicht wie lange aufbewahrt). Legal Hold = Sonderfall bei Rechtsstreitigkeiten. Data Classification = wie Daten eingestuft werden.","Incident Response","","","","","0","0","48","0","2500","0","0","1775943272884"
"1773101490333","19cd51419fd","1773275633285","04_Security_Operations","86. Henry records a video of the removal of a drive from a system as he is preparing for a forensic investigation. What is the most likely reason for Henry to record the video?
A: To meet the order of volatility
B: To establish guilt beyond a reasonable doubt
C: To ensure data preservation
D: To document the chain of custody and provenance of the drive",">> CORRECT: D | Video-Dokumentation beweist, dass die Festplatte ordnungsgemäß entnommen und die Chain of Custody eingehalten wurde.

 

 Merkhilfe: Video = lückenlose Dokumentation = Chain of Custody. Es zeigt: welches Laufwerk, aus welchem System, von wem entnommen. Das stärkt die Beweiskraft vor Gericht. Order of Volatility betrifft die Reihenfolge der Datensicherung (RAM vor Festplatte).","Incident Response","","","","","0","0","49","0","2500","0","0","1775943272884"
"1773101490334","19cd51419fe","1773275633285","04_Security_Operations","87. Charlene wants to set up a tool that can allow her to see all the systems a given IP address connects to and how much data is sent to that IP by port and protocol. Which of the following tools is not suited to meet that need?
A: IPFIX
B: IPSec
C: sFlow
D: NetFlow",">> CORRECT: B | IPSec (Internet Protocol Security) ist ein Verschlüsselungsprotokoll für VPNs – es überwacht keinen Netzwerkverkehr! IPFIX, sFlow und NetFlow sind alles Flow-Monitoring-Tools.

 

 Merkhilfe: IPSec = Security (Verschlüsselung), nicht Monitoring. NetFlow (Cisco), sFlow (Multi-Vendor) und IPFIX (standardisiertes NetFlow) analysieren alle den Datenverkehr. IPSec steckt in VPN (Virtual Private Network)-Tunneln und hat mit Traffic-Analyse nichts zu tun.","Enterprise Security","","","","","0","0","50","0","2500","0","0","1775943272884"
"1773101490335","19cd51419ff","1773275633285","04_Security_Operations","88. Tools like PRTG and Cacti that monitor SNMP information are used to provide what type of information for an incident investigation?
A: Authentication logs
B: Bandwidth monitoring
C: System log information
D: Email metadata",">> CORRECT: B | PRTG und Cacti nutzen SNMP, um Bandbreitennutzung und Netzwerkauslastung zu überwachen und grafisch darzustellen.

 

 Merkhilfe: PRTG und Cacti = Netzwerk-Monitoring-Tools mit hübschen Graphen. Sie zeigen: ""Wie viel Traffic fließt wohin?"" SNMP = Gerätedaten abfragen (CPU, Bandbreite, Interface-Status). Nicht für Auth-Logs oder E-Mail-Metadaten geeignet.","Security Monitoring","","","","","0","0","51","0","2500","0","0","1775943272884"
"1773101490336","19cd5141a00","1773275633285","04_Security_Operations","92. Veronica has completed the recovery phase of her organization's incident response plan. What phase should she move into next?
A: Preparation
B: Lessons learned
C: Recovery
D: Documentation",">> CORRECT: B | Die Incident-Response-Phasen nach NIST (National Institute of Standards and Technology): (1) Preparation → (2) Detection & Analysis → (3) Containment, Eradication & Recovery → (4) Post-Incident Activity (Lessons Learned).

 

 Merkhilfe: Nach der Recovery kommt die Nachbesprechung! ""Was haben wir gelernt?"" Die IR (Incident Response)-Reihenfolge: Präparation → Detektion → Containment → Eradication → Recovery → Lessons Learned. Merke: ""PDC-ERL"" oder einfach ""Am Ende lernt man daraus.""","Incident Response","","","","","0","0","52","0","2500","0","0","1775943272884"
"1773101490337","19cd5141a01","1773275633285","04_Security_Operations","93. Michelle has been asked to sanitize a number of drives to ensure that sensitive data is not exposed when systems are removed from service. Which of the following is not a valid means of sanitizing hard drives?
A: Physical destruction
B: Degaussing
C: Quick-formatting the drives
D: Zero-wiping the drives",">> CORRECT: C | Quick-Format löscht nur die Dateisystemtabelle – die Daten bleiben auf der Festplatte und können wiederhergestellt werden!

 

 Merkhilfe: Quick-Format = nur das ""Inhaltsverzeichnis"" wird gelöscht, die ""Seiten"" bleiben lesbar. Tools wie Recuva können Daten nach Quick-Format wiederherstellen. Echte Sanitization: Physische Zerstörung (Schredder), Degaussing (Entmagnetisierung), Zero-Wiping (alle Bits auf 0 setzen).","Data Protection","","","","","0","0","53","0","2500","0","0","1775943272884"
"1773101490338","19cd5141a02","1773275633285","04_Security_Operations","94. Bart is investigating an incident, and needs to identify the creator of a Microsoft Office document. Where would he find that type of information?
A: In the filename
B: In the Microsoft Office log files
C: In the Windows application log
D: In the file metadata",">> CORRECT: D | Microsoft Office speichert Autor, Erstelldatum, Änderungsdatum und mehr in den Datei-Metadaten (Eigenschaften).

 

 Merkhilfe: Rechtsklick → Eigenschaften → Details = Metadaten! Dort steht der Autor, wann erstellt/geändert, welches Programm verwendet wurde. Der Dateiname sagt nichts über den Ersteller. Microsoft Office hat keine separaten Log-Dateien für Dokumenterstellung.","Security Monitoring","","","","","0","0","54","0","2500","0","0","1775943272884"
"1773101490339","19cd5141a03","1773275633285","04_Security_Operations","95. Nathaniel wants to allow Chrome through the Windows Defender firewall. What type of firewall rule change will he need to permit this?
A: Allow TCP 80 and 443 traffic from the system to the Internet.
B: Add Chrome to the Windows Defender Firewall allowed applications.
C: Allow TCP 80 and 443 traffic from the Internet to the system.
D: All of the above.",">> CORRECT: B | Windows Defender Firewall arbeitet anwendungsbasiert – man fügt Chrome als erlaubte App hinzu, statt einzelne Ports zu konfigurieren.

 

 Merkhilfe: Windows Firewall = App-basiert, nicht Port-basiert (wie bei Linux iptables). In Windows: Systemsteuerung → Firewall → ""App durch Firewall zulassen"" → Chrome ankreuzen. Einfach und sicher – man muss keine Ports kennen.","Enterprise Security","","","","","0","0","55","0","2500","0","0","1775943272884"
"1773101490340","19cd5141a04","1773275633285","04_Security_Operations","96. What key forensic tool used to generate reports about what happened relies on correctly set system clocks to work properly?
A: Disk hashing
B: Timelining
C: Forensic disk acquisition
D: File metadata analysis",">> CORRECT: B | Timelining erstellt eine chronologische Abfolge von Ereignissen – dafür müssen die Systemuhren korrekt sein, um Events zeitlich einordnen zu können.

 

 Merkhilfe: Timeline = Zeitlinie. Wenn die Uhr falsch geht, stimmt die ganze Chronologie nicht! Wie ein Krimi, bei dem die Tatzeit falsch ist → alle Alibis sind nutzlos. Disk Hashing und Acquisition brauchen keine genaue Uhrzeit für ihre Funktion.","Incident Response Cryptographic Solutions","","","","","0","0","56","0","2500","0","0","1775943272884"
"1773101490341","19cd5141a05","1773275633285","04_Security_Operations","97. Valerie is writing her organization's forensic playbooks and knows that the state that she operates in has a data breach notification law. Which of the following key items is most likely to be influenced by that law?
A: Whether Valerie calls the police for forensic investigation help
B: The maximum amount of time until she has to notify customers of sensitive data breaches
C: The certification types and levels that her staff have to maintain
D: The maximum number of residents that she can notify about a breach",">> CORRECT: B | Data Breach Notification Laws schreiben vor, INNERHALB welcher Frist Betroffene über einen Datenverlust informiert werden müssen (z.B. 72 Stunden in der DSGVO).

 

 Merkhilfe: Breach Notification Law = ""Wie schnell muss ich Bescheid sagen?"" Die meisten Gesetze definieren eine maximale Benachrichtigungsfrist. Es geht nicht um Polizei, Zertifizierungen oder Personenlimits – sondern um ZEIT.","Incident Response","","","","","0","0","57","0","2500","0","0","1775943272884"
"1773101490342","19cd5141a06","1773275633285","04_Security_Operations","99. Troy wants to review metadata about an email he has received to determine what system or server the email was sent from. Where can he find this information?
A: In the email message's footer
B: In the to: field
C: In the email message's headers
D: In the from: field",">> CORRECT: C | E-Mail-Header enthalten technische Routing-Informationen: welche Server die Mail durchlaufen hat, IP-Adressen, Zeitstempel, SPF (Sender Policy Framework)/DKIM-Ergebnisse.

 

 Merkhilfe: Header = ""Kopfzeile"" mit technischen Details. Die ""From:""-Zeile zeigt nur den Absendernamen (leicht fälschbar!). Die Header zeigen den tatsächlichen Weg der E-Mail – wie ein Poststempel auf einem Brief, der zeigt, durch welche Poststellen er ging.","Enterprise Security","","","","","0","0","58","0","2500","0","0","1775943272884"
"1773101490343","19cd5141a07","1773275633285","04_Security_Operations","100. Isabelle wants to gather information about what systems a host is connecting to, how much traffic is sent, and similar details. Which of the following options would not allow her to perform that task?
A: IPFIX
B: NetFlow
C: NXLog
D: sFlow",">> CORRECT: C | NXLog ist ein Log-Collection-Tool (sammelt und weiterleitet Logs) – es ist KEIN Flow-Monitoring-Tool für Netzwerkverkehr.

 

 Merkhilfe: NXLog = Log-Sammler (wie ein Postbote für Logs). IPFIX, NetFlow und sFlow sind alle Flow-Monitoring-Tools, die Netzwerkverkehr analysieren. NXLog gehört in die Kategorie SIEM (Security Information and Event Management)/Log-Management, nicht Network Monitoring.","Security Monitoring","","","","","0","0","59","0","2500","0","0","1775943272884"
"1773101490344","19cd5141a08","1773275633285","04_Security_Operations","101. Valerie wants to check to see if a SQL injection attack occurred against her web application on a Linux system. Which log file should she check for this type of information?
A: The security log
B: The DNS log
C: The auth log
D: The web server log",">> CORRECT: D | SQL (Structured Query Language) Injection-Angriffe erfolgen über HTTP-Anfragen → diese werden im Webserver-Log (z.B. Apache access.log, Nginx access.log) protokolliert.

 

 Merkhilfe: SQL Injection kommt über die URL/Formulare der Web-App → das sieht der Webserver! Im Log findet man dann verdächtige Einträge wie: GET /page?id=1' OR '1'='1. Security/Auth Logs zeigen Login-Versuche, DNS-Logs zeigen DNS-Anfragen – beides irrelevant für SQLi.","Security Data Sources","","","","","0","0","60","0","2500","0","0","1775943272884"
"1773101490345","19cd5141a09","1773275633285","04_Security_Operations","102. Jean's company is preparing for litigation with another company that they believe has caused harm to Jean's organization. What type of legal action should Jean's lawyer take to ensure that the company preserves files and information related to the legal case?
A: A chain-of-custody demand letter
B: An e-discovery notice
C: A legal hold notice
D: An order of volatility",">> CORRECT: C | Ein Legal Hold (Litigation Hold) verpflichtet eine Organisation, alle relevanten Daten und Dokumente für einen Rechtsstreit aufzubewahren und nicht zu löschen.

 

 Merkhilfe: Legal Hold = ""Rechtliche Sperre"" – niemand darf relevante Daten löschen! Wie ein Richter, der sagt: ""Nichts anfassen!"" E-Discovery ist der Prozess des Findens von Daten (kommt später). Chain of Custody betrifft Beweismittelhandhabung. Order of Volatility ist für forensische Datensicherung.","Incident Response","","","","","0","0","61","0","2500","0","0","1775943272884"
"1773275420000","7MqO5K9s3z","1773275633285","04_Security_Operations","110. Juan's team is in charge of responding to potential phishing attacks and advertises an infosec@example.com email address to his organization to send examples of potential phishing attacks to. Which of the following is not a benefit Juan's team would get from automating the creation of tickets in their support tool based on these emails?
A: The ability to track whether they've been resolved
B: Automated phishing prevention
C: The ability to correlate multiple emails into a single event
D: The ability to trigger additional actions",">> CORRECT: B | Das automatische Erstellen von Tickets verhindert Phishing nicht – es hilft nur bei der Verwaltung und Nachverfolgung.

 

 Merkhilfe: Tickets = Tracking & Organisation, nicht Prävention. A (Tracking), C (Korrelation) und D (weitere Aktionen auslösen) sind echte Vorteile der Automatisierung.","Security Techniques","","","","","2","2","20604","15","2458","4","2","1775943272884"
"1773275420001","9QTbXMpdnY","1773275633285","04_Security_Operations","119. Derek's organization has recently set up a notification process that sends a text message to system administrators when security exception log events occur on the systems they are responsible for. Unfortunately, Derek and his team have received dozens of alerts at all times of the day due to the log event happening for failed logins when users type their passwords incorrectly. What should Derek and his team do next to help with this?
A: Set alert thresholds.
B: Engage in alert tuning.
C: Disable the alerts.
D: Move the alerts to email.",">> CORRECT: B | Alert Tuning bedeutet, die Alarmierungsregeln anzupassen, um Fehlalarme (False Positives) zu reduzieren und relevante Alarme beizubehalten.

 

 Merkhilfe: Tuning = Feinabstimmung. Wie beim Radio – man dreht am Knopf, bis nur noch das richtige Signal kommt. Thresholds allein reichen nicht, da das Grundproblem die Regel selbst ist. Deaktivieren wäre fahrlässig.","Security Monitoring","","","","","2","2","20567","1","3300","4","3","1775943272884"
"1773275420002","DctsMR7RV3","1773275633285","04_Security_Operations","120. Jill wants to configure her IPS to detect a SQL injection attack that has become increasingly common against an open source web application that her organization runs. What information would she need to create a signature for the attack?
A: The source IP address
B: The SQL code
C: The hash of the attack
D: The source port",">> CORRECT: B | Um eine IPS (Intrusion Prevention System)-Signatur für SQL (Structured Query Language) Injection zu erstellen, braucht man den tatsächlichen SQL-Code (das Angriffsmuster), nach dem gesucht werden soll.

 

 Merkhilfe: Signatur = Muster im Datenverkehr. SQL Injection = bösartiger SQL-Code → die Signatur muss diesen Code erkennen. IP-Adressen und Ports ändern sich ständig und sind nicht angriffsspezifisch.","Security Monitoring Enterprise Security","","","","","2","2","20567","1","3100","3","2","1775943272884"
"1773275420003","ezO8V6ABxI","1773275633285","04_Security_Operations","122. Ian wants to deploy multifactor tokens to his organization. Which of the following provides the greatest security?
A: Hardware tokens
B: Application-based tokens
C: SMS multifactor
D: Extended password length",">> CORRECT: A | Hardware-Tokens bieten die höchste Sicherheit, da sie physisch vorhanden sein müssen und nicht remote kompromittiert werden können.

 

 Merkhilfe: Hardware Token (z.B. YubiKey) > App-Token > SMS. SMS ist anfällig für SIM-Swapping. Extended password length ist kein MFA (Multi-Factor Authentication)-Faktor. Hardware = ""Something you have"" in physischer Form.","Identity and Access Management","","","","","2","2","20567","1","1857","2","1","1775943272884"
"1773275420004","aFXtQDOr0J","1773275633285","04_Security_Operations","124. Jake wants to understand the root cause of a security incident. He knows a number of the events that occurred, but he wants to engage other staff members to define the root cause. What common root cause analysis (RCA) technique should he use?
A: The Five W's
B: A fishbone diagram
C: The Five Why's
D: A recursion analysis",">> CORRECT: C | The Five Why's process is well suited to interviews becouse it ask why each time an answer is providet to a root couse.","Security Monitoring","","","","","2","2","20567","1","2900","2","1","1775943272884"
"1773275420005","uJsVQbtVRN","1773275633285","04_Security_Operations","128. Jim wants to ensure that users who are located in his organization's London office have access to the building. What type of access control scheme should he select to best fit this specific need?
A: Rule BAC
B: ABAC
C: Role BAC
D: MAC",">> CORRECT: B | ABAC (Attribute-Based Access Control) ermöglicht Zugriffskontrolle basierend auf Attributen wie dem Standort des Benutzers.

 

 Merkhilfe: ABAC = Attribute (z.B. Standort = London). Rule-BAC nutzt feste Regeln, Role-BAC basiert auf Rollen, MAC (Mandatory Access Control) auf Sicherheitsstufen. Nur ABAC kann flexibel auf Attribute wie ""Standort"" reagieren.","Identity and Access Management","","","","","2","2","20609","9","2774","2","0","1775943272884"
"1773275420006","Su1Jba0D6x","1773275633285","04_Security_Operations","130. Ensuring that inetd services like echo, time, rsh, and telnet are not enabled are all examples of what type of action?
A: Preventing SQL injection
B: Hardening a Linux system
C: Hardening a Windows system
D: Patching insecure services",">> CORRECT: B | inetd ist ein Linux/Unix-Dienst. Das Deaktivieren unnötiger Dienste wie echo, time, rsh und telnet ist klassisches Linux-Hardening.

 

 Merkhilfe: inetd = Internet Daemon → Linux/Unix-spezifisch. Windows nutzt Services.msc. Das Deaktivieren unsicherer Dienste = Härtung (Hardening), nicht Patching (das wäre Aktualisierung).","Security Techniques","","","","","0","0","0","0","2500","0","0","1775943272884"
"1773275420007","lP9WrPnuaW","1773275633285","04_Security_Operations","132. Akio has set the Secure Cookie attribute as part of her web application's process for sending new cookies to users. What does this attribute do?
A: It encrypts the cookie's content when it is stored.
B: It stores the cookie on the server instead of on the remote device.
C: It removes the cookie after it has been used.
D: It requires that the cookie be sent only via HTTPS.",">> CORRECT: D | Das Secure-Attribut stellt sicher, dass der Cookie nur über HTTPS (verschlüsselte Verbindung) gesendet wird.

 

 Merkhilfe: Secure Cookie = nur über sichere (HTTPS) Verbindung. Der Cookie wird NICHT verschlüsselt gespeichert (A), nicht auf dem Server gespeichert (B) und nicht nach Gebrauch gelöscht (C wäre Session-Cookie-Verhalten).","Enterprise Security","","","","","0","0","0","0","2500","0","0","1775943272884"
"1773275420008","CEJVKZDlfo","1773275633285","04_Security_Operations","135. As part of his CI/CD pipeline process, Felix reviews source code manually to identify any flaws or security concerns. What type of process is Felix following?
A: Dynamic analysis
B: Agile code development
C: Static analysis
D: Internal review",">> CORRECT: C | Manuelles Überprüfen von Quellcode ist eine Form der statischen Analyse (Static Analysis), da der Code nicht ausgeführt wird.

 

 Merkhilfe: Statisch = Code wird analysiert ohne Ausführung. Dynamisch = Code wird während der Ausführung getestet. Manuelles Code-Review = statische Analyse. ""Internal review"" klingt ähnlich, ist aber kein Fachbegriff der Sec+.","Security Monitoring","","","","","0","0","0","0","2500","0","0","1775943272884"
"1773275420009","ldNHf7O5hX","1773275633285","04_Security_Operations","137. Alaina has completed the eradication and recovery steps of the incident response process. What step commonly comes after these two phases?
A: A lessons learned session
B: Detection
C: Training
D: A tabletop exercise",">> CORRECT: A | Nach Eradication und Recovery folgt die Lessons Learned-Phase (Post-Incident Activity).

 

 Merkhilfe: IR (Incident Response)-Phasen: Preparation → Detection → Analysis → Containment → Eradication → Recovery → Lessons Learned. Das ist der letzte Schritt, um aus dem Vorfall zu lernen und Prozesse zu verbessern.","Incident Response Security Monitoring","","","","","0","0","0","0","2500","0","0","1775943272884"
"1773275420012","Bwh3Ust5Q0","1773275633285","04_Security_Operations","145. Valentine's organization wants to ensure that users who sign up for their web services are who they claim to be. As part of the process they ask for information like birth date, Social Security number, and previous addresses. What type of activity is Valentine's organization engaging in?
A: Provisioning user accounts
B: Identity proofing
C: Deprovisioning user accounts
D: Social identity",">> CORRECT: B | Identity Proofing ist der Prozess der Überprüfung, ob eine Person tatsächlich die ist, die sie vorgibt zu sein, bevor ein Konto erstellt wird.

 

 Merkhilfe: Proofing = Nachweis/Beweis. Geburtsdatum, SSN, frühere Adressen = Identitätsüberprüfung. Provisioning wäre erst der nächste Schritt (Konto anlegen). Deprovisioning = Konto deaktivieren.","Identity and Access Management","","","","","0","0","0","0","2500","0","0","1775943272884"
"1773275420013","VmyVOU15Mz","1773275633285","04_Security_Operations","146. Sam has completed patching of a critical vulnerability. What step is often performed next to ensure that the patching occurred properly?
A: Noting false positives
B: Rebooting the system
C: Rescanning the system
D: Performing an audit",">> CORRECT: C | Nach dem Patching wird das System erneut gescannt (Rescan/Validation Scan), um sicherzustellen, dass die Schwachstelle tatsächlich behoben wurde.

 

 Merkhilfe: Patch → Rescan = Verify. Wie nach einer Reparatur die Qualitätskontrolle. Ein Audit wäre ein umfassenderer Prozess. Rebooting kann nötig sein, ist aber keine Verifizierung.","Mitigation Techniques","","","","","0","0","0","0","2500","0","0","1775943272884"
"1773275420014","RQnsSOJzSR","1773275633285","04_Security_Operations","148. Alan wants to configure his firewall to allow Microsoft SQL traffic through to the database server from web application servers in a screened subnet design. What is the minimum set of ports that he should port to allow this?
A: TCP 3389 and 1433
B: TCP 1433
C: TCP 8080
D: TCP 139 and 445",">> CORRECT: B | Microsoft SQL (Structured Query Language) Server verwendet standardmäßig TCP Port 1433. Das ist der einzige Port, der für SQL-Datenverkehr benötigt wird.

 

 Merkhilfe: MSSQL = Port 1433. Port 3389 = RDP (Remote Desktop), 8080 = HTTP-Proxy, 139/445 = SMB/NetBIOS. Minimum = nur was nötig ist → nur 1433.","Enterprise Security","","","","","0","0","0","0","2500","0","0","1775943272884"
"1773275420015","sTZCDiOQpw","1773275633285","04_Security_Operations","150. Zhen's new organization has informed him that they used a COPE model for their mobile devices. What does this tell Zhen about what he can do with the device?
A: He can choose what device he uses, but the organization will own it.
B: He will be provided with a device but can use it for reasonable personal use.
C: He will be provided with a device and can only use it for business purposes.
D: He will have to bring his own device but can use it for personal and business use.",">> CORRECT: B | COPE = Corporate-Owned, Personally Enabled. Die Organisation stellt das Gerät bereit, erlaubt aber angemessene persönliche Nutzung.

 

 Merkhilfe: COPE → ""Personally Enabled"" = persönliche Nutzung erlaubt. BYOD = eigenes Gerät (D). CYOD = Choose Your Own Device (A). C wäre ein rein firmeneigenes Gerät ohne persönliche Nutzung.","Security Techniques","","","","","0","0","0","0","2500","0","0","1775943272884"
"1773275420016","b7ApDBrnJH","1773275633285","04_Security_Operations","155. Which of the following methods typically provides the greatest insight into vulnerabilities that exist on systems owned by a company?
A: Penetration tests
B: Authenticated scans
C: Unauthenticated scans
D: Port scans",">> CORRECT: B | Authenticated (credentialed) Scans liefern die umfassendsten Einblicke in Schwachstellen, da sie mit Zugangsdaten auch interne Konfigurationen und installierte Software prüfen können.

 

 Merkhilfe: Authenticated = eingeloggt → sieht alles (wie ein Arzt, der den Patienten untersucht). Unauthenticated = nur von außen sichtbar. Pentests gehen tiefer, aber die Frage fragt nach ""insight into vulnerabilities"" auf eigenen Systemen.","Vulnerability Management","","","","","0","0","0","0","2500","0","0","1775943272884"
"1773275420017","2y8bUKjSR3","1773275633285","04_Security_Operations","163. Bug bounty programs are an example of what type of program?
A: Contracted penetration testing
B: Responsible disclosure
C: Third-party bounty
D: Trusted threat",">> CORRECT: B | Bug-Bounty-Programme sind ein Beispiel für Responsible Disclosure – Sicherheitsforscher melden Schwachstellen verantwortungsvoll und erhalten dafür eine Belohnung.

 

 Merkhilfe: Bug Bounty = ""Finde Bugs, melde sie verantwortungsvoll, bekomme Geld"". Das ist die Definition von Responsible Disclosure. Kein Penetrationstest-Vertrag, da es offene Programme für die Öffentlichkeit sind.","Vulnerability Management","","","","","0","0","0","0","2500","0","0","1775943272884"
"1773275420018","hxOVnB0lnh","1773275633285","04_Security_Operations","168. Hector is concerned about Bluetooth security. Which of the following is a legitimate security concern about Bluetooth?
A: It is not encrypted.
B: Bluetooth is only useful at short range.
C: Bluejacking may occur.
D: Bluetooth devices can be fingerprinted.",">> CORRECT: D | Bluetooth-Geräte können durch ihre eindeutigen Identifikatoren (MAC (Mandatory Access Control)-Adressen) identifiziert und verfolgt werden (Fingerprinting).

 

 Merkhilfe: Bluetooth IS verschlüsselt (A falsch). Kurze Reichweite ist kein Sicherheits-problem (B). Bluejacking ist lästig aber harmlos (nur Nachrichten senden). Fingerprinting ermöglicht Tracking → echtes Sicherheitsrisiko.","Identity and Access Management Cryptographic Solutions","","","","","0","0","0","0","2500","0","0","1775943272884"
"1773275420019","wPekQhHJsk","1773275633285","04_Security_Operations","169. Privileged access management (PAM) tools provide functions for enterprise access management. Which of the following is not a common PAM component?
A: Just-in-time permissions
B: Password vaulting
C: Ephemeral credentials
D: Password persistence",">> CORRECT: C | Password Persistence (dauerhafte Passwörter) ist KEIN PAM (Privileged Access Management)-Konzept – PAM zielt darauf ab, Passwörter zu rotieren und temporär zu machen, nicht dauerhaft zu speichern.

 

 Merkhilfe: PAM = Sicherheit durch Vergänglichkeit. JIT-Permissions (temporär), Password Vaulting (sicher verwahren), Ephemeral Credentials (kurzlebig) sind alle PAM-Konzepte. ""Persistence"" = Gegenteil von PAM-Philosophie.","Identity and Access Management","","","","","0","0","0","0","2500","0","0","1775943272884"
"1773275420020","dxLpSOxtju","1773275633285","04_Security_Operations","170. What role do port scans play in asset tracking?
A: Enumeration of assets.
B: They provide OSINT.
C: Version tracking for assets.
D: They do not play a role in asset tracking.",">> CORRECT: A | Port Scans helfen bei der Enumeration (Aufzählung) von Assets – sie identifizieren, welche Geräte und Dienste im Netzwerk aktiv sind.

 

 Merkhilfe: Port Scan → ""Was ist da?"" = Enumeration. OSINT (Open Source Intelligence) ist öffentlich verfügbare Information (nicht interne Scans). Version Tracking geht über einfache Port Scans hinaus (braucht Vulnerability Scanner).","Vulnerability Management","","","","","0","0","0","0","2500","0","0","1775943272884"
"1773275420021","EB5yRNIH7F","1773275633285","04_Security_Operations","171. A fingerprint is an example of what type of authentication factor?
A: Something you know
B: Something you have
C: Something you are
D: Somewhere you are",">> CORRECT: C | Ein Fingerabdruck ist ein biometrisches Merkmal und gehört zur Kategorie Something you are.

 

 Merkhilfe: Die drei MFA (Multi-Factor Authentication)-Faktoren: Know (Passwort), Have (Token/Karte), Are (Biometrie). Fingerabdruck = Teil deines Körpers = Something you ARE. ""Somewhere you are"" wäre standortbasierte Authentifizierung (z.B. Geofencing).","Identity and Access Management","","","","","0","0","0","0","2500","0","0","1775943272884"
"1773275420022","RA8YGLryOd","1773275633285","04_Security_Operations","172. Dana wants to ensure that her software acquisition process for open source software is as secure as possible. What should she do to validate the security of the open source software?
A: Ensure that the software source code is escrowed.
B: Review the source code for the software.
C: Check dependencies for known vulnerabilities.
D: Purchase the software from a software vendor.",">> CORRECT: C | Bei Open-Source-Software ist das Prüfen der Abhängigkeiten (Dependencies) auf bekannte Schwachstellen der wichtigste Sicherheitsschritt.

 

 Merkhilfe: Open Source = viele Abhängigkeiten (Libraries). Dependency-Check (z.B. mit OWASP (Open Web Application Security Project) Dependency-Check) findet bekannte CVEs. Source-Code-Review (B) ist möglich, aber bei der Masse an Code nicht praktikabel. Escrow (A) ist für Closed Source.","Security Techniques","","","","","0","0","0","0","2500","0","0","1775943272884"
"1773275420023","mY79N8cr62","1773275633285","04_Security_Operations","186. Laura wants to harden an ICS and SCADA devices her organization uses to manage critical infrastructure. The devices are old and unsupported, without recent updates. What hardening techniques are most likely to be available to her to help deal with these devices?
A: Isolation
B: Segmentation
C: Adding host-based firewalls
D: Configuring host-based IPS",">> CORRECT: B |","Architecture Models Security Monitoring","","","","","0","0","0","0","2500","0","0","1775943272884"
"1773275420025","ioYgn2pym9","1773275633285","04_Security_Operations","191. Nick wants to allow email servers to validate that email from his servers is actually from them. What email security framework should he adopt to allow this?
A: DKIM
B: DMARC
C: SPF
D: SMTP",">> CORRECT: C | SPF (Sender Policy Framework) ermöglicht es empfangenden Mailservern zu überprüfen, ob eine E-Mail von einem autorisierten Server der angegebenen Domain stammt.

 

 Merkhilfe: SPF = ""Welche Server dürfen für meine Domain senden?"" (DNS-Eintrag mit IP-Adressen). DKIM (DomainKeys Identified Mail) signiert den Inhalt der E-Mail. DMARC (Domain-based Message Authentication, Reporting and Conformance) kombiniert SPF und DKIM. SMTP (Simple Mail Transfer Protocol) ist nur das Übertragungsprotokoll.","Enterprise Security","","","","","0","0","0","0","2500","0","0","1775943272884"
"1773275420026","6IojzScnKF","1773275633285","04_Security_Operations","192. Jack wants to configure a Linux system to use mandatory access controls. What tool should he select that is commonly used to provide this functionality?
A: Group Policy
B: CIS benchmarks
C: SELinux
D: Containerization",">> CORRECT: C | SELinux (Security-Enhanced Linux) implementiert Mandatory Access Controls (MAC (Mandatory Access Control)) auf Linux-Systemen.

 

 Merkhilfe: SELinux = SEcurity-Enhanced Linux → MAC für Linux. Group Policy = Windows. CIS Benchmarks = Härtungsrichtlinien (kein Tool). Containerization = Isolation, nicht MAC.","Identity and Access Management","","","","","0","0","0","0","2500","0","0","1775943272884"
"1773275420027","3lIn5TJreE","1773275633285","04_Security_Operations","205. Wiping a drive and reinstalling from known good media is an example of what incident response option?
A: Recovery
B: Containment
C: Eradication
D: Root cause elimination",">> CORRECT: C | Das Löschen einer Festplatte und Neuinstallation ist Eradication – die vollständige Beseitigung der Bedrohung vom System.

 

 Merkhilfe: Eradication = Ausrottung/Beseitigung. Wipe + Reinstall = alles Böse wird entfernt. Recovery wäre die Wiederherstellung des normalen Betriebs (kommt danach). Containment = Eindämmung (kommt davor).","Incident Response","","","","","0","0","0","0","2500","0","0","1775943272884"
"1773275420028","cyiV0PJL62","1773275633285","04_Security_Operations","209. Fuzzing is an example of what type of code analysis?
A: Static analysis
B: Code review
C: Pentesting
D: Dynamic analysis",">> CORRECT: D | Fuzzing ist dynamische Analyse – es werden zufällige/unerwartete Eingaben an ein laufendes Programm gesendet, um Fehler zu finden.

 

 Merkhilfe: Fuzzing = Programm läuft + bekommt zufällige Daten → Dynamic (zur Laufzeit). Static = Code wird gelesen, nicht ausgeführt. Fuzzing ist eine automatisierte Technik, kein manueller Pentest.","Security Monitoring","","","","","0","0","0","0","2500","0","0","1775943272884"
"1773275420029","TowdaZgOsk","1773275633285","04_Security_Operations","213. Jake has configured WPA3 Personal for his network. What feature makes WPA3 more secure than WPA2's PSK mode?
A: SAE
B: PKI
C: TLS
D: EAP",">> CORRECT: A | SAE (Simultaneous Authentication of Equals) ersetzt PSK in WPA3 Personal und bietet besseren Schutz, einschließlich Forward Secrecy.

 

 Merkhilfe: WPA3 Personal = SAE statt PSK. SAE schützt auch bei schwachen Passwörtern und verhindert Offline-Wörterbuch-Angriffe. PKI (Public Key Infrastructure) und EAP (Extensible Authentication Protocol) sind für Enterprise-Umgebungen. TLS (Transport Layer Security) ist ein anderes Protokoll.","Cryptographic Solutions","","","","","0","0","0","0","2500","0","0","1775943272884"
"1773275420030","ZHzsBwUxhQ","1773275633285","04_Security_Operations","103. What type of mitigation places a malicious file or application in a safe location for future review or study?
A: Containment
B: Quarantine
C: Isolation
D: Deletion",">> CORRECT: B | Quarantäne verschiebt eine verdächtige/bösartige Datei in einen sicheren Speicherort, wo sie keinen Schaden anrichten kann, aber für Analyse verfügbar bleibt.

 

 Merkhilfe: Quarantäne = ""sicher aufbewahren für spätere Untersuchung"". Containment = Eindämmung eines aktiven Vorfalls. Isolation = Abtrennung eines Systems. Deletion = Löschen (keine Analyse mehr möglich).","Incident Response","","","","","0","0","0","0","2500","0","0","1775943272884"
"1773275420031","1bgOl35R0L","1773275633285","04_Security_Operations","105. Tim wants to check the status of malware infections in his organization using the organization's security information and event management (SIEM) device. What SIEM dashboard will tell him about whether there are more malware infections in the past few days than normal?
A: The alerts dashboard
B: The sensors dashboard
C: The trends dashboard
D: The bandwidth dashboard",">> CORRECT: C | Das Trends-Dashboard zeigt Entwicklungen über einen Zeitraum und ermöglicht den Vergleich aktueller Werte mit dem Normalzustand.

 

 Merkhilfe: Trends = ""mehr als normal?"" → zeitlicher Verlauf/Vergleich. Alerts zeigt aktuelle Alarme. Sensors zeigt den Status der Datenquellen. Bandwidth zeigt Netzwerkauslastung.","Security Monitoring","","","","","0","0","0","0","2500","0","0","1775943272884"
"1773275420032","4gReNgFugW","1773275633285","04_Security_Operations","199. Joe has configured ACLs on a Cisco network device. The ACL he has configured is as follows:

interface ethernet0
 ip access-group 111 in
!
access-list 111 deny tcp any any eq http
access-list 111 permit ip any any
access-list 111 deny tcp any any eq https

What does this ACL do?
A: It blocks HTTP traffic and permits all other IP traffic; the HTTPS deny line is never reached.
B: It blocks both HTTP and HTTPS traffic because both deny statements are present.
C: It permits HTTP traffic and blocks all other traffic by default.
D: It blocks HTTPS traffic first because the most specific ACL entry wins.",">> CORRECT: A | It blocks HTTP traffic and permits all other IP traffic; the HTTPS deny line is never reached.

Die ACL blockiert nur HTTP-Traffic. Die HTTPS-Deny-Regel wird nie erreicht, da die ""permit ip any any""-Regel davor allen anderen Traffic erlaubt.

 

 Merkhilfe: ACLs werden von oben nach unten gelesen. Erste passende Regel gewinnt.","Enterprise Security","","","","","0","0","0","0","2500","0","0","1775943272884"
"1773526588614","FAo@W+.zGZ","1773512697128","03_Security_Architecture","4. What type of system is used to control and monitor power plant power generation systems?
A: IPG
B: SEED
C: SCADA
D: ICD",">> CORRECT: C | SCADA (Supervisory Control and Data Acquisition) wird zur Überwachung und Steuerung industrieller Prozesse wie in Kraftwerken verwendet. 

 Merkhilfe: SCADA = ""Supervisory Control"" -> Überwachen und Steuern großer Industrieanlagen. Denk an ""Skandal"", wenn das Kraftwerk ausfällt.","Architecture Models","","","","","2","2","20567","1","1857","2","1","1775943265308"
"1773526588615","jACtGw9vE@","1773512697128","03_Security_Architecture","5. Geoff wants to establish a contract with a company to have datacenter space that is equipped and ready to go so that he can bring his data to the location in the event of a disaster. What type of disaster recovery site is he looking for?
A: A hot site
B: A cold site
C: A warm site
D: An RTO site",">> CORRECT: C | Ein Warm Site ist technisch ausgestattet, aber die aktuellen Daten fehlen noch und müssen erst eingespielt werden. 

 Merkhilfe: Kalt = Leer. Warm = Hardware da, Daten fehlen. Heiß (Hot) = Alles da, sofort startklar. Geoff hat das Equipment, muss aber ""seine Daten mitbringen"" -> Warm.","Resilience and Recovery","","","","","2","2","20604","6","2458","4","2","1775943265308"
"1773526588616","c7eb5q.NmS","1773512697128","03_Security_Architecture","8. Mike is a security analyst and has just removed malware from a virtual server. What feature of virtualization would he use to return the virtual server to a last known good state?
A: Sandboxing
B: Hypervisor
C: Snapshot
D: Elasticity",">> CORRECT: C | Ein Snapshot speichert den exakten Zustand einer virtuellen Maschine zu einem bestimmten Zeitpunkt, um bei Problemen dahin zurückkehren zu können. 

 Merkhilfe: Snapshot = ""Schnappschuss"". Wie ein Foto friert es den Moment ein, als das System noch gesund war.","Architecture Models Malicious Activity Indicators","","","","","2","2","20603","6","1924","2","0","1775943265308"
"1773526588617","h=vI1RY|rD","1773512697128","03_Security_Architecture","9. Which of the following is not an advantage of a serverless architecture?
A: It does not require a system administrator.
B: It can scale as function call frequency increases.
C: It can scale as function call frequency decreases.
D: It is ideal for complex applications.",">> CORRECT: D | It is ideal for complex applications.

Serverless (Obj 3.1 Architecture) ist ideal fuer event-getriebene, kurzlebige, stateless Funktionen. Weniger ideal fuer: monolithische, langlaufende, stateful oder latenz-kritische Workloads (Cold-Start-Problem, max. Execution-Time pro Invocation, kein persistenter In-Process-State). ""Komplex"" im SY0-701-Kontext meint monolithische Komplexitaet, nicht Workflow-Orchestrierung.

Merkhilfe: Serverless-Staerken: Skalierung auf 0, pay-per-call, kein OS-Patching. Serverless-Schwaechen: lange Laufzeiten, persistenter State, vorhersagbare Performance. Komplexe Monolithen -> klassischer Server/Container.","Architecture Models","","","","","2","2","20603","11","3250","8","5","1775943265308"
"1773526588618","n&+9~g5Cs4","1773512697128","03_Security_Architecture","10. Which of the following is the most important benefit from implementing SDN?
A: It will stop malware.
B: It provides scalability.
C: It will detect intrusions.
D: It will prevent session hijacking.",">> CORRECT: B | Software-Defined Networking (SDN (Software-Defined Networking)) trennt die Steuerungsebene (Control Plane) von der Datenebene, was das Netzwerk extrem skalierbar und agil macht. 

 Merkhilfe: SDN = Skalierbar Durch Netz-Software. Alles wird per Klick zentral und schnell erweitert.","Architecture Models","","","","","2","2","20570","1","1857","2","1","1775943265308"
"1773526588619","nkiB>w7/iC","1773512697128","03_Security_Architecture","11. Derek has been asked to implement his organization's service-oriented architecture as a set of microservices. What does he need to implement?
A: A set of loosely coupled services with specific purposes
B: A set of services that run on very small systems
C: A set of tightly coupled services with custom-designed protocols
D: A set of services using third-party applications",">> CORRECT: A | Microservices sind kleine, eigenständige und lose gekoppelte Dienste, die jeweils eine ganz spezifische Aufgabe erfüllen. 

 Merkhilfe: Micro = klein/spezifisch. Lose gekoppelt bedeutet: Wenn ein Service abstürzt, läuft der Rest munter weiter.","Architecture Models","","","","","2","2","20609","5","3123","4","1","1775943265308"
"1773526588620","qa|Yt,2<@Q","1773512697128","03_Security_Architecture","12. Abigail is responsible for datacenters in a large, multinational company. She has to support multiple datacenters in diverse geographic regions. What would be the most effective way for her to manage these centers consistently across the enterprise?
A: Hire datacenter managers for each center.
B: Implement enterprise-wide SDN.
C: Implement infrastuctur as a Code (IaC).
D: Automate provisioning and deprovisioning.",">> CORRECT: B | Mit Enterprise-wide SDN (Software-Defined Networking) lässt sich die Netzwerkkonfiguration für weltweit verteilte Standorte zentral, konsistent und per Software steuern. 

 Merkhilfe: SDN = Single Dashboard Network (als Eselsbrücke). Eine zentrale Software-Steuerung für alle Rechenzentren weltweit statt vieler lokaler Manager.","Architecture Models","","","","","2","2","20613","44","533","2","0","1775943265308"
"1773526588621","i[jrR9(Ws`","1773512697128","03_Security_Architecture","13. Naomi wahts to secure a real-time operating system RTOS. WHich of the following techniques is best suited to providing RTOS security?
A: Disable the web browser.
B: Install a host firewall.
C: Use secure firmware.
D: Install antimalware software.",">> CORRECT: C | Echtzeitbetriebssysteme (RTOS (Real-Time Operating System)) haben oft limitierte Ressourcen, sodass sichere und signierte Firmware der beste Weg zum Schutz ist. 

 Merkhilfe: RTOS = Real-Time OS. Die Hardware ist oft winzig (z.B. in Maschinen), Antiviren-Software passt nicht rein. Also schützt man das ""Herz"" direkt durch sichere Firmware.","Security Techniques","","","","","2","2","20567","1","2895","3","1","1775943265308"
"1773526588622","Dbx,rSN2s[","1773512697128","03_Security_Architecture","18. George is a network administrator at a power plant. He noticed that several turbines had unusual ramp-up cycles last week. After investigation , he finds that an executable was uploaded to the system control consol and caused this. Which of the following would be most effective in preventing this from affecting the SCADA system in the future?
A: Implement SDN.
B: Improve patch management.
C: Place the SCADA system on a separate VLAN.
D: Implement encrypted data transmissions.",">> CORRECT: C | SCADA (Supervisory Control and Data Acquisition)-Systeme steuern kritische Infrastruktur und sollten durch logische Segmentierung (VLAN (Virtual Local Area Network)) streng vom restlichen Netzwerk getrennt sein. 

 Merkhilfe: SCADA gehört in Quarantäne! Separiere das Kraftwerk-Netz vom Büro-Netz (VLAN), damit keine Schadsoftware aus dem Büro die Turbinen hochdreht.","Architecture Models","","","","","2","2","20603","6","2458","4","2","1775943265308"
"1773526588623","GQbdvDiZY5","1773512697128","03_Security_Architecture","25. Nathaniel has deployed the control infrastructure for his manufacturing plant without a network connection to his other networks. What term describes this type of configuration?
A: Screened subnet
B: Air gap
C: Vaulting
D: A hot aisle",">> CORRECT: B | Ein Air Gap bezeichnet die vollständige physische Isolierung eines Netzwerks von anderen Netzwerken (wie dem Internet). 

 Merkhilfe: Air Gap = ""Luftspalt"". Wo nur Luft zwischen zwei Kabeln ist, kann sich kein Hacker elektronisch durchschleichen.","Architecture Models Security Principles","","","","","2","2","20570","1","2124","3","1","1775943265308"
"1773526588624","I5DtRVE3F=","1773512697128","03_Security_Architecture","28. Mark is responsible for managing his company's load balancer and wants to use a load-balancing scheduling technique that will take into account the current server load and active sessions. Which of the following techniques should he choose?
A: Round-robin
B: Weighted response time
C: Least connection
D: Source IP hashing",">> CORRECT: C | Die ""Least Connection""-Methode leitet neue Anfragen an den Server weiter, der momentan die wenigsten aktiven Verbindungen hat. 

 Merkhilfe: Least = am wenigsten, Connection = Verbindung. Wer gerade am wenigsten am Telefonieren ist, bekommt den nächsten Kunden.","Resilience and Recovery Cryptographic Solutions","","","","","2","2","20603","5","2191","3","1","1775943265308"
"1773526588625","c|<R1Ijjl`","1773512697128","03_Security_Architecture","29. Ramon is building a new web service and is considering which parts of the service should use Transport Layer Security (TLS).
1 Authentication
2 A payment form
3 User data
4 User comments
A: At points 1, 2, and 4
B: At points 2, 3, and 4
C: At points 1, 2, and 3
D: At all points in the infrastructure",">> CORRECT: D | Um Man-in-the-Middle-Angriffe zu verhindern und Daten zu schützen, sollte TLS (Transport Layer Security) (""Zero Trust"") durchgängig in der gesamten Infrastruktur eingesetzt werden.","Security Principles Cryptographic Solutions","","","","","2","2","20608","27","1651","2","0","1775943265308"
"1773526588626","p?k5zFh$M}","1773512697128","03_Security_Architecture","31. Charles wants to use IPSec and needs to be able to determine the IPSec policy for traffic based on the port it is being sent to on the remote system. Which IPSec mode should he use?
A: IPSec tunnel mode
B: IPSec PSK mode
C: IPSec IKE mode
D: IPSec transport mode",">> CORRECT: D | Im Transportmodus wird nur der Payload verschlüsselt, der ursprüngliche IP-Header (samt Ports) bleibt für Routing-Regeln lesbar. 

 Merkhilfe: Transport = Transparenter Kopf. Der Header bleibt sichtbar (Ports sind lesbar). Tunnelmodus verpackt das komplette Paket blickdicht.","Enterprise Security","","","","","2","2","20570","1","1857","2","1","1775943265308"
"1773526588627","tBCF3SjecJ","1773512697128","03_Security_Architecture","32. What two connection methods are used for most geofencing applications?
A: Cellular and GPS
B: USB and Bluetooth
C: GPS and Wi-Fi
D: Cellular and Bluetooth",">> CORRECT: C | Geofencing nutzt in der Regel GPS für die grobe Standortermittlung im Freien und Wi-Fi zur feineren Bestimmung in Innenräumen. 

 Merkhilfe: Geofencing = Virtueller Zaun. Den baut man draußen mit GPS und drinnen mit Wi-Fi auf.","Security Techniques","","","","","2","2","20570","1","1857","2","1","1775943265308"
"1773526588628","o4Kl`FDHpK","1773512697128","03_Security_Architecture","35. What IP address does a load balancer provide for external connections to connect to web servers in a load-balanced group?
A: The IP address for each server, in a prioritized order
B: The load balancer's IP address
C: The IP address for each server in a round-robin order
D: A virtual IP address",">> CORRECT: D | Ein Load Balancer nutzt eine virtuelle IP-Adresse (VIP), um Anfragen von außen anzunehmen und sie intern auf die echten Server-IPs zu verteilen. 

 Merkhilfe: VIP (Virtual IP) = Der Türsteher. Die Kunden kennen nur die Adresse des Türstehers (Load Balancer), nicht die privaten Adressen der Partygäste (Server).","Security Monitoring","","","","","2","2","20613","44","533","2","0","1775943265308"
"1773526588629","d`_|a^QDwb","1773512697128","03_Security_Architecture","37. Tom is responsible for VPN connections in his company. His company uses IPSec for VPNs. What is the primary purpose of AH in IPSec?
A: Encrypt the entire packet.
B: Encrypt just the header.
C: Authenticate the entire packet.
D: Authenticate just the header.",">> CORRECT: C | Das Authentication Header (AH (Authentication Header)) Protokoll in IPSec (Internet Protocol Security) bietet Integrität und Authentizität für das gesamte Paket, verschlüsselt es aber nicht. 

 Merkhilfe: AH = Authentifizierung pur! Wer verschlüsseln will, braucht ESP (Encapsulating Security Payload).","Cryptographic Solutions Enterprise Security","","","","","2","2","20603","6","1924","2","0","1775943265308"
"1773526588630","cmQ!NSus#f","1773512697128","03_Security_Architecture","38. Abigail is responsible for setting up a network-based intrusion prevention system (NIPS) on her network... passive method to get a copy of all traffic to the NIPS... Which of the following would be her best choice?
A: Using a network tap
B: Using port mirroring
C: Setting the NIPS on a VLAN
D: Setting up a NIPS on each segment",">> CORRECT: A | Ein Network Tap ist eine Hardware, die passiv in die Leitung geklemmt wird, um eine exakte Kopie des Traffics für Analysegeräte (wie NIPS) abzugreifen. 

 Merkhilfe: Tap = Abhören (""Wiretap""). Man zapft die physische Leitung an, ohne den Originalverkehr zu stören oder die Hardware stark zu belasten.","Architecture Models Security Monitoring","","","","","2","2","20567","1","3300","4","3","1775943265308"
"1773526588631","D7Jnb0-2~k","1773512697128","03_Security_Architecture","42. Ryan is concerned about the security of his company's web application. Since the application processes confidential data, he is most concerned about data exposure. Which of the following would be the most important for him to implement?
A: WAF
B: TLS
C: NIPS
D: NIDS",">> CORRECT: B | Transport Layer Security (TLS (Transport Layer Security)) verschlüsselt die Daten während der Übertragung (Data in Transit) und schützt sie so vor dem Mitlesen (Data Exposure). 

 Merkhilfe: Exposure verhindern = Geheimschrift nutzen. TLS ist der Standard für verschlüsselte Webverbindungen (HTTPS).","Architecture Models","","","","","2","2","20567","1","1857","2","1","1775943265308"
"1773526588632","lJ2E;GtT2{","1773512697128","03_Security_Architecture","45. Next-generation firewalls include many cutting-edge features. Which of the following is not a common next-generation firewall capability?
A: Geolocation
B: IPS and/or IDS
C: Sandboxing
D: SQL injection",">> CORRECT: D | Eine NGFW (Next-Generation Firewall) bietet fortschrittliche Filter, IPS (Intrusion Prevention System) oder Sandboxing. ""SQL (Structured Query Language) Injection"" ist jedoch eine Angriffsmethode, keine Firewall-Funktion. 

 Merkhilfe: NGFW ist der Bodyguard. SQL Injection ist der Dieb. Die Firewall wehrt den Dieb ab (via WAF (Web Application Firewall)), aber sie bietet ihn nicht als Funktion an.","Enterprise Security Vulnerabilities","","","","","0","0","1661772","0","2500","0","0","1775943265308"
"1773526588633","DH/$o}x|*C","1773512697128","03_Security_Architecture","47. Theresa implements a network-based IDS. What can she do to traffic that passes through the IDS?
A: Review the traffic based on rules and detect and alert about unwanted or undesirable traffic.
B: Review the traffic based on rules and detect and stop traffic.
C: Detec sensitiv data beeing send to the outside world an encrypt it as it passes through the IDS.
D: All of the avove",">> CORRECT: A | Ein Intrusion Detection System (IDS (Intrusion Detection System)) erkennt Angriffe und löst Alarme aus (detect and alert). Es greift nicht aktiv ein, um den Traffic zu stoppen. 

 Merkhilfe: IDS = D wie ""Detect"" (nur gucken und bellen). IPS (Intrusion Prevention System) = P wie ""Prevent"" (zubeißen und blockieren).","Security Monitoring","","","","","0","0","1661773","0","2500","0","0","1775943265308"
"1773526588634","kX>CSs61O!","1773512697128","03_Security_Architecture","51. Jason is considering deploying a network intrusion prevention system (IPS) and wants to be able to detect advanced persistent threats (APTs). What type of IPS detection method is most likely to detect the behaviors of an APT after it has gathered baseline information about normal operations?
A: Signature-based IPS detections
B: Heuristic-based IPS detections
C: Malicious tool hash IPS detections
D: Anomaly-based IPS detections",">> CORRECT: D | Die anomaliebasierte Erkennung lernt erst das normale Verhalten (Baseline) und schlägt Alarm, wenn der Datenverkehr von dieser Norm abweicht. 

 Merkhilfe: Baseline + Abweichung = Anomalie. APTs (ausgeklügelte Hacker) nutzen oft unbekannte Werkzeuge (keine Signatur vorhanden), fallen aber durch seltsames Verhalten auf.","Security Monitoring Malicious Activity Indicators","","","","","0","0","1661774","0","2500","0","0","1775943265308"
"1773526588635","z#xuu(~Vs8","1773512697128","03_Security_Architecture","52. Mila wants to generate a unique digital fingerprint for a file, and needs to choose between a checksum and a hash. Which option should she choose and why should she choose it?
A: A hash, because it is unique to the file
B: A checksum, because it verifies the contents of the file
C: A hash, because it can be reversed to validate the file
D: A checksum, because it is less prone to collisions than a hash",">> CORRECT: A | Ein Hashwert wird kryptografisch berechnet, um einen hochgradig eindeutigen digitalen Fingerabdruck einer Datei zu erstellen (verhindert Manipulationen). 

 Merkhilfe: Hash = fälschungssicherer Personalausweis. Checksumme = nur zum Prüfen einfacher Übertragungsfehler (Tippfehler). Und wichtig: Hashes sind Einwegfunktionen (C ist falsch!).","Cryptographic Solutions","","","","","0","0","1661775","0","2500","0","0","1775943265308"
"1773526588636","lv|=3e[+)B","1773512697128","03_Security_Architecture","55. What element of the CIA triad is geographic dispersion intended to help with?
A: Confidentiality
B: Integrity
C: Assurance
D: Availability",">> CORRECT: D | Die geografische Verteilung (Dispersion) stellt sicher, dass Dienste erreichbar (Availability) bleiben, selbst wenn ein ganzer Standort (z. B. durch Stromausfall) wegbricht. 

 Merkhilfe: CIA (Confidentiality, Integrity, Availability) = Confidentiality, Integrity, Availability. Wenn Rechenzentrum A abbrennt, rettet Rechenzentrum B die *Verfügbarkeit*.","Architecture Models Resilience and Recovery","","","","","0","0","1661776","0","2500","0","0","1775943265308"
"1773526588637","BEH)`^l2H<","1773512697128","03_Security_Architecture","57. Mateo wants to conduct a fail over test for his datacenter. What will he need to do to accomplish this?
A: Turn off all systems in his datacenter.
B: Simulate what would occur during a datacenter outage.
C: Force a fail over using his network or other systems.
D: Cause an outage of a critical system.",">> CORRECT: C | Ein echter Failover-Test erfordert das aktive und kontrollierte Umschalten auf das Backup-System, um zu testen, ob die Redundanz technisch wirklich funktioniert. 

 Merkhilfe: Fail over = Umschalten im Fehlerfall. Testen heißt nicht das ganze Haus physisch anzuzünden (D/A), sondern sicherzustellen, dass das Umschalten klappt.","Resilience and Recovery","","","","","0","0","1661777","0","2500","0","0","1775943265308"
"1773526588638","z6Q?<yf=l6","1773512697128","03_Security_Architecture","58. Casey's organization has proprietary information models that they use to analyze the market that they operate in. What data type best describes this information?
A: Trade secret
B: Regulated
C: Financial information
D: Public information",">> CORRECT: A | Eigene Modelle zur Marktanalyse sind wertvolles geistiges Eigentum und verschaffen einen Wettbewerbsvorteil, weshalb sie als Geschäftsgeheimnis gelten. 

 Merkhilfe: Proprietär + Firmenvorteil = Geschäftsgeheimnis (Trade Secret). Wenn Coca-Cola sein Rezept preisgibt, ist es vorbei mit dem Geheimnis.","Data Protection","","","","","0","0","1661778","0","2500","0","0","1775943265308"
"1773526588639","l6~I>KvQn","1773512697128","03_Security_Architecture","59. Nicole wants to protect her SMTP email exchanges from being read by others while on the wire. What can she implement to protect SMTP?
A: SPF
B: TLS
C: DKIM
D: EXIF",">> CORRECT: B | Transport Layer Security (TLS (Transport Layer Security)) verschlüsselt die SMTP (Simple Mail Transfer Protocol)-Kommunikation ""on the wire"" (während der Übertragung), sodass niemand mitlesen kann. 

 Merkhilfe: On the wire = auf der Leitung. Um den Briefkastenweg abzusichern, brauchst du TLS. SPF (Sender Policy Framework) und DKIM (DomainKeys Identified Mail) prüfen nur die *Echtheit* des Absenders, verschlüsseln aber nicht den Inhalt.","Enterprise Security Cryptographic Solutions","","","","","0","0","1661779","0","2500","0","0","1775943265308"
"1773536533010","t5NQz;oLYg","1773512697128","03_Security_Architecture","62. Asher's organization has created a list of potential customers based on an analysis of their use of their site, buying habits, and ability to spend money on new products. What type of data is a list like this?
A: Legal information
B: Trade secrets
C: Regulated data
D: Classified data",">> CORRECT: B | Diese Liste ist ein Geschäftsgeheimnis (Trade Secret), da sie durch Analyse einen Wettbewerbsvorteil verschafft. 
 Warum die anderen nicht: 
 A (Legal) betrifft Verträge/Gesetze. 
 C (Regulated) sind gesetzlich geschützte Daten wie PII/PHI. 
 D (Classified) ist eine staatliche/militärische Einstufung. 

 Merkhilfe: Trade Secret = Profit durch Geheimwissen.","Data Protection Security Compliance","","","","","0","0","1661883","0","2500","0","0","1775943265308"
"1773536533011","I:cYX6$aa.","1773512697128","03_Security_Architecture","63. Eva wants to deploy a network security device that will provide firewall services as well as IPS and email filtering. Which device should she deploy?
A: A UTM
B: An FWSM
C: A WAF
D: An ELB",">> CORRECT: A | Ein Unified Threat Management (UTM (Unified Threat Management)) bietet Firewall, IPS (Intrusion Prevention System) und Inhaltsfilterung in einem. 
 Warum die anderen nicht: 
 B (FWSM) ist ein reines Firewall-Modul. 
 C (WAF (Web Application Firewall)) schützt nur Web-Apps. 
 D (ELB) dient nur der Lastverteilung. 

 Merkhilfe: UTM = Unified Threat Management. Stell dir ein Schweizer Taschenmesser vor: Firewall, IPS, E-Mail-Filter – alles in einem Gerät. Eva braucht nicht drei Geräte, sondern eins, das alles kann.","Enterprise Security Security Monitoring","","","","","0","0","1661884","0","2500","0","0","1775943265308"
"1773536533012","c9,[jF9,.0","1773512697128","03_Security_Architecture","70. Olivia wants to deploy a new firewall. What type of firewall should she select if the ability to operate at layer 7 is important to her?
A: A WAF
B: An NGFW
C: A stateful firewall
D: A packet filter",">> CORRECT: B | Eine Next-Generation Firewall (NGFW (Next-Generation Firewall)) arbeitet auf Schicht 7 für Deep Packet Inspection. 
 Warum die anderen nicht: 
 A (WAF (Web Application Firewall)) ist nur für Webanwendungen. 
 C (Stateful) arbeitet primär auf Layer 3/4. 
 D (Packet filter) ist einfache Schicht-3-Filterung. 

 Merkhilfe: NGFW = Next-Gen sieht die App (L7).","Enterprise Security","","","","","0","0","1661885","0","2500","0","0","1775943265308"
"1773536533013","or3M|$`R(`","1773512697128","03_Security_Architecture","72. What failure mode is typically preferred for in-line network taps?
A: Fail-open
B: Fail over
C: Fail-closed
D: Fail-reset",">> CORRECT: A | In-line Taps sollten 'Fail-open' sein, damit der Verkehr bei Ausfall weiterfließt (Verfügbarkeit). 
 Warum die anderen nicht: 
 C (Fail-closed) würde das Netzwerk trennen. 
 B (Fail over) ist ein Umschaltmechanismus. 
 D (Fail-reset) ist ein Neustart. 

 Merkhilfe: Stell dir einen Tap wie eine Wasserleitung vor: Wenn das Messgerät kaputt geht, soll das Wasser trotzdem weiterfließen (open), nicht gestoppt werden (closed). Netzwerk-Verfügbarkeit geht vor.","Architecture Models","","","","","0","0","1661886","0","2500","0","0","1775943265308"
"1773536533014","g24EC`;d8#","1773512697128","03_Security_Architecture","73. What key network technology is the core of an SASE implementation?
A: TLS
B: VLANs
C: IPSec
D: SD-WAN",">> CORRECT: D | SD-WAN (Software-Defined Wide Area Network) ist das Herzstück von SASE (Secure Access Service Edge) zur Cloud-Anbindung. 
 Warum die anderen nicht: 
 A, B und C sind Sicherheitsprotokolle oder Segmentierungstechniken, aber nicht das strukturelle Fundament von SASE. 

 Merkhilfe: SASE ist wie ein Amazon-Paket: SD-WAN ist der Lieferwagen (das Transportnetz), und Security-Funktionen sind die Verpackung drumherum. Ohne Lieferwagen kommt nichts an.","Architecture Models Cryptographic Solutions","","","","","0","0","1661887","0","2500","0","0","1775943265308"
"1773536533015","iW3T^{f_Z?","1773512697128","03_Security_Architecture","74. Mikayla wants to prevent unauthorized users from plugging network devices into her wired network. What control would be most effective for this if she needs Ethernet jacks to be available in publicly accessible spaces for her staff to plug devices in as they move around the facility, but also wants to ensure those devices are secure?
A: NAC
B: Port security
C: IPS
D: Jump servers",">> CORRECT: A | Network Access Control (NAC (Network Access Control)) erlaubt dynamische Prüfung und Authentifizierung. 
 Warum die anderen nicht: 
 B (Port security) ist zu starr (statische MACs). 
 C (IPS (Intrusion Prevention System)) erkennt Angriffe, regelt aber keinen Zugang. 
 D (Jump server) schützt den Zugriff auf Server, nicht den Netzwerkanschluss. 

 Merkhilfe: NAC = Netzwerk-Ausweiskontrolle. Stell dir einen Clubeingang vor: Jeder muss seinen Ausweis zeigen (Authentifizierung), bevor er reingelassen wird. Port Security wäre wie eine feste Gästeliste – zu unflexibel für wechselnde Besucher.","Enterprise Security","","","","","0","0","1661888","0","2500","0","0","1775943265308"
"1773536533016","zV>w/(iJb6","1773512697128","03_Security_Architecture","81. Pete's organization has had a system fail and Pete wants to recover from backup. Which of the following backup methods will typically result in the fastest restoration timeframe?
A: Snapshots
B: Replication
C: Journaling
D: Tape backup",">> CORRECT: B | Replikation bietet eine Live-Kopie und somit die schnellste Wiederherstellung. 
 Warum die anderen nicht: 
 A (Snapshots) brauchen oft die Basisdaten. 
 C (Journaling) muss Logs zeitaufwendig nachspielen. 
 D (Tape) ist mechanisch langsam. 

 Merkhilfe: Replication ist wie ein Zwilling, der alles in Echtzeit mitmacht. Backup ist wie ein Tagebuch von gestern – du musst erst blättern. Wenn du SOFORT wieder stehen willst, brauchst du den Zwilling.","Resilience and Recovery","","","","","0","0","1661889","0","2500","0","0","1775943265308"
"1773536533017","z/(iNqUKZu","1773512697128","03_Security_Architecture","83. Theresa's organization operates in multiple countries. She knows that there are different laws that apply to her organization's use of data in each country they operate in. What concept describes this?
A: Obfuscation
B: Legal hold
C: Data sovereignty
D: Geographic restrictions",">> CORRECT: C | Data Sovereignty bedeutet, dass Daten den Gesetzen des Speicherortes unterliegen. 
 Warum die anderen nicht: 
 A (Obfuscation) ist Unkenntlichmachung. 
 B (Legal hold) ist Beweissicherung. 
 D (Geographic restrictions) sind meist technische Zugriffssperren. 

 Merkhilfe: Data Sovereignty – 'Sovereign' wie der König. Wo deine Daten liegen, gelten die Gesetze dieses Landes. Daten in Deutschland? Deutsches Recht. In den USA? US-Recht. Der König des Landes bestimmt.","Data Protection","","","","","0","0","1661890","0","2500","0","0","1775943265308"
"1773536533018","Ajo~OIso.?","1773512697128","03_Security_Architecture","84. Hrant is deploying a network tap that supports an IPS for monitoring. If he wants to ensure that his organization's security remains the same even if the tap and IPS fails, and prefers downtime to a lack of monitoring, what type of failure mode and monitoring deployment should he select?
A: In-line, fail-closed
B: In-line, fail-open
C: Tap, fail-closed
D: Tap, fail-open",">> CORRECT: A | In-line mit Fail-closed garantiert, dass kein unüberwachter Datenverkehr fließt. 
 Warum die anderen nicht: 
 B (Fail-open) lässt Verkehr ohne IPS (Intrusion Prevention System) durch (Sicherheitsverlust). 
 C/D (Tap) ist oft passiv und kann den Verkehr bei Ausfall meist nicht aktiv stoppen. 

 Merkhilfe: Hrant will lieber KEIN Netz als ein UNSICHERES Netz. Fail-closed ist wie ein Burgtor, das bei Alarm zufällt – keiner kommt rein oder raus. Besser Stillstand als blinder Fleck.","Security Monitoring Architecture Models","","","","","0","0","1661891","0","2500","0","0","1775943265308"
"1773536533019","v13=y]Z^AA","1773512697128","03_Security_Architecture","88. Alaina is planning how to staff her warm site in the case of a natural disaster that disables her primary site. What concern is most likely to impact her capacity planning for staff in this scenario?
A: Whether staff will be able to reach the site
B: Whether staff will be impacted by the disaster
C: Whether the site will be impacted by the disaster
D: Whether generator fuel will be available",">> CORRECT: B | Wenn Mitarbeiter selbst vom Desaster betroffen sind, können sie nicht arbeiten. 
 Warum die anderen nicht: 
 A ist ein Logistikproblem, B ist das fundamentale Kapazitätsproblem. 
 C betrifft die Infrastrukturplanung. 
 D ist ein Versorgungsthema. 

 Merkhilfe: Stell dir ein Erdbeben vor: Alaina hat eine Warm Site bereit, aber ihre Leute sind selbst unter Trümmern oder evakuiert. Ohne Menschen hilft die beste Technik nichts – zuerst prüfen, ob das Team überhaupt einsatzfähig ist.","Resilience and Recovery","","","","","0","0","1661892","0","2500","0","0","1775943265308"
"1773536533020","D%1uK~3`Jp","1773512697128","03_Security_Architecture","89. Which of the following is not a common type of incident response exercise?
A: Drills
B: Simulations
C: Tabletop
D: Walk-throughs",">> CORRECT: A | Drills sind seltener in der IT-IR als die diskursiven/simulativen Methoden B, C und D. 
 Warum die anderen nicht: 
 Tabletop, Walk-throughs und Simulationen sind die Standard-Trainings für IT-Teams. 

 Merkhilfe: IT trainiert Köpfe (Tabletop), keine Beine (Drill).","Incident Response","","","","","0","0","1661893","0","2500","0","0","1775943265308"
"1773536533021","jt8akVSUk~","1773512697128","03_Security_Architecture","91. Yuri wants to use an off-site backup location. What challenge can off-site backup locations create for organizations?
A: It is difficult to validate the integrity of the backups.
B: Retrieving the backups may slow down recovery.
C: The backups cannot be easily updated.
D: Off-site backups may be impacted by the same disaster.",">> CORRECT: B | Die Entfernung verzögert den Datentransport zurück ins Zentrum (RTO (Recovery Time Objective)). 
 Warum die anderen nicht: 
 A (Integrität) kann man remote prüfen. 
 C (Updates) gehen über Netzwerkleitungen. 
 D ist durch Standortwahl vermeidbar. 

 Merkhilfe: Weit weg = Sicher, aber langsam zurück.","Resilience and Recovery","","","","","0","0","1661894","0","2500","0","0","1775943265308"
"1773536533022","d/~.U{#Aig","1773512697128","03_Security_Architecture","92. Which of the following is a common part of technology capacity planning for resilience?
A: Cross-training staff
B: Using load balancers
C: Using multiple geographically diverse datacenters
D: Deploying uninterruptible power supplies",">> CORRECT: B | Load Balancer verteilen die Last und halten Systeme bei Serverausfällen kapazitätsstabil. 
 Warum die anderen nicht: 
 A betrifft Personal. 
 C und D betreffen Redundanz/Strom, nicht direkt die Kapazitätsverteilung. 

 Merkhilfe: Load Balancer ist wie ein Kellner, der Gäste gleichmäßig auf freie Tische verteilt. Fällt ein Tisch (Server) weg, setzt er neue Gäste einfach an die verbleibenden – die Kapazität bleibt stabil.","Architecture Models Security Awareness","","","","","0","0","1661895","0","2500","0","0","1775943265308"
"1773536533023","exvH/z*GnK","1773512697128","03_Security_Architecture","94. What is the biggest downside of using journaling as part of a backup restoration process?
A: Larger volumes of data may be lost.
B: The time it takes to restore from a journal.
C: Journals cannot be encrypted for security.
D: Journaling does not support live databases.",">> CORRECT: B | Das serielle Nachspielen von Log-Einträgen dauert sehr lange. 
 Warum die anderen nicht: 
 A ist falsch (Journaling ist sehr präzise). 
 C und D sind technisch möglich bzw. unterstützt. 

 Merkhilfe: Journaling ist wie ein Tagebuch-Replay: Du musst jeden einzelnen Eintrag seit dem letzten Backup nochmal durchspielen. Bei 10.000 Einträgen dauert das ewig – das ist der Nachteil.","Resilience and Recovery Cryptographic Solutions","","","","","0","0","1661896","0","2500","0","0","1775943265308"
"1773536533024","A81n@JnD=C","1773512697128","03_Security_Architecture","97. Which of the following is not a commonly used business data classification?
A: Sensitive
B: Confidential
C: Top Secret
D: Public",">> CORRECT: C | Top Secret ist militärisch/staatlich, nicht im Business üblich. 
 Warum die anderen nicht: 
 A, B und D sind Standard-Kategorien für Firmen-Daten. 

 Merkhilfe: Top Secret gehört zu James Bond und der Regierung, nicht in die Firma. Business-Klassifikationen heißen Sensitive, Confidential, Public – ohne Geheimagenten.","Data Protection","","","","","0","0","1661897","0","2500","0","0","1775943265308"
"1773536533025","J-P9$jwEHU","1773512697128","03_Security_Architecture","99. What layer is Layer 7 in the OSI model?
A: The physical layer
B: The application layer
C: The transport layer
D: The session layer",">> CORRECT: B | Layer 7 ist die Anwendungsebene (Application). 
 Warum die anderen nicht: 
 A (Physical) ist L1. 
 C (Transport) ist L4. 
 D (Session) ist L5. 

 Merkhilfe: Merke: 'Alle Politiker Sind Taube Nuss-Diebe, Punkt!' – Application, Presentation, Session, Transport, Network, Data Link, Physical. Application steht ganz oben bei Layer 7.","Security Principles","","","","","0","0","1661898","0","2500","0","0","1775943265308"
"1773536533026","rMSb/7rl(O","1773512697128","03_Security_Architecture","101. What term best describes a set of loosely coupled, fine-grained services that communicate via lightweight protocols, allowing organizations to easily build new services without additional dependencies or infrastructure?
A: Containerization
B: IoT
C: Software-defined infrastructure
D: Microservices",">> CORRECT: D | Microservices sind kleine, lose gekoppelte Dienste. 
 Warum die anderen nicht: 
 A (Container) ist die Verpackungstechnik. 
 B (IoT (Internet of Things)) sind Hardware-Geräte. 
 C ist die Basis-Infrastruktur. 

 Merkhilfe: Microservices sind wie eine Band: Jeder Musiker (Service) spielt sein eigenes Instrument und kann ausgetauscht werden, ohne dass die Band aufhört. Container wäre nur der Instrumentenkoffer.","Architecture Models","","","","","0","0","1661899","0","2500","0","0","1775943265308"
"1773536533027","vjP=_FW1zH","1773512697128","03_Security_Architecture","102. What type of backup is done to update a full backup with changes made after the full backup occurred?
A: Incremental
B: Partial
C: Daily
D: Snapshots",">> CORRECT: A | Inkrementell sichert alles seit dem letzten Backup. 
 Warum die anderen nicht: 
 B, C und D sind keine Standard-Backup-Methoden zur Ergänzung eines Full-Backups in diesem Sinne. 

 Merkhilfe: Incremental = 'Was ist NEU seit letztem Mal?' Denk an eine Fotogalerie: Das Full-Backup ist das Albumfoto, Incremental sind nur die neuen Fotos seitdem. Spart Platz und Zeit.","Resilience and Recovery","","","","","0","0","1661900","0","2500","0","0","1775943265308"
"1773536533028","GS4#2L,0bF","1773512697128","03_Security_Architecture","104. Zhuri wants to ensure that her organization's datacenter remains online during an extended power outage. What power resilience option is best suited to extended outages?
A: Generators
B: Solar
C: UPS
D: PDUs",">> CORRECT: A | Generatoren laufen tagelang mit Treibstoff. 
 Warum die anderen nicht: 
 B (Solar) ist wetterabhängig. 
 C (UPS (Uninterruptible Power Supply)) hält nur Minuten/Stunden. 
 D (PDU (Power Distribution Unit)) verteilt nur Strom. 

 Merkhilfe: Generator ist wie ein Marathon-Läufer mit einem Rucksack voller Energieriegel (Diesel). UPS ist der Sprinter – schnell da, aber nach 100 Metern platt. Bei langem Stromausfall brauchst du den Marathon-Läufer.","Resilience and Recovery","","","","","0","0","1661901","0","2500","0","0","1775943265308"
"1773536533029","msTFhw%28c","1773512697128","03_Security_Architecture","105. Cesar wants to ensure that his organization's SCADA and ICS devices remain secure. What is the most effective way to ensure that network attacks cannot impact his operation's critical infrastructure?
A: Separate VLANs
B: TLS
C: Physical isolation
D: SDN",">> CORRECT: C | Physical isolation (Air Gap) ist der ultimative Schutz gegen Netzangriffe. 
 Warum die anderen nicht: 
 A (VLAN (Virtual Local Area Network)) ist nur logisch getrennt. 
 B (TLS (Transport Layer Security)) verschlüsselt nur. 
 D (SDN (Software-Defined Networking)) ist Software-Management. 

 Merkhilfe: Air Gap = Burggraben ohne Zugbrücke. Wenn kein Kabel, kein WLAN, GAR NICHTS die SCADA (Supervisory Control and Data Acquisition)-Anlage mit dem Internet verbindet, kann sich auch kein Hacker reinschleichen. Totale physische Trennung.","Architecture Models Security Principles","","","","","0","0","1661902","0","2500","0","0","1775943265308"
"1773536533030","za7|9fPWVd","1773512697128","03_Security_Architecture","109. Malia wants to protect data in use. Which technique is not a good solution to ensuring that data in use is protected?
A: Encryption
B: Control access to the data
C: Hashing data
D: Limiting where data is processed",">> CORRECT: C | Hashing prüft nur Integrität, schützt aber nicht das aktive Datum vor Zugriff. 
 Warum die anderen nicht: 
 A, B und D sind reale Schutzmaßnahmen für 'Data in Use'. 

 Merkhilfe: Hashing ist wie ein Fingerabdruck: Er beweist, dass DU es bist (Integrität), aber er schützt dich nicht vor Regen (Zugriff). Für Schutz von 'Data in Use' brauchst du einen Regenschirm (Encryption/Access Control).","Cryptographic Solutions Data Protection","","","","","0","0","1661903","0","2500","0","0","1775943265308"
"1773536533031","qj+zT&GP^}","1773512697128","03_Security_Architecture","110. Lisa wants to ensure that her organization's datacenter can properly handle short power disruptions and temporary undervoltage events. What power resilience solution is best suited to her needs?
A: Generators
B: UPS systems
C: PDUs
D: Solar power",">> CORRECT: B | UPS (Uninterruptible Power Supply) (USV) glättet Schwankungen und überbrückt kurze Ausfälle. 
 Warum die anderen nicht: 
 A (Generatoren) brauchen Anlaufzeit. 
 C und D lösen das Problem der Spannungsspitzen/Brownouts nicht. 

 Merkhilfe: UPS ist wie ein Stoßdämpfer im Auto: Kleine Schlaglöcher (Spannungsschwankungen) werden sofort abgefedert. Aber für eine Bergstraße (langer Stromausfall) brauchst du einen anderen Motor (Generator).","Resilience and Recovery","","","","","0","0","1661904","0","2500","0","0","1775943265308"
"1773536533032","srISdE1u@f","1773512697128","03_Security_Architecture","111. Valentine has containerized her applications. What will not be part of the container?
A: The operating system
B: The application
C: Needed libraries
D: Configuration files",">> CORRECT: A | Container teilen sich den Kernel des Hosts und enthalten kein volles OS. 
 Warum die anderen nicht: 
 B, C und D müssen im Container sein, damit er läuft. 

 Merkhilfe: Container = WG-Zimmer. Du hast dein eigenes Zimmer (App, Libs, Config), aber Küche und Bad (OS-Kernel) teilen sich alle. Deshalb ist das Betriebssystem NICHT im Container.","Architecture Models","","","","","0","0","1661905","0","2500","0","0","1775943265308"
"1773536533033",")|6MHXWHn","1773512697128","03_Security_Architecture","112. Jaime wants to manage connectivity, including both MPLS and broadband Internet services, for her organization. What technology should she select to enable her to manage multiple connection types using a software-based control system?
A: SASE
B: SDN
C: SD-WAN
D: VSAN",">> CORRECT: C | SD-WAN (Software-Defined Wide Area Network) managed verschiedene WAN-Leitungen per Software. 
 Warum die anderen nicht: 
 A (SASE (Secure Access Service Edge)) ist das Gesamtpaket inkl. Security. 
 B (SDN (Software-Defined Networking)) ist für lokale Netze. 
 D (VSAN) ist Speicher. 

 Merkhilfe: SD-WAN ist wie ein intelligentes Navi für deine Leitungen: MPLS (Multiprotocol Label Switching)-Autobahn verstopft? Nimm die Broadband-Landstraße! Die Software entscheidet in Echtzeit, welcher Weg der beste ist.","Enterprise Security Security Principles","","","","","0","0","1661906","0","2500","0","0","1775943265308"
"1773536533034","w&IYwi~n_Q","1773512697128","03_Security_Architecture","114. Contracts, NDAs, and SOWs are all examples of what type of data?
A: Legal information
B: Trade secrets
C: Regulated
D: Financial",">> CORRECT: A | Diese Dokumente sind juristische Unterlagen. 
 Warum die anderen nicht: 
 B (Secrets) sind Know-how. 
 C (Regulated) sind PII/PCI. 
 D (Financial) sind Bilanzen. 

 Merkhilfe: NDAs, Verträge, SOWs – das sind alles Papiere, die ein Anwalt aufsetzen würde. Wenn es eine Unterschrift braucht und vor Gericht landen könnte, ist es 'Legal Information'.","Security Compliance","","","","","0","0","1661907","0","2500","0","0","1775943265308"
"1773536533035","c5ab2Kk;!m","1773512697128","03_Security_Architecture","115. Jackson has deployed a next-generation firewall. Which of the following features is most likely to help him prevent new attacks without having to create individual rules to stop them?
A: Threat feeds
B: Application awareness
C: Deep packet inspection
D: High throughput",">> CORRECT: A | Threat Feeds updaten Bedrohungen automatisch ohne manuelle Regeln. 
 Warum die anderen nicht: 
 B und C sind Funktionen, brauchen aber oft Regeln. 
 D ist reine Performance. 

 Merkhilfe: Threat Feeds sind wie ein Abo für Verbrecherfotos: Die Polizei (Feed) schickt der Firewall täglich neue Fahndungsbilder, ohne dass Jackson selbst Steckbriefe malen muss. Automatisch aktuell.","Architecture Models Security Awareness","","","","","0","0","1661908","0","2500","0","0","1775943265308"
"1773536533036","Q8GQU,M-yt","1773512697128","03_Security_Architecture","117. What technologies are most frequently used to help enforce geographic restrictions?
A: Wi-Fi and Bluetooth
B: GPS and Wi-Fi
C: GPS and encryption
D: DNS and GPS",">> CORRECT: B | GPS (Outdoor) und Wi-Fi (Indoor) sind die Standard-Methoden für Geofencing. 
 Warum die anderen nicht: 
 Bluetooth ist zu ungenau/nah. 
 Encryption und DNS lokalisieren nicht präzise. 

 Merkhilfe: GPS + Wi-Fi = Wo bin ich?","Enterprise Security","","","","","0","0","1661909","0","2500","0","0","1775943265308"
"1773536533037","PzSX-|@l$N","1773512697128","03_Security_Architecture","118. In the cloud responsibility matrix, what three areas is the provider always responsible for in an IaaS environment?
A: Data, devices, and accounts
B: Identities, applications, and network controls
C: Operating systems, applications, and physical hosts
D: Datacenters, networks, and physical hosts",">> CORRECT: D | Der IaaS (Infrastructure as a Service)-Provider stellt die physische Schicht. 
 Warum die anderen nicht: 
 A, B und C liegen (teilweise) in der Verantwortung des Kunden (Data/OS/Apps). 

 Merkhilfe: Denk an IaaS wie ein gemietetes Grundstück: Der Vermieter (Provider) kümmert sich um den Boden (Datacenter), die Straße (Netzwerk) und den Zaun (Physical Hosts). Alles was DU drauf baust, ist DEINE Sache.","Architecture Models","","","","","0","0","1661910","0","2500","0","0","1775943265308"
"1773536533038","I<s|JxeuBs","1773512697128","03_Security_Architecture","119. Kirk's organization contracts with a cloud service provider. Kirk is concerned about third-party vendors that his cloud service provider uses. How can Kirk best address these concerns?
A: Through direct contracts with the third-party vendors
B: By requiring regular audits of third-party vendors
C: Through the contract with his cloud service provider
D: By performing vulnerability scans of the third-party vendors",">> CORRECT: C | Man kann nur mit seinem Vertragspartner Regelungen für dessen Subunternehmer treffen. 
 Warum die anderen nicht: 
 A ist rechtlich nicht möglich. 
 B und D darf man oft nicht direkt bei Dritten machen. 

 Merkhilfe: Vertrag mit dem Partner bindet Helfer.","Risk Management Architecture Models","","","","","0","0","1661911","0","2500","0","0","1775943265308"
"1773618881052","FQ)sSHr=RZ","1773512697128","03_Security_Architecture","121. Which of the following best describes replication as a resilience strategy?
A: It makes a complete backup copy of live data that can be restored from media if needed, then journaled changes can be replayed to catch up to the moment of failure.
B: It creates a continuous copy of live data either asynchronously or synchronously.
C: It uses a series of snapshots to provide disaster recovery for virtual machines.
D: It requires high-speed media to keep up with live data.",">> CORRECT: B | Replikation erzeugt eine kontinuierliche Kopie von Live-Daten in Echtzeit oder fast in Echtzeit. 
 Warum die anderen nicht: 
 A ist ein klassisches Backup/Restore-Verfahren. 
 C beschreibt punktuelle Snapshots. 
 D ist eine technische Anforderung, keine Strategie. 

 Merkhilfe: Replication = Echtzeit-Doppelgänger. Synchron heißt: dein Zwilling macht alles GLEICHZEITIG mit. Asynchron: er kopiert mit ein paar Sekunden Verzögerung nach. In beiden Fällen: kontinuierlich, nicht punktuell.","Resilience and Recovery","","","","","0","0","1661928","0","2500","0","0","1775943265308"
"1773618881053","BN!?5/]<W%","1773512697128","03_Security_Architecture","122. Sade works for a large organization that wants to ensure that their connectivity is properly secured. What type of security device should she select if throughput and advanced security capabilities are both important factors in selection?
A: A UTM device
B: An NGFW device
C: A WAF
D: A proxy server",">> CORRECT: B | NGFW (Next-Generation Firewall) bietet hohen Durchsatz bei gleichzeitig tiefgehenden Sicherheitsfunktionen (Deep Packet Inspection). 
 Warum die anderen nicht: 
 A (UTM (Unified Threat Management)) ist oft für KMUs und bei hohem Lastaufkommen langsamer. 
 C (WAF (Web Application Firewall)) schützt nur Webanwendungen (Layer 7). 
 D (Proxy) ist kein umfassendes Sicherheits-Gateway. 

 Merkhilfe: NGFW ist der Bodyguard mit Doktortitel: Er hat die Muskeln (hoher Durchsatz) UND das Hirn (Deep Packet Inspection, App Awareness). UTM ist eher der Allround-Sicherheitsdienst für kleine Firmen.","Enterprise Security","","","","","0","0","1661929","0","2500","0","0","1775943265308"
"1773618881054","l~YJ8ibmV{","1773512697128","03_Security_Architecture","126. Ed is building a continuity of operations plan (COOP) for his organization. What three scenarios does a COOP address?
A: Loss of personnel, loss of systems, loss of availability
B: Natural disasters, human-made disasters, mistakes or errors
C: Loss of access to a facility, damage to a facility, natural disasters
D: Loss of access to a facility, loss of personnel, and loss of services",">> CORRECT: D | COOP (Continuity of Operations Plan) konzentriert sich auf den Erhalt des Betriebs bei Verlust von Standorten, Personal oder Diensten. 
 Warum die anderen nicht: 
 A, B und C nennen zwar Gefahren, aber nicht das klassische COOP-Triplett. 

 Merkhilfe: COOP = FPS (Facility, Personnel, Services).","Resilience and Recovery","","","","","0","0","1661930","0","2500","0","0","1775943265308"
"1773618881055","r/xi6X$25a","1773512697128","03_Security_Architecture","127. Which of the following properly describes a SPAN port configured on a switch or router for monitoring?
A: Active and inline
B: Passive and inline
C: Active and a monitor
D: Passive and a monitor",">> CORRECT: C | Ein SPAN (Switched Port Analyzer)-Port spiegelt den Verkehr aktiv an einen Monitor-Port weiter. 
 Warum die anderen nicht: 
 A und B sitzen direkt im Datenstrom (inline). 
 D beschreibt eher einen passiven Netzwerk-TAP. 

 Merkhilfe: SPAN-Port = Spionagespiegel. Wie in einem Verhörraum: Der Switch kopiert allen Verkehr an einen Beobachtungs-Port. Aktiv (Switch erstellt die Kopie), aber nicht inline (sitzt nicht IM Datenstrom).","Security Monitoring","","","","","0","0","1661931","0","2500","0","0","1775943265308"
"1773618881056","NA9?`Qq+@(","1773512697128","03_Security_Architecture","128. Renee wants to choose a control that will protect her organization against SQL injection attacks. Which of the following is likely to be the most effective control for attacks that are announced without prior notice and that require a very quick response?
A: Web application penetration testing
B: A WAF
C: Static code review
D: SASE",">> CORRECT: D | SASE (Secure Access Service Edge) ermöglicht als Cloud-Architektur extrem schnelle und flexible Reaktionen auf neue Bedrohungen. 
 Warum die anderen nicht: 
 A und C sind zeitintensive Prüfungen vorab. 
 B (WAF (Web Application Firewall)) ist ein Teil von SASE, aber SASE ist das umfassendere Framework. 

 Merkhilfe: SASE = Speed + Security aus der Cloud.","Vulnerabilities Architecture Models","","","","","0","0","1661932","0","2500","0","0","1775943265308"
"1773618881057","E,egg$gIj,","1773512697128","03_Security_Architecture","129. Maria wants to deploy a web application firewall that will stop new attacks against her organization. What should she do to make sure that her web application firewall rules are as current as possible?
A: Manually add new rules based on email updates.
B: Deploy rules based on the OWASP Top 10.
C: Subscribe to a threat feed and deploy rules based on the feed.
D: Subscribe to the vendor's managed WAF rule service.",">> CORRECT: D | Managed WAF (Web Application Firewall) Services bieten Experten-Updates, die vollautomatisch und in Echtzeit aktuell gehalten werden. 
 Warum die anderen nicht: 
 A ist zu langsam. 
 B ist ein statischer Standard. 
 C erfordert manuellen Aufwand bei der Regel-Erstellung. 

 Merkhilfe: Managed WAF = Netflix für Firewall-Regeln. Du zahlst ein Abo, der Vendor (Experte) liefert immer die neuesten Regeln frei Haus. Du musst dich um nichts kümmern.","Security Techniques","","","","","0","0","1661933","0","2500","0","0","1775943265308"
"1773618881058","ARyaWEU*QY","1773512697128","03_Security_Architecture","134. Servers in redundant clusters are typically not placed in the same server rack in case of a water leak or other issue that impacts the rack. What consideration describes this type of design decision?
A: Connectivity
B: Geographic dispersion
C: Device placement
D: Attack surface",">> CORRECT: C | Device Placement regelt die physische Verteilung, um lokale Ausfälle (wie ein defektes Rack) abzufangen. 
 Warum die anderen nicht: 
 A betrifft die Verkabelung. 
 B meint weite Entfernungen (Städte). 
 D ist die logische Angriffsfläche. 

 Merkhilfe: Device Placement = 'Leg nicht alle Eier in ein Rack.' Server aus dem gleichen Cluster in verschiedene Racks verteilen, damit ein Wasserschaden im Rack 3 nicht den ganzen Cluster killt.","Resilience and Recovery","","","","","0","0","1661934","0","2500","0","0","1775943265308"
"1773618881059","dD*62<n;bH","1773512697128","03_Security_Architecture","138. Which of the following is not a common consideration for legacy devices?
A: Cost
B: Ease of recovery
C: Patch availability
D: Inability to patch",">> CORRECT: A | Kosten sind im Sicherheitskontext kein spezifisches technisches Risiko-Merkmal von Altsystemen. 
 Warum die anderen nicht: 
 B, C und D sind die typischen technischen Probleme veralteter Technik. 

 Merkhilfe: Bei Legacy-Geräten geht es um TECHNISCHE Risiken: Patches gibts nicht mehr (C), patchen geht nicht (D), Recovery ist schwer (B). Kosten (A) sind ein Business-Thema, kein Security-Consideration.","Asset Management Resilience and Recovery","","","","","0","0","1661935","0","2500","0","0","1775943265308"
"1773618881060","si1*H):nGd","1773512697128","03_Security_Architecture","141. Jaime has deployed smart lighting and thermostats to her new buildings. What technique will have the largest impact if she wants to harden the devices?
A: Applying an industry standard baseline configuration
B: Moving the devices to a separate security zone
C: Fully patching the devices when they are deployed
D: Vulnerability scanning, then remediating the devices on a regular basis",">> CORRECT: B | Die Isolation unsicherer IoT (Internet of Things)-Geräte in einer eigenen Sicherheitszone bietet den effektivsten Schutz für das Restnetz. 
 Warum die anderen nicht: 
 A und C sind bei IoT oft nicht möglich. 
 D findet nur Lücken, schützt aber nicht aktiv. 

 Merkhilfe: IoT-Geräte sind wie wilde Tiere: Du kannst sie nicht zähmen (oft nicht patchbar), also sperrst du sie in ein eigenes Gehege (Security Zone). So kann die smarte Glühbirne nicht das ganze Netz infizieren.","Mitigation Techniques Architecture Models","","","","","0","0","1661936","0","2500","0","0","1775943265308"
"1773618881061","rcZ>>})QG@","1773512697128","03_Security_Architecture","149. Geoff is considering whether to deploy on-premises infrastructure or cloud-hosted infrastructure. His most important requirements in order are: Ease of scalability, Management overhead, Cost. If Geoff wants to run a containerized service that can handle very large loads, what model should he select?
A: SaaS
B: PaaS
C: IaaS
D: On-premises",">> CORRECT: C | IaaS (Infrastructure as a Service) bietet die nötige Kontrolle und Skalierbarkeit für massive Container-Cluster bei hoher Last. 
 Warum die anderen nicht: 
 A (SaaS (Software as a Service)) bietet keine Container-Kontrolle. 
 B (PaaS (Platform as a Service)) ist oft zu unflexibel für extreme Lasten. 
 D ist schwer skalierbar. 

 Merkhilfe: IaaS ist wie ein leeres Lagerhaus mieten: Du bekommst Strom, Wasser, Wände (Infrastruktur), aber was du reinstellst und wie du es organisierst, ist DEINE Kontrolle. Perfekt für Container-Cluster bei hoher Last.","Architecture Models","","","","","0","0","1661937","0","2500","0","0","1775943265308"
"1773618881062","t5>>D&6A6E","1773512697128","03_Security_Architecture","151. John has deployed three servers that all respond as though they're the same device to provide service he runs. What term best describes this configuration?
A: Load balancing
B: Clustering
C: Fail-open
D: Fail-closed",">> CORRECT: B | Clustering lässt mehrere Server als eine einzige logische Einheit erscheinen. 
 Warum die anderen nicht: 
 A verteilt nur die Last auf Einzelgeräte. 
 C und D sind Modi für das Verhalten im Fehlerfall. 

 Merkhilfe: Cluster = Traube von Servern, die sich als EINE Maschine ausgeben. Wie drei Kellner, die alle das gleiche Namensschild tragen – für den Gast sieht es aus wie ein einziger Super-Kellner.","Architecture Models","","","","","0","0","1661938","0","2500","0","0","1775943265308"
"1773618881063","Lr(RH)]Z)G","1773512697128","03_Security_Architecture","154. What is the primary reason an organization might choose a parallel processing testing scenario over a fail over testing scenario?
A: Parallel processing allows for more throughput.
B: Fail over does not fully test redundant systems.
C: Fail over requires organizations to create a significant issue to allow for the fail over to occur.
D: Parallel processing typically handles issues without outages.",">> CORRECT: D | Parallelverarbeitung ermöglicht Tests ohne Betriebsunterbrechung, da beide Systeme gleichzeitig aktiv sind. 
 Warum die anderen nicht: 
 A ist ein technischer Nebeneffekt. 
 B und C beschreiben operative Nachteile des Failover-Tests. 

 Merkhilfe: Parallel = Beide Systeme laufen GLEICHZEITIG wie zwei Züge auf parallelen Gleisen. Wenn einer entgleist, fährt der andere weiter – kein Halt, kein Umsteigen, null Downtime.","Resilience and Recovery","","","","","0","0","1661939","0","2500","0","0","1775943265308"
"1773618881064","u([4c2I#qx","1773512697128","03_Security_Architecture","156. Marco is preparing to brief his organization's leadership about challenges that may result from adopting a hybrid cloud design. Which of the following is the primary concern that he should highlight?
A: Jurisdictional challenges
B: Increased complexity
C: Increased cost
D: Regulatory challenges",">> CORRECT: B | Die gleichzeitige Verwaltung von On-Premise und Cloud erhöht die operative Komplexität massiv. 
 Warum die anderen nicht: 
 A, C und D sind zwar Faktoren, aber die Komplexität ist die Haupt-Herausforderung. 

 Merkhilfe: Hybrid Cloud = Ein Fuß im Büro, ein Fuß in der Cloud. Klingt flexibel, aber du musst zwei komplett verschiedene Welten gleichzeitig managen – doppelte Tools, doppelte Regeln, doppelter Kopfschmerz.","Architecture Models","","","","","0","0","1661940","0","2500","0","0","1775943265308"
"1773618881065","mP^0HelI`D","1773512697128","03_Security_Architecture","158. Daria wants to establish a disaster recovery site that can immediately take over for her organization's primary datacenter in the event of a disaster. What sort of site should she build out?
A: A hot site
B: A warm site
C: A cold site
D: A dispersion site",">> CORRECT: A | Ein Hot Site ist voll ausgestattet und kann fast ohne Zeitverlust den Betrieb übernehmen. 
 Warum die anderen nicht: 
 B (Warm) braucht Stunden/Tage. 
 C (Cold) braucht Wochen. 
 D ist kein Standardbegriff. 

 Merkhilfe: Hot Site = Der Motor läuft schon. Wie ein Ersatzauto mit laufendem Motor am Straßenrand. Warm Site = Motor kalt, muss erst gestartet werden. Cold Site = Nur ein leerer Parkplatz.","Resilience and Recovery","","","","","0","0","1661941","0","2500","0","0","1775943265308"
"1773618881066","KX-IXO.Y1w","1773512697128","03_Security_Architecture","159. Cathy wants to build a high-availability infrastructure for her midsize company's headquarters building network. Which of the following is not a common element for a high-availability network core?
A: Redundant routers
B: Generators
C: Geographic dispersion
D: Multiple connectivity providers",">> CORRECT: C | Geografische Verteilung macht bei der Absicherung eines einzelnen Gebäudes keinen Sinn. 
 Warum die anderen nicht: 
 A, B und D sind Standard für lokale Hochverfügbarkeit. 

 Merkhilfe: High-Availability für EIN Gebäude: Redundante Router, Generatoren, mehrere ISPs – alles lokal. Geographic Dispersion ist für MEHRERE Standorte über Städte/Länder. Für Cathys Gebäude ist das Overkill.","Resilience and Recovery","","","","","0","0","1661942","0","2500","0","0","1775943265308"
"1773618881067","N.N,se7GdM","1773512697128","03_Security_Architecture","161. Jacob is concerned about attacks against his virtual machines that would target the hypervisor. What term describes this type of attack?
A: VM escape
B: Hypervisor escalation
C: VM shell attacks
D: Container breaches",">> CORRECT: A | VM (Virtual Machine) Escape ist der Ausbruch aus der isolierten VM direkt auf den Hypervisor. 
 Warum die anderen nicht: 
 B ist kein Fachbegriff. 
 C und D betreffen andere Sicherheitsebenen. 

 Merkhilfe: VM Escape = Gefängnisausbruch. Die VM ist die Zelle, der Hypervisor ist der Gefängnishof. Bei einem VM Escape bricht der Häftling (Malware) aus seiner Zelle aus und hat plötzlich Zugang zum gesamten Gefängnis (Host).","Architecture Models","","","","","0","0","1661943","0","2500","0","0","1775943265308"
"1773794837297","koIS5!Pw-;","1773512697128","03_Security_Architecture","163. An IDS is an example of what type of network device?
A: Active
B: Air gapped
C: Fail-closed
D: Passive",">> CORRECT: D | Ein IDS (Intrusion Detection System) ist ein passiver Beobachter, der nur Alarme auslöst, ohne den Datenfluss zu stoppen. 
 Warum nicht die anderen: 
 A (Active) wäre ein IPS (Intrusion Prevention System). 
 B (Air gapped) ist komplett isoliert. 
 C (Fail-closed) blockiert bei Ausfall den Verkehr. 

 Merkhilfe: IDS (Intrusion Detection System) = ""Ich Darf nur Schauen"". Wie ein Wachmann hinter Glas: Er sieht den Einbrecher und schlaegt Alarm, kann aber NICHT eingreifen. IPS = Wachmann MIT Schlagstock, der den Einbrecher aufhaelt.","Security Monitoring Architecture Models","","","","","0","0","1662146","0","2500","0","0","1775943265308"
"1773794837298","sFevu4lXd/","1773512697128","03_Security_Architecture","166. Jules is planning a SCADA deployment for her organization. Which of the following is most likely to be a major concern over the lifetime of the SCADA system?
A: Cost
B: Scalability
C: Inability to patch
D: Availability",">> CORRECT: C | SCADA (Supervisory Control and Data Acquisition)-Systeme steuern kritische Infrastrukturen oft über Jahrzehnte; Patches sind wegen Ausfallzeiten oder fehlendem Herstellersupport oft unmöglich. 
 Warum nicht die anderen: 
 A, B und D sind wichtig, aber das ""Patch-Verbot"" ist das größte Sicherheits-Dilemma bei Legacy-Systemen. 

 Merkhilfe: SCADA lebt oft 20-30 Jahre (Kraftwerke, Wasserwerke). Die Hersteller existieren teils nicht mehr, und Patches wuerden den Betrieb unterbrechen. Stell dir ein Windows-XP-System vor, das eine Staudamm-Schleuse steuert.","Architecture Models","","","","","0","0","1662147","0","2500","0","0","1775943265308"
"1773794837299","dZFPq>=4m@","1773512697128","03_Security_Architecture","167. Susan has deployed a network using software-defined networking. What part of her network is most critical to secure as part of this architecture?
A: The routers
B: The switches
C: The SDN controller
D: The SD-WAN connections",">> CORRECT: C | Der SDN (Software-Defined Networking)-Controller ist das zentrale ""Gehirn""; wird er gehackt, gehört dem Angreifer das gesamte Netzwerk-Routing. 
 Warum nicht die anderen: 
 A und B sind nur ""ausführende Organe"". 
 D ist ein Teilaspekt, nicht das Machtzentrum. 

 Merkhilfe: SDN-Controller = ""Gehirn des Netzwerks"". Stell dir ein Schachspiel vor: Der Controller ist der Spieler, die Switches sind die Figuren. Wer den Spieler uebernimmt, kontrolliert ALLE Figuren gleichzeitig.","Architecture Models Security Principles","","","","","0","0","1662148","0","2500","0","0","1775943265308"
"1773794837300","Ot[@LWY:^4","1773512697128","03_Security_Architecture","168. The ability to obtain third-party support for a device or system is an example of which consideration?
A: Availability
B: Risk transference
C: Compute
D: Responsiveness",">> CORRECT: B | Durch Support-Verträge schiebt man die Verantwortung für die Problemlösung (und das Risiko des Stillstands) auf einen Dritten ab. 
 Warum nicht die anderen: 
 A ist das Ziel, Risk Transference ist der Weg. 
 C und D sind technische Hardware-Metriken. 

 Merkhilfe: Risk Transference = ""Verantwortung outsourcen"". Wie eine Garantieverlaengerung beim Elektromarkt: Das Geraet kann kaputtgehen, aber JEMAND ANDERES zahlt dafuer. Third-Party-Support = finanzielles Risiko wird uebertragen.","Resilience and Recovery Risk Management","","","","","0","0","1662149","0","2500","0","0","1775943265308"
"1773794837301","iPh/Q[~oBc","1773512697128","03_Security_Architecture","169. Yarif wants to create security zones in his network. Which of the following technologies is best suited to doing this based on roles and user identities?
A: NAC and VLANs
B: 802.1X and containerization
C: SDN and MAC address filtering
D: SD-WAN and VLANs",">> CORRECT: A | NAC (Network Access Control) prüft die Identität (Wer bist du?) und weist den User dynamisch einem VLAN (Virtual Local Area Network) (Wo darfst du hin?) zu. 
 Warum nicht die anderen: 
 B (Container) isoliert Apps. 
 C (MAC (Mandatory Access Control)) ist veraltet und leicht zu fälschen. 
 D (SD-WAN (Software-Defined Wide Area Network)) verbindet Standorte über das Internet. 

 Merkhilfe: NAC + VLAN = ""Ausweis + Stockwerk"". NAC prueft DEINEN Ausweis (Identitaet), dann schickt es dich in DEIN Stockwerk (VLAN). Marketing in Marketing-VLAN, Gaeste in Gaeste-VLAN. Dynamisch, nicht statisch.","Enterprise Security","","","","","0","0","1662150","0","2500","0","0","1775943265308"
"1773794837302","M77y&3&dF.","1773512697128","03_Security_Architecture","172. Laura is planning for continuity of operations. What personnel concern should she plan to handle for her hot site in the event of a large-scale natural disaster in the area where her primary facility is?
A: Lack of facility power
B: Inability to authenticate personnel
C: Insider threats
D: Lack of available personnel",">> CORRECT: D | Wenn die Katastrophe die ganze Region trifft, sind die Mitarbeiter selbst Opfer oder retten ihre Familien, statt am Ersatzstandort zu arbeiten. 
 Warum nicht die anderen: 
 A ist Infrastruktur. 
 B und C sind operative Probleme, aber kein katastrophenbedingter Personalmangel. 

 Merkhilfe: Katastrophe trifft ALLE, auch dein Team. Hot Site steht bereit, aber deine Admins stehen knietief im Hochwasser. Technik da, Menschen nicht. Immer Cross-Training und verteilte Teams einplanen.","Resilience and Recovery","","","","","0","0","1662151","0","2500","0","0","1775943265308"
"1773794837303","b8pG|79wf-","1773512697128","03_Security_Architecture","176. Which of the following is typically used to manage an ICS?
A: SDN
B: SCADA
C: Active Directory
D: SD-WAN",">> CORRECT: B | SCADA (Supervisory Control and Data Acquisition) ist das Standard-Überwachungssystem für industrielle Kontrollsysteme (ICS (Industrial Control System)). 
 Warum nicht die anderen: 
 A, C und D sind IT-Management-Tools, keine Industrie-Steuerungen. 

 Merkhilfe: SCADA = ""Sheriff der Fabrik"". SCADA ueberwacht und steuert ICS-Geraete: Ventile, Pumpen, Turbinen. Active Directory verwaltet Buero-PCs, SCADA verwaltet Maschinen.","Architecture Models","","","","","0","0","1662152","0","2500","0","0","1775943265308"
"1773794837304","t=oY`_l$Uc","1773512697128","03_Security_Architecture","179. Erin's organization uses a backup schedule that creates a full backup once a week, dann creates differential backups once a day on all other days. If the full backup was done four days ago, and Erin needs to restore from it, how many backups will she have to restore in total?
A: One
B: Two
C: Three
D: Four",">> CORRECT: B | Bei Differential-Backups braucht man immer nur ZWEI Backups zur Wiederherstellung: das letzte Full-Backup plus das letzte Differential-Backup. Das Differential enthält ALLE Änderungen seit dem Full-Backup. 
 Warum die anderen nicht: 
 A (Eins) wäre nur das Full allein. 
 C (Drei) und D (Vier) verwechseln Differential mit Incremental. Bei Incremental bräuchte man tatsächlich alle Zwischensicherungen. 

 Merkhilfe: Differential = ""Alles seit dem Vollbackup in EINEM Paket"". Immer nur 2 Teile: Full + letztes Differential. Incremental dagegen = ""Nur das Neue seit GESTERN"" - da brauchst du ALLE Scheiben seit dem Full-Backup.","Resilience and Recovery","","","","","0","0","1662153","0","2500","0","0","1775943265308"
"1773794837305","pJW6w550r2","1773512697128","03_Security_Architecture","181. Vera wants to manage multiple commercial Internet services for her organization to ensure connectivity. What technology should she select to manage and maintain this?
A: SASE
B: SDN
C: IPSec
D: SD-WAN",">> CORRECT: D | SD-WAN (Software-Defined Wide Area Network) bündelt verschiedene Leitungen (Breitband, LTE (Long-Term Evolution), MPLS (Multiprotocol Label Switching)) zu einer intelligent verwalteten Einheit. 
 Warum nicht die anderen: 
 A ist ein Sicherheits-Framework. 
 B ist das allgemeine Konzept. 
 C ist nur ein Verschlüsselungsprotokoll. 

 Merkhilfe: SD-WAN = ""Intelligentes Navi fuer dein Internet"". Wie Google Maps, das zwischen Autobahn (MPLS), Landstrasse (Broadband) und Feldweg (LTE) waehlt. Alles per Software gesteuert.","Enterprise Security","","","","","0","0","1662154","0","2500","0","0","1775943265308"
"1773794837306","r3C8{r.YxA","1773512697128","03_Security_Architecture","182. Katie is considering deploying embedded devices. Which of the following limitations is most commonly associated with embedded devices?
A: Compute limitations
B: Responsiveness limitations
C: Availability issues
D: Cost issues",">> CORRECT: A | Eingebettete Systeme haben durch ihre spezialisierte Bauweise oft nur minimale Rechenleistung (Compute) zur Verfügung. 
 Warum nicht die anderen: 
 B, C und D können vorkommen, aber die geringe Rechenkraft ist das definierende Merkmal (Limit). 

 Merkhilfe: Embedded = ""Eingebaut und winzig"". Denk an den Chip in deiner Waschmaschine: Minimaler Prozessor, kaum RAM, kein Platz fuer Antivirus. Schutz: Secure Firmware + Netzwerk-Isolation.","Resilience and Recovery","","","","","0","0","1662155","0","2500","0","0","1775943265308"
"1773794837307","H9Uf+T]EOx","1773512697128","03_Security_Architecture","186. Tom wants to use geographic restrictions as part of his security design. What type of tool is commonly used to manage geographic restrictions for mobile devices?
A: EDR
B: MDM
C: 802.1X
D: VPNs",">> CORRECT: B | MDM (Mobile Device Management)-Systeme können Geofencing erzwingen, um Apps oder Daten nur an bestimmten Standorten freizugeben. 
 Warum nicht die anderen: 
 A stoppt Malware. 
 C ist für die Port-Sicherung. 
 D fälscht den Standort eher. 

 Merkhilfe: MDM = ""Fernbedienung fuers Firmenhandy"". MDM kann Geofencing: ""Dieses Dokument oeffnet sich nur im Buero-Radius."" Verlaesst das Handy die Zone, werden Daten gesperrt oder geloescht.","Security Techniques","","","","","0","0","1662156","0","2500","0","0","1775943265308"
"1773794837308","G<-5O)rKAv","1773512697128","03_Security_Architecture","189. Kathleen wants to monitor her datacenter's environmental status. What solution should she invest in to meet this need?
A: An HVAC system
B: UPS systems
C: Environmental sensor appliances
D: A load balancer",">> CORRECT: C | Sensoren sind das einzige Werkzeug, das proaktiv Werte wie Hitze oder Feuchtigkeit misst und meldet. 
 Warum nicht die anderen: 
 A kühlt nur. 
 B gibt Strom. 
 D verteilt Anfragen. 

 Merkhilfe: Sensoren = ""Fieberthermometer fuers Rechenzentrum"". HVAC kuehlt, UPS gibt Strom, aber nur Sensoren MESSEN und MELDEN: ""Achtung, Temperatur ueber 30 Grad! Feuchtigkeit zu hoch!""","Architecture Models Resilience and Recovery","","","","","0","0","1662157","0","2500","0","0","1775943265308"
"1773794837309","hxQnk4XHu;","1773512697128","03_Security_Architecture","197. Jorge wants to assess his organization's Internet-accessible attack surface. Which of the following methods is most likely to provide a complete understanding?
A: Open source intelligence (OSINT) review
B: Threat feeds
C: Vulnerability scanning
D: Penetration testing",">> CORRECT: D | Ein Penetrationstest simuliert echte Hackerangriffe und zeigt so das wahre Ausmaß der Verwundbarkeit. 
 Warum nicht die anderen: 
 A bis C liefern nur Puzzleteile, aber kein Gesamtbild der Ausnutzbarkeit. 

 Merkhilfe: Pentest = ""Einbruchsversuch mit Erlaubnis"". OSINT sammelt nur oeffentliche Infos. Vulnerability Scan klopft an Tueren. Pentest BRICHT EIN und zeigt dir, was wirklich passieren kann.","Vulnerability Management","","","","","0","0","1662158","0","2500","0","0","1775943265308"
"1773794837310","b;h;Pyq55w","1773512697128","03_Security_Architecture","199. Mark wants to protect data in use. Which of the following options should he select to protect data in use?
A: Hashing
B: A secure enclave
C: Containerization
D: Tunneling data",">> CORRECT: B | Eine Secure Enclave schützt Daten im RAM/Prozessor während der Verarbeitung vor unbefugtem Zugriff. 
 Warum nicht die anderen: 
 A schützt Integrität. 
 C isoliert Apps. 
 D schützt Daten bei der Übertragung (In-Transit). 

 Merkhilfe: Secure Enclave = ""Tresorraum im Prozessor"". Waehrend du an geheimen Daten arbeitest (Data in Use), schuetzt die Enclave sie direkt auf Hardware-Ebene. Selbst ein Admin mit Root-Zugriff kann nicht reinschauen. Beispiele: Intel SGX, ARM TrustZone.","Architecture Models Cryptographic Solutions","","","","","0","0","1662159","0","2500","0","0","1775943265308"
"1773794837311","De=lpp=>2/","1773512697128","03_Security_Architecture","203. Kyle wants to authenticate users who plug into his network, dann assign them to a VLAN based on their role. What technology could he use to do this?
A: 802.1X
B: Port security
C: VLAN tagging
D: EAP",">> CORRECT: A | 802.1X ist der Standard für den physischen Netzzugang mit Identitätsprüfung. 
 Warum nicht die anderen: 
 B ist meist statisch (MAC (Mandatory Access Control)-Filter). 
 C ist nur die Kennzeichnung von Paketen. 
 D ist nur ein Teil der Authentifizierungskette. 

 Merkhilfe: 802.1X = ""Tuersteher an jedem Netzwerk-Port"". Du steckst das Kabel ein, Switch fragt: ""Wer bist du?"", du authentifizierst dich (EAP/RADIUS), Switch weist dir ein VLAN zu. Ohne 802.1X: Jeder darf rein.","Architecture Models Identity and Access Management","","","","","0","0","1662160","0","2500","0","0","1775943265308"
"1773794837312","Na=f]uf/aC","1773512697128","03_Security_Architecture","205. Lucca has deployed an SD-WAN controller. Which of the following types of connectivity will not typically be managed with an SD-WAN solution?
A: Wi-Fi
B: MPLS
C: Broadband
D: LTE",">> CORRECT: A | Wi-Fi ist eine lokale Funktechnik (LAN), SD-WAN (Software-Defined Wide Area Network) steuert ausschließlich Weitverkehrsnetze (WAN). 
 Warum nicht die anderen: 
 B, C und D sind klassische WAN-Dienste. 

 Merkhilfe: SD-WAN ungleich WLAN. SD-WAN verbindet STANDORTE (WAN): Berlin nach Muenchen ueber MPLS, Broadband oder LTE. Wi-Fi verbindet GERAETE lokal (LAN). Zwei voellig verschiedene Welten.","Enterprise Security","","","","","0","0","1662161","0","2500","0","0","1775943265308"
"1773794837313","iE8j4HeW9Q","1773512697128","03_Security_Architecture","207. Jim wants to design his network for high availability (HA). What first step is commonly taken in HA designs for networks?
A: Configure a hot site.
B: Purchase redundant hardware.
C: Identify single points of failure.
D: Implement clustering",">> CORRECT: C | Man muss erst wissen, wo das System ""stirbt"", bevor man sinnvolle Redundanz einbauen kann. 
 Warum nicht die anderen: 
 A, B und D sind Lösungen, keine Analyse-Schritte. 

 Merkhilfe: HA-Design = ""Erst die Schwachstellen finden, dann die Pflaster kleben."" Ohne zu wissen, wo der Single Point of Failure liegt, kaufst du vielleicht redundante Router, obwohl das Problem ein einzelnes Netzkabel ist.","Resilience and Recovery","","","","","0","0","1662162","0","2500","0","0","1775943265308"
"1773794837314","Re>y`LG9d8","1773512697128","03_Security_Architecture","210. Which of the following is not a common security issue with IoT devices?
A: Insecure communication
B: Data leaks
C: Ransomware
D: Device vulnerabilities",">> CORRECT: C | Ransomware auf dem IoT (Internet of Things)-Endgerät selbst (z.B. Smart-TV) ist seltener als unsichere Kommunikation oder Datenlecks. 
 Warum nicht die anderen: 
 A, B und D sind die Standard-Sicherheitslücken von IoT-Geräten. 

 Merkhilfe: IoT-Ransomware ist selten: 1) Geraete haben kaum Speicher 2) Nutzer zahlen kein Loesegeld fuer eine Gluehbirne 3) Kein Display fuer Loesegeld-Forderung. Echte IoT-Probleme: Unsichere Kommunikation, Datenlecks, ungepatchte Firmware.","Architecture Models","","","","","0","0","1662163","0","2500","0","0","1775943265308"
"1773794837315","q^9,.vaWQD","1773512697128","03_Security_Architecture","211. Jack is worried about outages that may disrupt service from his IaaS vendor's cloud environment. Which of the following options provides the greatest likelihood of avoiding service disruptions from an outage from his current IaaS vendor?
A: Deploying to multiple availability zones (AZs)
B: Deploying to multiple regions
C: Deploying to multiple cloud vendors
D: Requiring contractual terms around uptime",">> CORRECT: C | Nur die Nutzung verschiedener Anbieter (Multi-Cloud) schützt vor einem globalen Blackout eines einzelnen Providers. 
 Warum nicht die anderen: 
 A und B sind immer noch im selben Vendor-System gefangen. 
 D ist nur Papierkram. 

 Merkhilfe: Multi-Cloud = ""Eier in verschiedene Koerbe"". AWS faellt aus? Deine Dienste laufen weiter auf Azure. Multiple AZs oder Regions helfen nur gegen REGIONALE Ausfaelle, nicht gegen einen GLOBALEN Provider-Blackout.","Architecture Models","","","","","0","0","1662164","0","2500","0","0","1775943265308"
"1773794837316","i!h$2zvwEc","1773512697128","03_Security_Architecture","213. Ben has grouped his data based on use cases and sensitivity and has applied different security practices based on those groupings. What data security technique is he using?
A: Segmentation
B: Obfuscation
C: Masking
D: Tokenization",">> CORRECT: A | Das Gruppieren und Trennen von Daten nach Wichtigkeit ist Datensegmentierung. 
 Warum nicht die anderen: 
 B, C und D verändern den Dateninhalt, statt ihn zu sortieren. 

 Merkhilfe: Segmentierung = ""Daten in verschiedene Schubladen sortieren"". Kundendaten (sensibel) in verschluesselte Schublade, Marketing (oeffentlich) in offene Schublade. Obfuscation/Masking/Tokenization VERAENDERN Daten, Segmentierung SORTIERT sie.","Data Protection","","","","","0","0","1662165","0","2500","0","0","1775943265308"
"1773794837317","tU$lewW8W]","1773512697128","03_Security_Architecture","214. Monica wants to prevent users from sharing data and cares more about control than flexibility. What type of access control model is best suited to ensuring central control over file access?
A: Role BAC
B: DAC
C: MAC
D: Rule BAC",">> CORRECT: C | Bei MAC (Mandatory Access Control) hat der User keine Macht über die Rechte; alles wird zentral und streng vom System erzwungen. 
 Warum nicht die anderen: 
 B (DAC (Discretionary Access Control)) ist zu freizügig. 
 A und D sind flexibler, aber weniger absolut. 

 Merkhilfe: MAC = ""Militaer-Prinzip"". Der General (System) entscheidet, wer was sehen darf. Der Soldat (User) kann NICHTS aendern. DAC = ""Demokratie"", der Datei-Besitzer teilt nach eigenem Ermessen.","Identity and Access Management","","","","","0","0","1662166","0","2500","0","0","1775943265308"
"1773794837318","jui2rd,wQ0","1773512697128","03_Security_Architecture","215. Tara is monitoring web traffic to her organization's website from a local public library and notices that all of the logins seem to come from the same IP address. What type of network appliance might be in use?
A: A jump server
B: A proxy server
C: A load balancer
D: A DLP system",">> CORRECT: B | Ein Proxy-Server bündelt den Verkehr vieler Nutzer und lässt ihn nach außen wie eine einzige IP aussehen. 
 Warum nicht die anderen: 
 A ist für Remote-Wartung. 
 C verteilt Last, bündelt aber nicht IPs. 
 D stoppt Datenabfluss. 

 Merkhilfe: Proxy = ""Stellvertreter"". Alle Bibliotheksbesucher surfen ueber EINEN Proxy, fuer die Website sieht es aus wie EIN Benutzer (eine IP). Forward Proxy = versteckt die Clients. Reverse Proxy = versteckt die Server.","Architecture Models Data Protection","","","","","0","0","1662167","0","2500","0","0","1775943265308"
"1773794837319","l~@9$U;vXb","1773512697128","03_Security_Architecture","216. What three responsibilities are typically shared in PaaS environments according to the cloud responsibility matrix?
A: Identity infrastructure, applications, and network controls
B: Data, devices, and accounts
C: Physical hosts, physical networks, and physical datacenters
D: Operating systems, applications, and data",">> CORRECT: A | In PaaS (Platform as a Service) werden Identitäten, Apps und Netzwerkkonfigurationen oft gemeinsam (shared) von Kunde und Provider verwaltet. 
 Warum nicht die anderen: 
 C liegt allein beim Provider. 
 B und D sind eher reine Kunden-Aufgaben. 

 Merkhilfe: PaaS = ""Geteilte Verantwortung in der Mitte"". Provider kuemmert sich um Plattform (OS, Runtime), Kunde um Apps und Daten. Identitaeten, Apps und Netzwerk-Controls werden GEMEINSAM verwaltet = Shared Responsibility.","Architecture Models","","","","","0","0","1662168","0","2500","0","0","1775943265308"
"1773794837320","G<#9q`#])I","1773512697128","03_Security_Architecture","222. Ian's organization uses a root certificate authority that only allows certificate signing locally. All certificates are transferred via USB drives because the system is not connected to the network. What type of security design is in use?
A: Port security
B: An air gapped design
C: Defense-in-depth
D: A zero-trust design",">> CORRECT: B | Ein System ohne Netzwerkanschluss ist ""Air Gapped"". 
 Warum nicht die anderen: 
 A, C und D beschreiben Konzepte, die meist eine Netzanbindung brauchen. 

 Merkhilfe: Air Gap = ""Insel ohne Bruecke"". Das Root-CA-System ist wie eine Schatzkammer auf einer Insel. Zertifikate werden per USB-Stick (Flaschenpost) uebertragen. Kein Netzwerk = kein Hacker-Zugang.","Cryptographic Solutions Security Principles","","","","","0","0","1662169","0","2500","0","0","1775943265308"
"1773794837321","khjtzf-G8=","1773512697128","03_Security_Architecture","226. Parvati wants to configure her web application firewall to prevent basic SQL injection attacks. Which of the following rules could she use to accomplish this?
A: Filter out all OR statements.
B: Filter out single quotes.
C: Block all SQL statements.
D: Block all AND statements.",">> CORRECT: B | SQL (Structured Query Language)-Injections nutzen oft Hochkommas ('), um Befehle zu manipulieren; das Filtern von Single Quotes ist eine Standard-Abwehr. 
 Warum nicht die anderen: 
 A und D sind zu grob und blockieren normale Texte. 
 C würde die Datenbank-Kommunikation komplett lahmlegen. 

 Merkhilfe: SQL Injection nutzt das Hochkomma, um aus dem Textfeld auszubrechen: ' OR 1=1 --. Filter Single Quotes = erster Schutzwall. Besser: Parameterized Queries (Prepared Statements).","Vulnerabilities","","","","","0","0","1662170","0","2500","0","0","1775943265308"
"1778313864610","6fd0546a-f4fa-4459-be60-f8cab2a5babf","pbq-test-deck-001","Interaktive Übungen","ORDERING:
Bringe die NIST-IR-Phasen in die richtige Reihenfolge.

1) Containment
2) Preparation
3) Identification
4) Eradication
5) Recovery
6) Lessons Learned","CORRECT_ORDER: 2,3,1,4,5,6
NIST SP 800-61: Preparation → Identification → Containment → Eradication → Recovery → Lessons Learned

Merkhilfe: PICERL (Preparation, Identification, Containment, Eradication, Recovery, Lessons)","Incident Response PBQ","","","","","2","2","20602","5","500","3","1","1778313864609"
"1778313864611","8e5037fa-9ea0-45b9-8e3e-c89d214c0984","pbq-test-deck-001","Interaktive Übungen","ORDERING:
Bringe die Phasen der Lockheed Martin Cyber Kill Chain in die richtige Reihenfolge.

1) Weaponization
2) Reconnaissance
3) Installation
4) Delivery
5) Command & Control
6) Exploitation
7) Actions on Objectives","CORRECT_ORDER: 2,1,4,6,3,5,7
Reconnaissance → Weaponization → Delivery → Exploitation → Installation → Command & Control → Actions on Objectives

Merkhilfe: RW-DEIC-A (Recon, Weapon, Delivery, Exploit, Install, C2, Actions)","Malicious Activity Indicators PBQ","","","","","2","2","20602","5","500","1","0","1778313864609"
"1778313864612","c86ecf72-4637-4acd-81a3-5c9fd844eb78","pbq-test-deck-001","Interaktive Übungen","ORDERING:
Bringe die Phasen des TLS 1.3 Handshakes in die richtige Reihenfolge.

1) Server Certificate
2) ClientHello
3) Application Data
4) ServerHello
5) Client Finished","CORRECT_ORDER: 2,4,1,5,3
ClientHello → ServerHello → Server Certificate → Client Finished → Application Data

Merkhilfe: Erst Hallo, dann Zertifikat prüfen, dann Daten.","Cryptographic Solutions PBQ","","","","","2","2","20605","6","2271","3","1","1778313864609"
"1778313864613","632c83a1-088a-43f3-964c-217826b9bb57","pbq-test-deck-001","Interaktive Übungen","MATCHING:
Ordne die Krypto-Algorithmen ihrer Kategorie zu.

AES >> Symmetrisch
RSA >> Asymmetrisch
SHA-256 >> Hash
3DES >> Symmetrisch
ECC >> Asymmetrisch
DSA >> Asymmetrisch","AES = Symmetrisch
RSA = Asymmetrisch
SHA-256 = Hash
3DES = Symmetrisch
ECC = Asymmetrisch
DSA = Asymmetrisch

Merkhilfe: AES/3DES = gleicher Schluessel (sym.), RSA/ECC/DSA = Schluesselpaar (asym.), SHA = Einweg-Hash.
Hinweis: HMAC ist KEIN Hash, sondern ein MAC (Keyed-Hash, RFC 2104) -> bewusst nicht in dieser Matching-Kategorie.","Cryptographic Solutions PBQ","","","","","2","2","20601","1","2700","1","0","1778313864609"
"1778313864614","f8c4da96-0f77-4292-b277-d94d1b16331f","pbq-test-deck-001","Interaktive Übungen","MATCHING:
Ordne die Ports den Protokollen zu.

22 >> SSH
25 >> SMTP
53 >> DNS
80 >> HTTP
443 >> HTTPS
3389 >> RDP","22 = SSH
25 = SMTP
53 = DNS
80 = HTTP
443 = HTTPS
3389 = RDP

Merkhilfe: 22=Shell, 25=Mail, 53=Namen, 80=Web, 443=SecureWeb, 3389=RemoteDesktop","Enterprise Security PBQ","","","","","2","2","20613","1","1100","3","2","1778313864609"
"1778313864615","5c94e33d-350e-4750-94c6-096e7b33aca6","pbq-test-deck-001","Interaktive Übungen","MATCHING:
Ordne die Netzwerkprotokolle dem OSI-Layer zu.

HTTP >> Layer 7 (Anwendung)
TCP >> Layer 4 (Transport)
IP >> Layer 3 (Vermittlung)
Ethernet >> Layer 2 (Sicherung)","HTTP = Layer 7 (Anwendung)
TCP = Layer 4 (Transport)
IP = Layer 3 (Vermittlung)
Ethernet = Layer 2 (Sicherung)

Merkhilfe: Please Do Not Throw Sausage Pizza Away (Layer 7→1)","Enterprise Security PBQ","","","","","2","2","20601","1","2005","1","0","1778313864609"
"1779007738884","pbq-control-category-9f380fe6","sy0-701-objective-1-1","1.1 Security Controls","MATCHING:
Ordne jedes Beispiel der richtigen Security-Control-Kategorie zu.

Guard shack limiting physical access >> Physical
Fences and locked doors >> Physical
Anti-virus software >> Technical
Firewall ACL blocking specific IPs >> Technical
Periodic risk assessment >> Managerial
Official written security policy >> Managerial
Security awareness ""lunch and learns"" >> Operational
Daily review of system logs by SOC analysts >> Operational","Guard shack limiting physical access = Physical
Fences and locked doors = Physical
Anti-virus software = Technical
Firewall ACL blocking specific IPs = Technical
Periodic risk assessment = Managerial
Official written security policy = Managerial
Security awareness ""lunch and learns"" = Operational
Daily review of system logs by SOC analysts = Operational

Merkhilfe: Managerial = Policies/Risk Assessments (papier-basiert). Operational = Menschen-Prozesse (Awareness, Log-Review, Incident-Handling). Technical = Software/Hardware-Mechanismen (AV, ACL, Encryption). Physical = greifbare Barrieren (Zaun, Tuer, Wache).","Security Controls PBQ","","","","","0","0","0","0","2500","0","0","1779007738884"
"1779095116170","pbq-pentest-phases-1042fced","sy0-701-objective-5-5","5.5 Audits and Assessments","ORDERING:
Bringe die Phasen eines typischen Penetration-Tests in die korrekte Top-Down-Reihenfolge.

1. Reconnaissance (passive/active)
2. Scanning & Enumeration
3. Vulnerability Analysis
4. Exploitation
5. Lateral Movement & Pivot
6. Reporting","CORRECT_ORDER: 1,2,3,4,5,6

Phase 1 (Reconnaissance) sammelt Informationen ueber das Ziel — passiv (OSINT, DNS, Whois) und aktiv (Direct Probing). Phase 2 (Scanning & Enumeration) identifiziert offene Ports, Dienste und Versionen via Nmap, Banner Grabbing. Phase 3 (Vulnerability Analysis) korreliert die gefundenen Dienste mit bekannten CVEs/Schwachstellen. Phase 4 (Exploitation) versucht die Schwachstelle technisch auszunutzen (Metasploit, manuelle Exploits). Phase 5 (Lateral Movement) bewegt sich nach dem Initial Foothold zu weiteren Systemen via Pass-the-Hash, Kerberoasting, Pivoting. Phase 6 (Reporting) dokumentiert Funde, Risiken und Empfehlungen — der eigentliche Mehrwert fuer den Kunden.

Merkhilfe: 'Recon → Scan → Vuln → Exploit → Move → Report' — der Pentest folgt dem klassischen Cyber-Kill-Chain-Pattern, nur als autorisierte Uebung.","Audits and Assessments PBQ","","","","","0","0","0","0","2500","0","0","1779095116170"
"1779095116171","pbq-threat-actor-types-b1bfb96a","sy0-701-objective-2-1","2.1 Threat Actors","MATCHING:
Ordne jede Beschreibung dem richtigen Threat-Actor-Typ zu.

Government-sponsored, hochentwickelt, langfristige Operationen >> Nation-state
Politisch oder ideologisch motiviert, Defacing/Leaks >> Hacktivist
Profit-orientierte kriminelle Organisation >> Organized Crime
Trusted Mitarbeiter missbraucht legitimen Zugang >> Insider Threat
Unerfahren, nutzt fertige Tools ohne tiefes Verstaendnis >> Unskilled Attacker
User bypassen IT-Policies durch eigene Tools/Cloud-Dienste >> Shadow IT","Government-sponsored, hochentwickelt, langfristige Operationen = Nation-state
Politisch oder ideologisch motiviert, Defacing/Leaks = Hacktivist
Profit-orientierte kriminelle Organisation = Organized Crime
Trusted Mitarbeiter missbraucht legitimen Zugang = Insider Threat
Unerfahren, nutzt fertige Tools ohne tiefes Verstaendnis = Unskilled Attacker
User bypassen IT-Policies durch eigene Tools/Cloud-Dienste = Shadow IT

Merkhilfe: Threat-Actor-Klassifikation nach (1) Skill, (2) Resource-Level, (3) Motivation. Nation-state = hoechste Resource. Hacktivist = Message > Profit. Organized Crime = Profit > Message. Insider = Trust (intern). Unskilled = niedrige Skill. Shadow IT = unautorisierte legitime User, nicht boese Absicht aber Risiko.","Threat Actors PBQ","","","","","0","0","0","0","2500","0","0","1779095116171"
"1779095116172","pbq-malware-types-0651957b","sy0-701-objective-2-4","2.4 Indicators of Malicious Activity","MATCHING:
Ordne jedes Verhalten dem richtigen Malware-Typ zu.

Verschluesselt Dateien, fordert Loesegeld >> Ransomware
Repliziert sich selbst ueber Netzwerk ohne User-Interaktion >> Worm
Tarnt sich als legitime Software >> Trojan
Versteckt sich auf OS-Kernel-Ebene >> Rootkit
Erfasst Tastatureingaben heimlich >> Keylogger
Wartet auf spezifische Bedingung vor Ausfuehrung >> Logic Bomb
Bietet Remote-Zugriff inkl. Screen-Capture >> RAT","Verschluesselt Dateien, fordert Loesegeld = Ransomware
Repliziert sich selbst ueber Netzwerk ohne User-Interaktion = Worm
Tarnt sich als legitime Software = Trojan
Versteckt sich auf OS-Kernel-Ebene = Rootkit
Erfasst Tastatureingaben heimlich = Keylogger
Wartet auf spezifische Bedingung vor Ausfuehrung = Logic Bomb
Bietet Remote-Zugriff inkl. Screen-Capture = RAT

Merkhilfe: Schluessel-Eigenschaft pro Typ. Ransomware = Erpressung. Worm = Selbst-Replikation. Trojan = Maskerade. Rootkit = Kernel-Persistence. Keylogger = Input-Capture. Logic Bomb = Trigger-basiert. RAT = Remote Control. Viren brauchen einen Host (anders als Worm).","Malicious Activity Indicators PBQ","","","","","0","0","0","0","2500","0","0","1779095116172"
"1779095116173","pbq-risk-treatment-b4714386","sy0-701-objective-5-2","5.2 Risk Management","MATCHING:
Ordne jede Geschaeftsentscheidung der richtigen Risk-Treatment-Strategie zu.

Cyber-Versicherung abschliessen >> Transfer
Niedrig-Probability/Impact Risiko hinnehmen >> Accept
Patching, Hardening, MFA einfuehren >> Mitigate
Risikoreichen Service ganz einstellen >> Avoid
Drittanbieter beauftragen + SLA-Pflichten >> Transfer
Risiko ist Teil des Geschaeftsmodells, bewusst tragen >> Accept","Cyber-Versicherung abschliessen = Transfer
Niedrig-Probability/Impact Risiko hinnehmen = Accept
Patching, Hardening, MFA einfuehren = Mitigate
Risikoreichen Service ganz einstellen = Avoid
Drittanbieter beauftragen + SLA-Pflichten = Transfer
Risiko ist Teil des Geschaeftsmodells, bewusst tragen = Accept

Merkhilfe: Vier Risk-Strategien. AVOID = Risiko-Quelle eliminieren. MITIGATE = Wahrscheinlichkeit/Impact reduzieren. TRANSFER = an Dritten weitergeben (Versicherung, MSP). ACCEPT = bewusst tragen (zu klein, zu teuer zu mitigieren, oder Geschaeftsentscheidung).","Risk Management PBQ","","","","","0","0","0","0","2500","0","0","1779095116173"
"1779095116174","pbq-dr-site-types-52ae6b86","sy0-701-objective-3-4","3.4 Resiliency and Recovery","MATCHING:
Ordne jede Beschreibung dem richtigen Disaster-Recovery-Site-Typ zu.

Voll ausgestattet, Echtzeit-Replikation, sofortiger Failover >> Hot Site
Hardware vorhanden, Daten muessen geladen werden (Stunden) >> Warm Site
Nur Gebaeude und Strom, Hardware/Daten erst aufbauen (Tage) >> Cold Site
Backup-Standort geographisch weit entfernt vom Primary >> Geographic Diversity
Cloud-basierte ad-hoc Recovery-Umgebung (z.B. AWS DRS) >> Cloud DR","Voll ausgestattet, Echtzeit-Replikation, sofortiger Failover = Hot Site
Hardware vorhanden, Daten muessen geladen werden (Stunden) = Warm Site
Nur Gebaeude und Strom, Hardware/Daten erst aufbauen (Tage) = Cold Site
Backup-Standort geographisch weit entfernt vom Primary = Geographic Diversity
Cloud-basierte ad-hoc Recovery-Umgebung (z.B. AWS DRS) = Cloud DR

Merkhilfe: Recovery-Sites trade off Kosten vs RTO. Hot = teuer, RTO Minuten. Warm = mittel, RTO Stunden. Cold = guenstig, RTO Tage. Geographic Diversity ist orthogonal — gegen regionale Katastrophen. Cloud DR ist mittlerweile oft Standard fuer Warm/Hot ohne CAPEX.","Resilience and Recovery PBQ","","","","","0","0","0","0","2500","0","0","1779095116174"
"1779095116175","pbq-data-states-ff17116a","sy0-701-objective-3-3","3.3 Protecting Data","MATCHING:
Ordne jeden Schutzmechanismus dem Daten-State zu, den er primaer schuetzt.

TLS 1.3 / IPsec / VPN-Tunnel >> Data in Transit
AES Full-Disk Encryption (LUKS, BitLocker) >> Data at Rest
Secure Enclave / Intel SGX / Confidential Computing >> Data in Use
Database Transparent Data Encryption (TDE) >> Data at Rest
HTTPS-Verbindung Browser zu Server >> Data in Transit
Confidential VMs (AMD SEV-SNP) >> Data in Use","TLS 1.3 / IPsec / VPN-Tunnel = Data in Transit
AES Full-Disk Encryption (LUKS, BitLocker) = Data at Rest
Secure Enclave / Intel SGX / Confidential Computing = Data in Use
Database Transparent Data Encryption (TDE) = Data at Rest
HTTPS-Verbindung Browser zu Server = Data in Transit
Confidential VMs (AMD SEV-SNP) = Data in Use

Merkhilfe: Drei Daten-States. AT REST = auf Disk/DB → Disk/DB-Encryption. IN TRANSIT = ueber Netz → TLS/IPsec/VPN. IN USE = im RAM/Prozessor → Confidential Computing (Hardware-Enklaven). Letzteres ist das neueste/schwierigste — schuetzt sogar gegen Cloud-Admin mit physischem Zugriff.","Data Protection PBQ","","","","","0","0","0","0","2500","0","0","1779095116175"
"1779669134167","b0b3690b-ecee-4ec6-9804-1fb9c2b41210","pbq-test-deck-001","Interaktive Übungen","ORDERING:
Eine Firewall wertet ACL-Regeln streng top-down aus (erster Match gewinnt).
Bringe diese Regeln in die korrekte Reihenfolge, damit nur HTTPS aus 10.0.0.0/24 zum Web-Server erlaubt ist und alles andere verworfen + geloggt wird.

1) DENY ALL (Catch-all, sonst implicit deny)
2) ALLOW tcp 10.0.0.0/24 -> web-prod:443 (HTTPS erlauben)
3) LOG ALL DENIED (Audit-Trail fuer Blocks)
4) DENY tcp ANY -> web-prod:22 (SSH explizit blocken)","CORRECT_ORDER: 2,4,3,1
ALLOW HTTPS aus Subnetz -> DENY SSH explizit -> LOG denied -> DENY ALL.

Begruendung (SY0-701 Obj 4.5 Firewalls):
- Spezifische ALLOWs IMMER vor generischen DENYs (sonst greift catch-all zuerst).
- Explizite DENYs vor LOG-Regel, sonst werden Blocks nicht geloggt.
- Catch-all DENY ALL ganz am Ende als Sicherheitsnetz.

Merkhilfe: ""Specific to General"" - die spezifischste Regel zuerst, die generischste zuletzt.","Firewall Rules Security Operations PBQ","","","","","0","0","0","0","2500","0","0","1779669134167"
"1779669134168","8c67b20a-412a-4cc0-a459-17c8e496e9ab","pbq-test-deck-001","Interaktive Übungen","MATCHING:
Ordne jede Geschaeftsentscheidung der korrekten Risk-Treatment-Strategie aus SY0-701 Obj 5.2 zu.

Cyber-Haftpflicht-Versicherung abschliessen >> Transfer
WAF gegen SQL-Injection einsetzen >> Mitigate
Legacy-SSLv2-Service vollstaendig abschalten >> Avoid
Minimales Restrisiko nach Patching bewusst hinnehmen >> Accept
SOC-2-Audit durch externen Auditor durchfuehren lassen >> Transfer
MFA-Pflicht fuer alle Admin-Accounts einfuehren >> Mitigate","Cyber-Haftpflicht-Versicherung abschliessen = Transfer
WAF gegen SQL-Injection einsetzen = Mitigate
Legacy-SSLv2-Service vollstaendig abschalten = Avoid
Minimales Restrisiko nach Patching bewusst hinnehmen = Accept
SOC-2-Audit durch externen Auditor durchfuehren lassen = Transfer
MFA-Pflicht fuer alle Admin-Accounts einfuehren = Mitigate

Merkhilfe (NIST SP 800-39 §2.4):
- Transfer = Risiko an Dritte abgeben (Versicherung, Auditor)
- Mitigate = Wahrscheinlichkeit/Impact durch Controls reduzieren (Service laeuft weiter)
- Avoid = Aktivitaet/Asset eliminieren (Service wird abgeschaltet)
- Accept = Risiko bewusst hinnehmen ohne weitere Aktion","Risk Management Domain 5 PBQ","","","","","0","0","0","0","2500","0","0","1779669134168"
"1779669134169","7ced4173-0223-4b7b-a252-a52f6e7f3175","pbq-test-deck-001","Interaktive Übungen","MATCHING:
Ordne jeden Use-Case dem passenden Encryption-Level aus SY0-701 Obj 1.4 zu.
(PDF S. 5 listet: Full-disk / Partition / File / Volume / Database / Record)

BitLocker auf gestohlenem Laptop schuetzt das gesamte Betriebssystem >> Full-disk
Verschluesselter Container nur fuer sensible Projekt-Daten >> Volume
Einzelne PII-Felder (Geburtsdatum, SSN) in Customer-Tabelle >> Record
Backup-Archiv als verschluesselte .zip mit Passwort >> File
Gesamte SQL-Database mit Transparent Data Encryption >> Database
EFI-System-Partition getrennt von Daten-Partition verschluesselt >> Partition","BitLocker auf gestohlenem Laptop = Full-disk
Verschluesselter Container nur fuer sensible Projekt-Daten = Volume
Einzelne PII-Felder = Record
Backup-Archiv als verschluesselte .zip = File
Gesamte SQL-Database mit TDE = Database
EFI-System-Partition getrennt = Partition

Merkhilfe (Granularitaet von grob nach fein): Disk -> Partition -> File -> Volume -> Database -> Record.
Faustregel: je sensibler die Daten, desto feiner die Granularitaet (Record-level fuer einzelne PII-Felder).","Cryptographic Solutions Domain 1 PBQ","","","","","0","0","0","0","2500","0","0","1779669134169"
"1779669260165","6bbd400e-99ab-4fc2-a156-9ffe001fb9e8","sy0-701-objective-3-1","3.1 Architecture Models","Welche Bedeutung hat das Acronym 'CASB' im SY0-701-Kontext (Obj 3.1)?
A: Centralized Access Security Boundary
B: Cloud Access Single Bridge
C: Cloud Application Service Broker
D: Cloud Access Security Broker",">> CORRECT: D | CASB = Cloud Access Security Broker

Policy-Enforcement-Punkt zwischen Cloud-Konsument und Cloud-Provider. Setzt DLP, Auth, Encryption fuer Cloud-Apps durch.

Eselsbruecke: CASB = der Tuersteher zur Cloud. Broker = vermittelt zwischen User und Cloud, kann Regeln durchsetzen.

PDF-Bezug: SY0-701 Obj 3.1","Acronyms Obj 3.1","","","","","0","0","0","0","2500","0","0","1779669260165"
"1779669260166","552deb3b-dfd8-4e63-b473-394349e7bc8f","sy0-701-objective-3-1","3.1 Architecture Models","Welche Bedeutung hat das Acronym 'SASE' im SY0-701-Kontext (Obj 3.1)?
A: Secure Access Service Edge
B: Secure Application Service Environment
C: Scalable Authentication Service Edge
D: Software-Assisted Secure Endpoint",">> CORRECT: A | SASE = Secure Access Service Edge

Konvergenz von SD-WAN + Cloud-Security (CASB, SWG, ZTNA, FWaaS) als Cloud-Service.

Eselsbruecke: SASE = sassy edge. Alles am Cloud-Rand: Netzwerk + Security in einem Service.

PDF-Bezug: SY0-701 Obj 3.1","Acronyms Obj 3.1","","","","","0","0","0","0","2500","0","0","1779669260166"
"1779669260167","4ee7c011-680e-42ed-bb62-2f9ca70b3686","sy0-701-objective-5-3","5.3 Third-party Risk","Welche Bedeutung hat das Acronym 'SBOM' im SY0-701-Kontext (Obj 5.3)?
A: Software Behaviour Outline Metadata
B: Standard Build Output Manifest
C: Software Bill of Materials
D: System Boot Operations Manifest",">> CORRECT: C | SBOM = Software Bill of Materials

Maschinenlesbare Liste aller Komponenten/Dependencies einer Software. Schluessel fuer Supply-Chain-Security.

Eselsbruecke: SBOM = wie Zutatenliste auf Lebensmittel. Was ist alles in der Software drin?

PDF-Bezug: SY0-701 Obj 5.3","Acronyms Obj 5.3","","","","","2","2","20600","1","700","1","0","1779669260167"
"1779669260168","521ec625-0221-412d-995e-a5bfb7e4c16c","sy0-701-objective-1-4","1.4 Cryptographic Solutions","Welche Bedeutung hat das Acronym 'SED' im SY0-701-Kontext (Obj 1.4)?
A: Single-Encryption Drive
B: Secure Encryption Device
C: Software-Encrypted Disk
D: Self-Encrypting Drive",">> CORRECT: D | SED = Self-Encrypting Drive

Festplatte/SSD mit eingebauter Hardware-Verschluesselung. Schluessel im Controller, nicht in der OS-Schicht.

Eselsbruecke: SED = Self = macht alles selbst. Disk verschluesselt sich selbst, OS muss nichts tun.

PDF-Bezug: SY0-701 Obj 1.4","Acronyms Obj 1.4","","","","","2","2","20610","10","500","3","1","1779669260168"
"1779669260169","9c5d62b5-a4c6-48f0-843b-0bdbee01088b","sy0-701-objective-1-2","1.2 Security Concepts","Welche Bedeutung hat das Acronym 'ZTNA' im SY0-701-Kontext (Obj 1.2)?
A: Zoned Trust Network Architecture
B: Zero Trust Network Access
C: Zone-based Tunneling Network Access
D: Zero-Touch Network Authentication",">> CORRECT: B | ZTNA = Zero Trust Network Access

Brokered Access zu Apps statt Network-Level VPN. Authentifizierung pro Session, kein impliziter Trust.

Eselsbruecke: ZTNA = wie ein Tuersteher bei jeder Tuer. Kein Generalpass wie bei VPN.

PDF-Bezug: SY0-701 Obj 1.2","Acronyms Obj 1.2","","","","","2","2","20601","3","500","1","0","1779669260169"
"1779669260170","aa3ee4b8-ba9e-4b32-8aa2-e76df5b9e383","sy0-701-objective-4-5","4.5 Enterprise Security","Welche Bedeutung hat das Acronym 'XDR' im SY0-701-Kontext (Obj 4.5)?
A: Extended Detection and Response
B: External Defense and Recovery
C: Extended Data Reporting
D: Expanded Domain Resilience",">> CORRECT: A | XDR = Extended Detection and Response

Erweiterung von EDR auf Netzwerk, Cloud, Email - korreliert Signale ueber Domains.

Eselsbruecke: XDR = EDR + X (alles andere). E=Endpoint, X=alles ausserhalb des Endpoints.

PDF-Bezug: SY0-701 Obj 4.5","Acronyms Obj 4.5","","","","","2","2","20599","1","700","1","0","1779669260170"
"1779669260171","2cd3834a-96c4-4642-a553-a6931bdc928e","sy0-701-objective-4-4","4.4 Security Monitoring","Welche Bedeutung hat das Acronym 'MDR' im SY0-701-Kontext (Obj 4.4)?
A: Mandatory Data Retention
B: Managed Detection and Response
C: Multi-Domain Recovery
D: Monitored Defense Reaction",">> CORRECT: B | MDR = Managed Detection and Response

EDR/XDR als externer Service (24/7 SOC outsourced).

Eselsbruecke: MDR = M wie 'Managed'. Du machst nichts, der Dienstleister macht's.

PDF-Bezug: SY0-701 Obj 4.4","Acronyms Obj 4.4","","","","","0","0","0","0","2500","0","0","1779669260171"
"1779669260172","6ad2e503-a3cd-42d8-9328-c1f3cec77317","sy0-701-objective-4-7","4.7 Automation and Orchestration","Welche Bedeutung hat das Acronym 'SOAR' im SY0-701-Kontext (Obj 4.7)?
A: Secure Operations Audit Repository
B: Security Override and Authentication Routing
C: Security Orchestration, Automation, and Response
D: System Optimization And Recovery",">> CORRECT: C | SOAR = Security Orchestration, Automation, and Response

Plattform fuer Playbook-Automation in Incident Response. Verbindet SIEM, EDR, Ticketing.

Eselsbruecke: SOAR = soar wie 'fliegen'. Workflows fliegen automatisch durch die Tools.

PDF-Bezug: SY0-701 Obj 4.7","Acronyms Obj 4.7","","","","","0","0","0","0","2500","0","0","1779669260172"
"1779669260173","2bb277e0-4565-44a2-a2ea-5e51bdcbce7d","sy0-701-objective-4-1","4.1 Security Techniques","Welche Bedeutung hat das Acronym 'CCMP' im SY0-701-Kontext (Obj 4.1)?
A: Counter Mode CBC-MAC Protocol
B: Cellular Communication Mode Protocol
C: Cipher Chain Management Protocol
D: Crypto Compliance Management Plan",">> CORRECT: A | CCMP = Counter Mode CBC-MAC Protocol

AES-basiertes Verschluesselungsprotokoll in WPA2. Ersetzt das veraltete TKIP.

Eselsbruecke: CCMP = Counter Mode + CBC-MAC. C-C-M-P = die zwei Mechanismen im Namen.

PDF-Bezug: SY0-701 Obj 4.1","Acronyms Obj 4.1","","","","","0","0","0","0","2500","0","0","1779669260173"
"1779669260174","93200b25-f233-4f19-83d0-60c344156d50","sy0-701-objective-4-5","4.5 Enterprise Security","Welche Bedeutung hat das Acronym 'NGFW' im SY0-701-Kontext (Obj 4.5)?
A: Native Gateway Filter Wall
B: Next-Generation Forwarding Wall
C: Network Gateway Firewall
D: Next-Generation Firewall",">> CORRECT: D | NGFW = Next-Generation Firewall

Firewall mit Layer-7 Deep Packet Inspection, IPS, App-Awareness, User-Identity-Mapping.

Eselsbruecke: NGFW = Next-Gen = nicht nur Port/IP, sondern App/User/Inhalt erkennen.

PDF-Bezug: SY0-701 Obj 4.5","Acronyms Obj 4.5","","","","","2","2","20599","1","2005","1","0","1779669260174"
"1779669260175","058b3406-8398-4c7e-8fc0-6c891918be28","sy0-701-objective-3-4","3.4 Resiliency and Recovery","Welche Bedeutung hat das Acronym 'MTBF' im SY0-701-Kontext (Obj 3.4)?
A: Maximum Tolerable Burst Frequency
B: Mean Test Benchmark Frequency
C: Mean Time Between Failures
D: Most Typical Backup Frequency",">> CORRECT: C | MTBF = Mean Time Between Failures

Durchschnittliche Betriebszeit zwischen zwei Ausfaellen (Reliability-Metrik).

Eselsbruecke: MTBF = how long BETWEEN failures. Wie lange laeuft es zwischen Crashes?

PDF-Bezug: SY0-701 Obj 3.4","Acronyms Obj 3.4","","","","","0","0","0","0","2500","0","0","1779669260175"
"1779669260176","1c000346-fe01-462b-afcd-e6ea385dc9c0","sy0-701-objective-3-4","3.4 Resiliency and Recovery","Welche Bedeutung hat das Acronym 'MTTR' im SY0-701-Kontext (Obj 3.4)?
A: Minimum Threshold To Restart
B: Mean Time To Respond
C: Maximum Tolerable Threat Rate
D: Mean Time To Repair",">> CORRECT: D | MTTR = Mean Time To Repair

Durchschnittliche Zeit, um System nach Ausfall wieder herzustellen.

Eselsbruecke: MTTR = how long TO REPAIR. Wie schnell ist es nach Crash wieder da?

PDF-Bezug: SY0-701 Obj 3.4","Acronyms Obj 3.4","","","","","0","0","0","0","2500","0","0","1779669260176"
"1779669260177","ecaf5afb-a76b-4203-8d5d-f47c636660b6","sy0-701-objective-3-4","3.4 Resiliency and Recovery","Welche Bedeutung hat das Acronym 'RTO' im SY0-701-Kontext (Obj 3.4)?
A: Recovery Time Objective
B: Risk Tolerance Outcome
C: Recovery Trigger Order
D: Required Threat Overview",">> CORRECT: A | RTO = Recovery Time Objective

Max. tolerierte Ausfallzeit nach Disaster. Definiert wie schnell Recovery sein muss.

Eselsbruecke: RTO = Recovery TIME. Wie viel ZEIT darf es ausfallen?

PDF-Bezug: SY0-701 Obj 3.4","Acronyms Obj 3.4","","","","","0","0","0","0","2500","0","0","1779669260177"
"1779669260178","39c1f4a4-9e12-496f-bcdb-104c927927e2","sy0-701-objective-3-4","3.4 Resiliency and Recovery","Welche Bedeutung hat das Acronym 'RPO' im SY0-701-Kontext (Obj 3.4)?
A: Restore Path Origin
B: Risk Priority Order
C: Recovery Process Outline
D: Recovery Point Objective",">> CORRECT: D | RPO = Recovery Point Objective

Max. tolerierter Datenverlust (Zeit). Definiert Backup-Frequenz.

Eselsbruecke: RPO = Recovery POINT. Bis zu welchem POINT in der Zeit darf ich zurueckgehen (Datenverlust)?

PDF-Bezug: SY0-701 Obj 3.4","Acronyms Obj 3.4","","","","","0","0","0","0","2500","0","0","1779669260178"
"1779669260179","d09dee1b-fec3-4ff0-aa84-fb999bcf343c","sy0-701-objective-4-3","4.3 Vulnerability Management","Welche Bedeutung hat das Acronym 'SCAP' im SY0-701-Kontext (Obj 4.3)?
A: Standard Crypto Authentication Profile
B: System Configuration Audit Process
C: Security Content Automation Protocol
D: Secure Channel Access Protocol",">> CORRECT: C | SCAP = Security Content Automation Protocol

NIST-Standard fuer automatisierte Schwachstellen- und Compliance-Checks.

Eselsbruecke: SCAP = Scan-Automation. Liest Configs maschinell, checkt gegen Baselines.

PDF-Bezug: SY0-701 Obj 4.3","Acronyms Obj 4.3","","","","","0","0","0","0","2500","0","0","1779669260179"
"1779669260180","05d5673b-4c14-4436-8c83-ab3cf6796876","sy0-701-objective-4-5","4.5 Enterprise Security","Welche Bedeutung hat das Acronym 'DKIM' im SY0-701-Kontext (Obj 4.5)?
A: Domain Knowledge Information Manager
B: Dynamic Key Inspection Mode
C: DomainKeys Identified Mail
D: Distributed Key Infrastructure Mode",">> CORRECT: C | DKIM = DomainKeys Identified Mail

Email-Signatur auf Domain-Ebene zur Verifikation. Teil des Email-Auth-Stacks SPF+DKIM+DMARC.

Eselsbruecke: DKIM = signt JEDE EMAIL mit Domain-Key. Empfaenger pruefts gegen DNS.

PDF-Bezug: SY0-701 Obj 4.5","Acronyms Obj 4.5","","","","","2","2","20599","1","2005","1","0","1779669260180"
"1779669260181","dffdc623-93d1-47eb-b3b6-cc734cdca0ae","sy0-701-objective-4-5","4.5 Enterprise Security","Welche Bedeutung hat das Acronym 'SPF' im SY0-701-Kontext (Obj 4.5)?
A: Server Performance Framework
B: Secure Protocol Filter
C: Service Provider Federation
D: Sender Policy Framework",">> CORRECT: D | SPF = Sender Policy Framework

DNS-Record listet erlaubte Mail-Server fuer eine Domain. Verhindert Sender-Spoofing.

Eselsbruecke: SPF = wie eine Gaesteliste. Nur Mail-Server auf der Liste duerfen senden.

PDF-Bezug: SY0-701 Obj 4.5","Acronyms Obj 4.5","","","","","0","0","0","0","2500","0","0","1779669260181"
"1779669260182","9d96a05c-3fcc-4811-85c9-70b6ab792654","sy0-701-objective-4-5","4.5 Enterprise Security","Welche Bedeutung hat das Acronym 'DMARC' im SY0-701-Kontext (Obj 4.5)?
A: Dynamic Mail Authentication Routing Center
B: Domain-based Message Authentication, Reporting & Conformance
C: Direct Message Access Recovery Control
D: Domain Mail Audit Reporting Channel",">> CORRECT: B | DMARC = Domain-based Message Authentication, Reporting & Conformance

Policy auf Basis von SPF+DKIM. Sagt Empfaengern was bei Fail zu tun ist + Reporting.

Eselsbruecke: DMARC = der CHEF von SPF+DKIM. Sagt: 'wenn die zwei nicht passen, mach X' + Reports.

PDF-Bezug: SY0-701 Obj 4.5","Acronyms Obj 4.5","","","","","0","0","0","0","2500","0","0","1779669260182"
"1779669260183","2a318072-e7c8-4c00-8edf-1658e0f6915a","sy0-701-objective-4-3","4.3 Vulnerability Management","Welche Bedeutung hat das Acronym 'STIX' im SY0-701-Kontext (Obj 4.3)?
A: System Threat Indicator eXchange
B: Standard Tactical Intelligence eXchange
C: Software Threat Inventory eXtension
D: Structured Threat Information eXpression",">> CORRECT: D | STIX = Structured Threat Information eXpression

Standardformat fuer Threat-Intel-Austausch (JSON-Schema).

Eselsbruecke: STIX = das Format (wie JSON-Schema fuer Threats). TAXII ist der Transport dazu.

PDF-Bezug: SY0-701 Obj 4.3","Acronyms Obj 4.3","","","","","0","0","0","0","2500","0","0","1779669260183"
"1779669260184","2ee6d3ab-b496-4d0a-ad02-8ac09514dba6","sy0-701-objective-4-3","4.3 Vulnerability Management","Welche Bedeutung hat das Acronym 'TAXII' im SY0-701-Kontext (Obj 4.3)?
A: Tactical Analysis eXchange Inter-Infrastructure
B: Transport Authentication eXchange Information Interchange
C: Trusted Automated eXchange of Indicator Information
D: Threat Aggregation eXchange Indicator Interface",">> CORRECT: C | TAXII = Trusted Automated eXchange of Indicator Information

Transport-Protokoll fuer STIX-Threat-Intel zwischen Organisationen.

Eselsbruecke: TAXII = der Transport (Taxi). STIX faehrt im TAXII zum Empfaenger.

PDF-Bezug: SY0-701 Obj 4.3","Acronyms Obj 4.3","","","","","0","0","0","0","2500","0","0","1779669260184"
"1779669260185","e9f5cc65-e00e-4618-8cad-03a1135f0f15","sy0-701-objective-2-1","2.1 Threat Actors","Welche Bedeutung hat das Acronym 'TTP' im SY0-701-Kontext (Obj 2.1)?
A: Threat Triage Protocol
B: Trusted Transmission Profile
C: Time-to-Patch
D: Tactics, Techniques, and Procedures",">> CORRECT: D | TTP = Tactics, Techniques, and Procedures

MITRE ATT&CK-Beschreibung wie ein Angreifer agiert. Threat-Intel-Kerneinheit.

Eselsbruecke: TTP = WIE der Angreifer arbeitet. Wie Mafia-Modus-Operandi.

PDF-Bezug: SY0-701 Obj 2.1","Acronyms Obj 2.1","","","","","0","0","0","0","2500","0","0","1779669260185"
"1779669260186","5d18adc5-d9a9-462a-8d86-0cab14881660","sy0-701-objective-4-4","4.4 Security Monitoring","Welche Bedeutung hat das Acronym 'IoC' im SY0-701-Kontext (Obj 4.4)?
A: Indicator of Compromise
B: Internet of Containers
C: Internal Operations Center
D: Inventory of Cards",">> CORRECT: A | IoC = Indicator of Compromise

Forensisches Artefakt (Hash, IP, Domain, Registry-Key), das auf Kompromittierung hindeutet.

Eselsbruecke: IoC = Spuren am Tatort. Hash/IP/Datei = der digitale Fingerabdruck des Angreifers.

PDF-Bezug: SY0-701 Obj 4.4","Acronyms Obj 4.4","","","","","0","0","0","0","2500","0","0","1779669260186"
"1779669260187","e7f52ace-76ba-497b-8d73-21e8464c7015","sy0-701-objective-3-1","3.1 Architecture Models","Welche Bedeutung hat das Acronym 'IaaS' im SY0-701-Kontext (Obj 3.1)?
A: Inventory as a Service
B: Infrastructure as a Service
C: Identity as a Service
D: Integration as a Service",">> CORRECT: B | IaaS = Infrastructure as a Service

Cloud-Modell: Kunde mietet VMs, Netzwerk, Storage (z.B. AWS EC2).

Eselsbruecke: IaaS = INFRA. Du mietest Bausteine (VMs/Netz), baust selbst alles drauf.

PDF-Bezug: SY0-701 Obj 3.1","Acronyms Obj 3.1","","","","","0","0","0","0","2500","0","0","1779669260187"
"1779669260188","4c72bd4c-5ab3-4789-aad4-c83809699a1d","sy0-701-objective-3-1","3.1 Architecture Models","Welche Bedeutung hat das Acronym 'PaaS' im SY0-701-Kontext (Obj 3.1)?
A: Performance as a Service
B: Platform as a Service
C: Patch as a Service
D: Privacy as a Service",">> CORRECT: B | PaaS = Platform as a Service

Cloud-Modell: Kunde mietet App-Runtime + DB (z.B. Heroku, App Engine).

Eselsbruecke: PaaS = PLATFORM. Du mietest die Plattform, deployest nur deine App.

PDF-Bezug: SY0-701 Obj 3.1","Acronyms Obj 3.1","","","","","0","0","0","0","2500","0","0","1779669260188"
"1779669260189","07648d90-29cb-427d-9996-161c8fe29ddc","sy0-701-objective-3-1","3.1 Architecture Models","Welche Bedeutung hat das Acronym 'SaaS' im SY0-701-Kontext (Obj 3.1)?
A: Software as a Service
B: Security as a Service
C: Storage as a Service
D: Streaming as a Service",">> CORRECT: A | SaaS = Software as a Service

Cloud-Modell: Kunde nutzt fertige Anwendung (z.B. M365, Salesforce).

Eselsbruecke: SaaS = SOFTWARE fertig. Du klickst dich ein, alles ist da.

PDF-Bezug: SY0-701 Obj 3.1","Acronyms Obj 3.1","","","","","0","0","0","0","2500","0","0","1779669260189"
"1779669260190","212789a1-b537-4cef-949c-e332d6829d7c","sy0-701-objective-4-1","4.1 Security Techniques","Welche Bedeutung hat das Acronym 'CYOD' im SY0-701-Kontext (Obj 4.1)?
A: Configure Your Office Device
B: Carry Your Owned Device
C: Centralized Yield-Optimized Deployment
D: Choose Your Own Device",">> CORRECT: D | CYOD = Choose Your Own Device

Mobile-Strategie: Mitarbeiter waehlt aus genehmigter Geraete-Liste, Firma kauft.

Eselsbruecke: CYOD = CHOOSE (aus Liste). Du waehlst, Firma zahlt und besitzt.

PDF-Bezug: SY0-701 Obj 4.1","Acronyms Obj 4.1","","","","","0","0","0","0","2500","0","0","1779669260190"
"1779669260191","0880cde6-01ae-4a8b-a78e-d015dac41e61","sy0-701-objective-4-1","4.1 Security Techniques","Welche Bedeutung hat das Acronym 'COPE' im SY0-701-Kontext (Obj 4.1)?
A: Corporate-Owned, Personally Enabled
B: Centralized Operations Policy Engine
C: Cloud-Optimized Personal Endpoint
D: Corporate Operations Privacy Enforcement",">> CORRECT: A | COPE = Corporate-Owned, Personally Enabled

Mobile-Strategie: Firma kauft + besitzt, private Nutzung erlaubt.

Eselsbruecke: COPE = Corporate Owned, Personally Enabled. Firma kauft, du darfst privat nutzen.

PDF-Bezug: SY0-701 Obj 4.1","Acronyms Obj 4.1","","","","","0","0","0","0","2500","0","0","1779669260191"
"1779669260192","b73966d5-9e81-4018-b01a-ac435962e426","sy0-701-objective-4-1","4.1 Security Techniques","Welche Bedeutung hat das Acronym 'BYOD' im SY0-701-Kontext (Obj 4.1)?
A: Branded Yield Operation Deployment
B: Bring Your Own Device
C: Buy Your Own Device
D: Build Your Own Disk",">> CORRECT: B | BYOD = Bring Your Own Device

Mobile-Strategie: Mitarbeiter nutzt eigenes Geraet fuer Firmenarbeit. Hoechstes Risiko.

Eselsbruecke: BYOD = du BRINGST dein eigenes. Firma hat geringste Kontrolle = hoechstes Risiko.

PDF-Bezug: SY0-701 Obj 4.1","Acronyms Obj 4.1","","","","","0","0","0","0","2500","0","0","1779669260192"
"1779669260193","1901330c-ae3c-4333-8226-ec4bc5f9f958","sy0-701-objective-3-1","3.1 Architecture Models","Welche Bedeutung hat das Acronym 'RTOS' im SY0-701-Kontext (Obj 3.1)?
A: Reliable Transaction Order System
B: Remote Terminal Operating System
C: Real-Time Operating System
D: Routing-Table Optimization Service",">> CORRECT: C | RTOS = Real-Time Operating System

Embedded-OS mit garantierter Reaktionszeit. Sicherheits-relevant fuer SCADA/ICS/Medical.

Eselsbruecke: RTOS = Real-Time = hartes Timing. Pacemaker, Auto-Bremse, Fluglogik.

PDF-Bezug: SY0-701 Obj 3.1","Acronyms Obj 3.1","","","","","0","0","0","0","2500","0","0","1779669260193"
"1779669260194","5eed8c02-152a-4354-9dd3-2bfa0cdf620b","sy0-701-objective-5-4","5.4 Security Compliance","Welche Bedeutung hat das Acronym 'PII' im SY0-701-Kontext (Obj 5.4)?
A: Public Internet Indicator
B: Private Infrastructure Inventory
C: Privacy Index Integer
D: Personally Identifiable Information",">> CORRECT: D | PII = Personally Identifiable Information

Datenkategorie: Infos die zur Person rueckfuehrbar sind. Regulator-relevant (GDPR, HIPAA).

Eselsbruecke: PII = PERSONAL. Name, SSN, Geburtsdatum = identifizieren eine Person.

PDF-Bezug: SY0-701 Obj 5.4","Acronyms Obj 5.4","","","","","0","0","0","0","2500","0","0","1779669260194"
"1779724748973","46fc19dd-fa9d-456b-a995-21f8b65bdf4c","sy0-701-acronyms-bonus","Acronym-Bonus (ABCD + PBQ)","MATCHING:
Ordne jedes Cloud/Zero-Trust-Acronym seiner Vollform zu.

CASB >> Cloud Access Security Broker
SASE >> Secure Access Service Edge
ZTNA >> Zero Trust Network Access
IaaS >> Infrastructure as a Service
PaaS >> Platform as a Service
SaaS >> Software as a Service","CASB = Cloud Access Security Broker
SASE = Secure Access Service Edge
ZTNA = Zero Trust Network Access
IaaS = Infrastructure as a Service
PaaS = Platform as a Service
SaaS = Software as a Service

Eselsbruecke fuer das XaaS-Trio:
- IaaS = Infrastruktur (du baust alles selbst auf VMs)
- PaaS = Plattform (du deployest nur Code)
- SaaS = Software ist fertig (du loggst dich ein)

Eselsbruecke Cloud-Security-Trio:
- CASB = Tuersteher zur Cloud
- SASE = Cloud-Edge mit Security
- ZTNA = Cloud-VPN mit Per-Session-Check","Acronyms Acronym-Bonus Cloud Drag-Drop PBQ","","","","","2","2","20622","16","500","2","0","1779724748973"
"1779724748974","875e69a6-e9c9-420e-8f2c-5f5c2fdc1535","sy0-701-acronyms-bonus","Acronym-Bonus (ABCD + PBQ)","MATCHING:
Ordne jedes Detection/Response-Acronym seiner Vollform zu.

EDR >> Endpoint Detection and Response
XDR >> Extended Detection and Response
MDR >> Managed Detection and Response
SOAR >> Security Orchestration, Automation, and Response
SIEM >> Security Information and Event Management","EDR = Endpoint Detection and Response
XDR = Extended Detection and Response
MDR = Managed Detection and Response
SOAR = Security Orchestration, Automation, and Response
SIEM = Security Information and Event Management

Eselsbruecke fuer das D&R-Trio:
- EDR = nur Endpoint (E=Endpoint)
- XDR = EDR + alles drumherum (X=eXtended/everything)
- MDR = jemand anderes macht's fuer dich (M=Managed)

Eselsbruecke fuer Korrelation:
- SIEM = sammelt + zeigt Logs (passiv)
- SOAR = handelt automatisch auf Logs (aktiv, Orchestration)","Acronyms Acronym-Bonus SecOps Drag-Drop PBQ","","","","","2","2","20611","5","500","1","0","1779724748974"
"1779724748975","692fc1a3-4f98-4c84-abc5-deef8e6e6b0b","sy0-701-acronyms-bonus","Acronym-Bonus (ABCD + PBQ)","MATCHING:
Ordne jede Resilience-Metrik ihrer Vollform zu.

MTBF >> Mean Time Between Failures
MTTR >> Mean Time To Repair
RTO >> Recovery Time Objective
RPO >> Recovery Point Objective","MTBF = Mean Time Between Failures
MTTR = Mean Time To Repair
RTO = Recovery Time Objective
RPO = Recovery Point Objective

Eselsbruecke RTO vs RPO:
- RTO = wie lange darf ich AUSGEFALLEN sein? (Time)
- RPO = wie viel Datenverlust ist OK? (Point in der Zeit)

Eselsbruecke MTBF vs MTTR:
- MTBF = laeuft wie lange ZWISCHEN Crashes (Between)
- MTTR = wie schnell wieder DA nach Crash (To Repair)

Bezug: hoher MTBF + niedriger MTTR + niedriger RTO + niedriger RPO = sehr resilientes System.","Acronyms Acronym-Bonus Resilience Drag-Drop PBQ","","","","","2","2","20612","5","500","1","0","1779724748975"
"1779724748976","deff6eab-81a2-4516-974e-49cd266c6d8f","sy0-701-acronyms-bonus","Acronym-Bonus (ABCD + PBQ)","MATCHING:
Ordne jedes Email-Authentication-Acronym seiner Vollform zu.

SPF >> Sender Policy Framework
DKIM >> DomainKeys Identified Mail
DMARC >> Domain-based Message Authentication, Reporting & Conformance
S/MIME >> Secure/Multipurpose Internet Mail Extensions","SPF = Sender Policy Framework
DKIM = DomainKeys Identified Mail
DMARC = Domain-based Message Authentication, Reporting & Conformance
S/MIME = Secure/Multipurpose Internet Mail Extensions

Eselsbruecke fuer SPF+DKIM+DMARC (Email-Auth-Stack):
- SPF = Gaesteliste fuer Sender-IPs (welche Server duerfen schicken?)
- DKIM = Domain-Signatur pro Email (Inhalt unveraendert?)
- DMARC = Chef der beiden (was tun bei Fail + Reports)

Eselsbruecke S/MIME:
- S/MIME signiert/verschluesselt jede einzelne Email (End-to-End)
- nicht Teil des SPF-Stacks, sondern Inhalt-Security","Acronyms Acronym-Bonus Email-Security Drag-Drop PBQ","","","","","0","0","0","0","2500","0","0","1779724748976"
"1779724748977","a6b58671-5014-4ad3-b819-14056168b652","sy0-701-acronyms-bonus","Acronym-Bonus (ABCD + PBQ)","MATCHING:
Ordne jede Mobile-Device-Strategie ihrer Vollform zu.

BYOD >> Bring Your Own Device
COPE >> Corporate-Owned, Personally Enabled
CYOD >> Choose Your Own Device
MDM >> Mobile Device Management","BYOD = Bring Your Own Device
COPE = Corporate-Owned, Personally Enabled
CYOD = Choose Your Own Device
MDM = Mobile Device Management

Eselsbruecke Ownership-Spektrum (von wenig zu viel Firmen-Kontrolle):
- BYOD = Mitarbeiter besitzt + zahlt (wenig Kontrolle, hoechstes Risiko)
- CYOD = Firma kauft aus Liste (mittel)
- COPE = Firma besitzt, Privatnutzung erlaubt (hohe Kontrolle)
- COBO (corporate-owned, business-only) = totale Kontrolle (nicht im PDF)

MDM = das Tool, das alle drei Strategien durchsetzt (Policy, Wipe, Encrypt).","Acronyms Acronym-Bonus Mobile Drag-Drop PBQ","","","","","0","0","0","0","2500","0","0","1779724748977"
"1780262916255","acr-casb-role-c8b109ca","sy0-701-acronyms-bonus","Acronym-Bonus (ABCD + PBQ)","In einer Firma nutzen Mitarbeitende Salesforce, M365 und mehrere Schatten-IT-SaaS-Apps. Welches Acronym beschreibt am besten eine Kontrollschicht zwischen Nutzern und Cloud-Apps, die Policies, DLP und Visibility durchsetzt?
A: SASE
B: CASB
C: SBOM
D: SCAP",">> CORRECT: B | CASB = Cloud Access Security Broker

CASB sitzt zwischen Nutzern und Cloud/SaaS-Apps und erzwingt Policies wie DLP, Zugriffskontrolle, Visibility und Shadow-IT-Erkennung.

Merkhilfe: CASB = Cloud-Tuersteher fuer SaaS.","Acronyms Acronym-Bonus Cloud ABCD","","","","","0","0","0","0","2500","0","0","1780262916255"
"1780262916256","acr-sase-vs-ztna-44454d55","sy0-701-acronyms-bonus","Acronym-Bonus (ABCD + PBQ)","Ein Anbieter buendelt SD-WAN, Secure Web Gateway, CASB, FWaaS und ZTNA als Cloud-Edge-Service. Welches Acronym beschreibt dieses Architekturmodell?
A: ZTNA
B: SASE
C: EDR
D: TAXII",">> CORRECT: B | SASE = Secure Access Service Edge

SASE ist das Cloud-Edge-Modell, das Netzwerk-Connectivity und Security-Services zusammenbringt. ZTNA ist ein Baustein darin, nicht das ganze Modell.

Merkhilfe: SASE = Security + Access am Edge.","Acronyms Acronym-Bonus Cloud ABCD","","","","","0","0","0","0","2500","0","0","1780262916256"
"1780262916257","acr-ztna-vpn-38c325e6","sy0-701-acronyms-bonus","Acronym-Bonus (ABCD + PBQ)","Ein Unternehmen will den klassischen VPN-Tunnel ersetzen. Nutzer bekommen keinen pauschalen Netz-Zugang mehr, sondern pro App eine identitaets- und kontextbasierte Session. Welches Acronym passt?
A: ZTNA
B: MDR
C: DKIM
D: MTBF",">> CORRECT: A | ZTNA = Zero Trust Network Access

ZTNA prueft Identitaet, Kontext, Geraetezustand und Policy pro Zugriff. Anders als klassisches VPN vertraut es nicht dem Netzwerkstandort.

Merkhilfe: ZTNA = kein Netzvertrauen, App-Zugriff pro Entscheidung.","Acronyms Acronym-Bonus Cloud Zero Trust ABCD","","","","","0","0","0","0","2500","0","0","1780262916257"
"1780262916258","acr-sbom-94bafd0d","sy0-701-acronyms-bonus","Acronym-Bonus (ABCD + PBQ)","Nach einer Supply-Chain-Luecke fragt der CISO: 'Welche unserer Produkte enthalten die betroffene OpenSSL-Version?' Welches Artefakt hilft direkt?
A: STIX
B: SBOM
C: DMARC
D: RPO",">> CORRECT: B | SBOM = Software Bill of Materials

Eine SBOM listet Komponenten, Libraries und Versionen eines Softwareprodukts. Damit kann man nach einer CVE schnell betroffene Produkte finden.

Merkhilfe: SBOM = Zutatenliste fuer Software.","Acronyms Acronym-Bonus Supply Chain ABCD","","","","","0","0","0","0","2500","0","0","1780262916258"
"1780262916259","acr-sed-8af0f89e","sy0-701-acronyms-bonus","Acronym-Bonus (ABCD + PBQ)","Ein Laptop soll Daten at rest schuetzen, ohne dass die CPU jede Schreiboperation softwareseitig verschluesseln muss. Welches Acronym passt?
A: SED
B: SASE
C: SOAR
D: SPF",">> CORRECT: A | SED = Self-Encrypting Drive

Eine SED verschluesselt Daten direkt im Laufwerk. Das schuetzt Daten at rest, besonders bei Verlust oder Diebstahl des Geraets.

Merkhilfe: SED = Drive verschluesselt sich selbst.","Acronyms Acronym-Bonus Data Protection ABCD","","","","","0","0","0","0","2500","0","0","1780262916259"
"1780262916260","acr-stix-taxii-9f5bf4d4","sy0-701-acronyms-bonus","Acronym-Bonus (ABCD + PBQ)","Ein SOC will Indicators of Compromise strukturiert mit einem Partner teilen. Welches Paar steht fuer Threat-Intel-Datenformat und Transportmechanismus?
A: SPF und DKIM
B: STIX und TAXII
C: MTBF und MTTR
D: IaaS und PaaS",">> CORRECT: B | STIX = Structured Threat Information eXpression, TAXII = Trusted Automated eXchange of Intelligence Information

STIX beschreibt Threat-Intel-Objekte wie IoCs, Kampagnen und TTPs. TAXII ist der Austausch-/Transportstandard dafuer.

Merkhilfe: STIX beschreibt, TAXII transportiert.","Acronyms Acronym-Bonus Threat Intel ABCD","","","","","0","0","0","0","2500","0","0","1780262916260"
"1780262916261","acr-soar-siem-88048260","sy0-701-acronyms-bonus","Acronym-Bonus (ABCD + PBQ)","Ein SIEM korreliert Alerts. Danach soll ein Playbook automatisch ein Ticket erstellen, den Host isolieren und den User deaktivieren. Welches Acronym beschreibt diese Automatisierungsschicht?
A: SOAR
B: CASB
C: S/MIME
D: RTO",">> CORRECT: A | SOAR = Security Orchestration, Automation, and Response

SIEM sammelt und korreliert Logs. SOAR fuehrt Response-Workflows aus und orchestriert Tools wie EDR, IAM und Ticketing.

Merkhilfe: SIEM sieht, SOAR handelt.","Acronyms Acronym-Bonus SecOps ABCD","","","","","0","0","0","0","2500","0","0","1780262916261"
"1780262916262","acr-edr-xdr-mdr-0c81bfff","sy0-701-acronyms-bonus","Acronym-Bonus (ABCD + PBQ)","Ein Anbieter uebernimmt 24/7 Detection und Response fuer deine Umgebung als Dienstleistung. Welches Acronym beschreibt den Managed-Service-Aspekt?
A: EDR
B: XDR
C: MDR
D: MDM",">> CORRECT: C | MDR = Managed Detection and Response

EDR fokussiert Endpoints. XDR erweitert Detection ueber mehrere Quellen. MDR bedeutet: ein externer Anbieter betreibt Detection/Response fuer dich.

Merkhilfe: MDR = Managed, also jemand anderes betreibt es.","Acronyms Acronym-Bonus SecOps ABCD","","","","","0","0","0","0","2500","0","0","1780262916262"
"1780262916263","acr-rto-rpo-ae93c0f2","sy0-701-acronyms-bonus","Acronym-Bonus (ABCD + PBQ)","Ein Business-Service darf maximal 30 Minuten Daten verlieren, auch wenn der Restore laenger dauert. Welches Acronym beschreibt diese Datenverlust-Grenze?
A: RTO
B: RPO
C: MTTR
D: MTBF",">> CORRECT: B | RPO = Recovery Point Objective

RPO beschreibt, bis zu welchem Zeitpunkt Daten wiederherstellbar sein muessen, also die maximal tolerierte Datenverlust-Zeit. RTO beschreibt dagegen die maximale Ausfallzeit.

Merkhilfe: RPO = Point in der Zeit, RTO = Time bis Dienst wieder da.","Acronyms Acronym-Bonus Resilience ABCD","","","","","0","0","0","0","2500","0","0","1780262916263"
"1780262916264","acr-mtbf-mttr-e4811ef4","sy0-701-acronyms-bonus","Acronym-Bonus (ABCD + PBQ)","Ein Team misst, wie lange es durchschnittlich dauert, einen ausgefallenen Service wiederherzustellen. Welches Acronym ist gemeint?
A: MTBF
B: MTTR
C: RPO
D: SCAP",">> CORRECT: B | MTTR = Mean Time To Repair / Restore

MTTR misst die durchschnittliche Reparatur- oder Wiederherstellungszeit. MTBF misst die durchschnittliche Zeit zwischen Ausfaellen.

Merkhilfe: MTTR = Repair, MTBF = Between Failures.","Acronyms Acronym-Bonus Resilience ABCD","","","","","0","0","0","0","2500","0","0","1780262916264"
"1780262916265","acr-dmarc-eb20014e","sy0-701-acronyms-bonus","Acronym-Bonus (ABCD + PBQ)","Eine Domain will festlegen, was empfangende Mailserver tun sollen, wenn SPF oder DKIM fehlschlagen, und Reports erhalten. Welches Acronym passt?
A: DMARC
B: S/MIME
C: SED
D: XDR",">> CORRECT: A | DMARC = Domain-based Message Authentication, Reporting and Conformance

DMARC baut auf SPF und DKIM auf. Es definiert Policy (none/quarantine/reject) und Reporting fuer fehlgeschlagene E-Mail-Authentifizierung.

Merkhilfe: DMARC = Chef ueber SPF/DKIM plus Reports.","Acronyms Acronym-Bonus Email-Security ABCD","","","","","0","0","0","0","2500","0","0","1780262916265"
"1780262916266","acr-mobile-control-2170308e","sy0-701-acronyms-bonus","Acronym-Bonus (ABCD + PBQ)","Ein Unternehmen besitzt die Smartphones, erlaubt aber private Nutzung innerhalb klarer Policies. Welches Mobile-Ownership-Modell ist das?
A: BYOD
B: CYOD
C: COPE
D: MDM",">> CORRECT: C | COPE = Corporate-Owned, Personally Enabled

Bei COPE besitzt die Firma das Geraet, erlaubt aber private Nutzung. BYOD gehoert dem Mitarbeiter, CYOD ist Auswahl aus Firmenliste, MDM ist das Management-Tool.

Merkhilfe: COPE = Company owns, Personal enabled.","Acronyms Acronym-Bonus Mobile ABCD","","","","","0","0","0","0","2500","0","0","1780262916266"
"1780262916267","acr-order-xaas-a45367cd","sy0-701-acronyms-bonus","Acronym-Bonus (ABCD + PBQ)","ORDERING:
Sortiere die Cloud-Service-Modelle von MEIST kundenverwalteter Verantwortung zu WENIGST kundenverwalteter Verantwortung.

1) IaaS
2) PaaS
3) SaaS","CORRECT_ORDER: 1,2,3

IaaS gibt dir Infrastruktur; du verwaltest OS, Runtime, App und Daten. PaaS nimmt dir OS/Runtime grossteils ab; du verwaltest vor allem App und Daten. SaaS ist fertige Software; du verwaltest primär Identitaeten, Datenklassifikation, Konfiguration und Nutzung.

Merkhilfe: IaaS = ich baue, PaaS = ich deploye, SaaS = ich nutze.","Acronyms Acronym-Bonus Cloud PBQ Ordering","","","","","0","0","0","0","2500","0","0","1780262916267"
"1780262916268","acr-order-mobile-bedc94a1","sy0-701-acronyms-bonus","Acronym-Bonus (ABCD + PBQ)","ORDERING:
Sortiere die Mobile-Device-Strategien von WENIG Firmenkontrolle zu MEHR Firmenkontrolle.

1) BYOD
2) CYOD
3) COPE","CORRECT_ORDER: 1,2,3

BYOD gehoert dem Mitarbeiter und gibt der Firma am wenigsten Kontrolle. CYOD begrenzt die Auswahl auf genehmigte Geraete. COPE gehoert der Firma, erlaubt aber private Nutzung und gibt deutlich mehr Policy-Kontrolle.

Merkhilfe: Own Device -> Choose Device -> Corporate-Owned.","Acronyms Acronym-Bonus Mobile PBQ Ordering","","","","","0","0","0","0","2500","0","0","1780262916268"